<?xml version="1.0" encoding="UTF-8"?>

<Profile xmlns="http://hl7.org/fhir">
  <id value="id"/>
  <text>
    <status value="generated"/>
    <div xmlns="http://www.w3.org/1999/xhtml">to do</div>
  </text>
  <url value="http://hl7.org/fhir/Profile/id"/>
  <name value="id"/>
  <publisher value="HL7 FHIR Standard"/>
  <telecom>
    <system value="url"/>
    <value value="http://hl7.org/fhir"/>
  </telecom>
  <description value="Base Profile for id Resource: Any combination of lowercase letters, numerals, &quot;-&quot; and &quot;.&quot;, with a length limit of 36 characters.  (This might be an integer, an unprefixed OID, UUID or any other identifier pattern that meets these constraints.)  Systems SHALL send ids as lower-case but SHOULD interpret them case-insensitively."/>
  <status value="draft"/>
  <date value="2014-12-30T10:55:31"/>
  <type value="id"/>
  <base value="http://hl7.org/fhir/Profile/Element"/>
  <snapshot>
    <element>
      <path value="id"/>
      <short value="Primitive Type id"/>
      <formal value="Any combination of lowercase letters, numerals, &quot;-&quot; and &quot;.&quot;, with a length limit of 36 characters.  (This might be an integer, an unprefixed OID, UUID or any other identifier pattern that meets these constraints.)  Systems SHALL send ids as lower-case but SHOULD interpret them case-insensitively."/>
      <comments value="RFC 4122"/>
      <min value="0"/>
      <max value="*"/>
      <type>
        <code value="Element"/>
      </type>
    </element>
    <element>
      <path value="id.extension"/>
      <short value="Additional Content defined by implementations"/>
      <formal value="May be used to represent additional information that is not part of the basic definition of the resource. In order to make the use of extensions safe and manageable, there is a strict set of governance  applied to the definition and use of extensions. Though any implementer is allowed to define an extension, there is a set of requirements that SHALL be met as part of the definition of the extension."/>
      <comments value="There can be no stigma associated with the use of extensions by any application, project, or standard - regardless of the institution or jurisdiction that uses or defines the extensions.  The use of extensions is what allows the FHIR specification to retain a core level of simplicity for everyone."/>
      <synonym value="extensions"/>
      <synonym value="user content"/>
      <min value="0"/>
      <max value="*"/>
      <type>
        <code value="Extension"/>
      </type>
      <isSummary value="false"/>
    </element>
    <element>
      <path value="value"/>
      <representation value="xmlAttr"/>
      <short value="Primitive value for id"/>
      <min value="0"/>
      <max value="1"/>
      <type>
        <code value="xsd:string"/>
      </type>
    </element>
  </snapshot>
  <differential>
    <element>
      <path value="id"/>
      <short value="Primitive Type id"/>
      <formal value="Any combination of lowercase letters, numerals, &quot;-&quot; and &quot;.&quot;, with a length limit of 36 characters.  (This might be an integer, an unprefixed OID, UUID or any other identifier pattern that meets these constraints.)  Systems SHALL send ids as lower-case but SHOULD interpret them case-insensitively."/>
      <comments value="RFC 4122"/>
      <min value="0"/>
      <max value="*"/>
      <type>
        <code value="Element"/>
      </type>
    </element>
    <element>
      <path value="value"/>
      <representation value="xmlAttr"/>
      <short value="Primitive value for id"/>
      <min value="0"/>
      <max value="1"/>
      <type>
        <code value="xsd:string"/>
      </type>
    </element>
  </differential>
</Profile>