<?xml version="1.0" encoding="UTF-8"?>

<OperationDefinition xmlns="http://hl7.org/fhir">
  <id value="ConceptMap-closure"/>
  <text>
    <status value="generated"/>
    <div xmlns="http://www.w3.org/1999/xhtml">
      <h2>Closure Table Maintenance</h2>
      <p>OPERATION: closure</p>
      <div>
        <p>This operation provides support for ongoing maintenance of a client-side closure table based on server-side terminological logic. For details of how this is used, see 
          <a href="terminology-service.html#closure">Maintaining a Closure Table</a>
        </p>

      </div>
      <p>URL: [base]/$closure</p>
      <p>Parameters</p>
      <table class="grid">
        <tr>
          <td>
            <b>Use</b>
          </td>
          <td>
            <b>Name</b>
          </td>
          <td>
            <b>Cardinality</b>
          </td>
          <td>
            <b>Type</b>
          </td>
          <td>
            <b>Documentation</b>
          </td>
        </tr>
        <tr>
          <td>IN</td>
          <td>name</td>
          <td>1..1</td>
          <td>string</td>
          <td>
            <div>
              <p>The name that defines the particular context for the subsumption based closure table</p>

            </div>
          </td>
        </tr>
        <tr>
          <td>IN</td>
          <td>concept</td>
          <td>0..*</td>
          <td>Coding</td>
          <td>
            <div>
              <p>Concepts to add to the closure table</p>

            </div>
          </td>
        </tr>
        <tr>
          <td>IN</td>
          <td>version</td>
          <td>0..1</td>
          <td>id</td>
          <td>
            <div>
              <p>A request to resynchronise - request to send all new entries since the nominated version was sent by the server</p>

            </div>
          </td>
        </tr>
        <tr>
          <td>OUT</td>
          <td>return</td>
          <td>1..1</td>
          <td>ConceptMap</td>
          <td>
            <div>
              <p>A list of new entries (code / system --&gt; code/system) that the client should add to it&#39;s closure table. The only kind of entry mapping equivalences that can be returned are equal, narrower, wider, and unmatched</p>

            </div>
          </td>
        </tr>
      </table>
    </div>
  </text>
  <identifier value="http://hl7.org/fhir/OperationDefinition/ConceptMap-closure"/>
  <title value="Closure Table Maintenance"/>
  <publisher value="HL7 (FHIR Project)"/>
  <telecom>
    <system value="url"/>
    <value value="http://hl7.org/fhir"/>
  </telecom>
  <telecom>
    <system value="email"/>
    <value value="fhir@lists.hl7.org"/>
  </telecom>
  <description value="This operation provides support for ongoing maintenance of a client-side closure table based on server-side terminological logic. For details of how this is used, see [Maintaining a Closure Table](terminology-service.html#closure)"/>
  <status value="draft"/>
  <date value="2014-12-30T10:55:31"/>
  <kind value="operation"/>
  <name value="closure"/>
  <system value="true"/>
  <instance value="false"/>
  <parameter>
    <name value="name"/>
    <use value="in"/>
    <min value="1"/>
    <max value="1"/>
    <documentation value="The name that defines the particular context for the subsumption based closure table"/>
    <type value="string"/>
  </parameter>
  <parameter>
    <name value="concept"/>
    <use value="in"/>
    <min value="0"/>
    <max value="*"/>
    <documentation value="Concepts to add to the closure table"/>
    <type value="Coding"/>
  </parameter>
  <parameter>
    <name value="version"/>
    <use value="in"/>
    <min value="0"/>
    <max value="1"/>
    <documentation value="A request to resynchronise - request to send all new entries since the nominated version was sent by the server"/>
    <type value="id"/>
  </parameter>
  <parameter>
    <name value="return"/>
    <use value="out"/>
    <min value="1"/>
    <max value="1"/>
    <documentation value="A list of new entries (code / system --&gt; code/system) that the client should add to it&#39;s closure table. The only kind of entry mapping equivalences that can be returned are equal, narrower, wider, and unmatched"/>
    <type value="ConceptMap"/>
  </parameter>
</OperationDefinition>