<?xml version="1.0" encoding="UTF-8"?>

<OperationDefinition xmlns="http://hl7.org/fhir">
  <id value="ConceptMap-translate"/>
  <text>
    <status value="generated"/>
    <div xmlns="http://www.w3.org/1999/xhtml">
      <h2>Concept Translation</h2>
      <p>OPERATION: translate</p>
      <div>
        <p>Translate a code from one value set to another, based on the existing value set and concept maps resources, and/or other additional knowledge available to the server. || One (and only one) of the in parameters (code, coding, codeableConcept) must be provided, to identify the code that is to be translated.  || The outcome is an operationOutcome with hints, warnings, or errors, or the translated code in an extension</p>

      </div>
      <p>URL: [base]/ConceptMap/$translate</p>
      <p>URL: [base]/ConceptMap/[id]/$translate</p>
      <p>Parameters</p>
      <table class="grid">
        <tr>
          <td>
            <b>Use</b>
          </td>
          <td>
            <b>Name</b>
          </td>
          <td>
            <b>Cardinality</b>
          </td>
          <td>
            <b>Type</b>
          </td>
          <td>
            <b>Documentation</b>
          </td>
        </tr>
        <tr>
          <td>IN</td>
          <td>code</td>
          <td>0..1</td>
          <td>code</td>
          <td>
            <div>
              <p>The code that is to be translated. If a code is provided, a system must be provided</p>

            </div>
          </td>
        </tr>
        <tr>
          <td>IN</td>
          <td>system</td>
          <td>0..1</td>
          <td>uri</td>
          <td>
            <div>
              <p>The system for the code that is to be translated</p>

            </div>
          </td>
        </tr>
        <tr>
          <td>IN</td>
          <td>version</td>
          <td>0..1</td>
          <td>string</td>
          <td>
            <div>
              <p>The version of the system, if one was provided in the source data</p>

            </div>
          </td>
        </tr>
        <tr>
          <td>IN</td>
          <td>valueSet</td>
          <td>0..1</td>
          <td>uri</td>
          <td>
            <div>
              <p>Identifies the value set used when the concept (system/code pair) was chosen. May be a logical id, or an absolute or relative location</p>

            </div>
          </td>
        </tr>
        <tr>
          <td>IN</td>
          <td>coding</td>
          <td>0..1</td>
          <td>Coding</td>
          <td>
            <div>
              <p>A coding to translate</p>

            </div>
          </td>
        </tr>
        <tr>
          <td>IN</td>
          <td>codeableConcept</td>
          <td>0..1</td>
          <td>CodeableConcept</td>
          <td>
            <div>
              <p>A full codeableConcept to validate. The server can translate any of the coding values as it chooses</p>

            </div>
          </td>
        </tr>
        <tr>
          <td>IN</td>
          <td>target</td>
          <td>1..1</td>
          <td>uri</td>
          <td>
            <div>
              <p>Identifies the value set in which a translation is sought. May be a logical id, or an absolute or relative location</p>

            </div>
          </td>
        </tr>
        <tr>
          <td>OUT</td>
          <td>result</td>
          <td>1..1</td>
          <td>boolean</td>
          <td>
            <div>
              <p>True if the concept could be translated</p>

            </div>
          </td>
        </tr>
        <tr>
          <td>OUT</td>
          <td>message</td>
          <td>0..1</td>
          <td>string</td>
          <td>
            <div>
              <p>Error details, if result = false. If this is provided when result = true, the message carries hints and wanrings</p>

            </div>
          </td>
        </tr>
        <tr>
          <td>OUT</td>
          <td>outcome</td>
          <td>0..1</td>
          <td>Coding</td>
          <td>
            <div>
              <p>The translation outcome</p>

            </div>
          </td>
        </tr>
      </table>
    </div>
  </text>
  <identifier value="http://hl7.org/fhir/OperationDefinition/ConceptMap-translate"/>
  <title value="Concept Translation"/>
  <publisher value="HL7 (FHIR Project)"/>
  <telecom>
    <system value="url"/>
    <value value="http://hl7.org/fhir"/>
  </telecom>
  <telecom>
    <system value="email"/>
    <value value="fhir@lists.hl7.org"/>
  </telecom>
  <description value="Translate a code from one value set to another, based on the existing value set and concept maps resources, and/or other additional knowledge available to the server. || One (and only one) of the in parameters (code, coding, codeableConcept) must be provided, to identify the code that is to be translated.  || The outcome is an operationOutcome with hints, warnings, or errors, or the translated code in an extension"/>
  <status value="draft"/>
  <date value="2014-12-30T10:55:31"/>
  <kind value="operation"/>
  <name value="translate"/>
  <system value="false"/>
  <type value="ConceptMap"/>
  <instance value="true"/>
  <parameter>
    <name value="code"/>
    <use value="in"/>
    <min value="0"/>
    <max value="1"/>
    <documentation value="The code that is to be translated. If a code is provided, a system must be provided"/>
    <type value="code"/>
  </parameter>
  <parameter>
    <name value="system"/>
    <use value="in"/>
    <min value="0"/>
    <max value="1"/>
    <documentation value="The system for the code that is to be translated"/>
    <type value="uri"/>
  </parameter>
  <parameter>
    <name value="version"/>
    <use value="in"/>
    <min value="0"/>
    <max value="1"/>
    <documentation value="The version of the system, if one was provided in the source data"/>
    <type value="string"/>
  </parameter>
  <parameter>
    <name value="valueSet"/>
    <use value="in"/>
    <min value="0"/>
    <max value="1"/>
    <documentation value="Identifies the value set used when the concept (system/code pair) was chosen. May be a logical id, or an absolute or relative location"/>
    <type value="uri"/>
  </parameter>
  <parameter>
    <name value="coding"/>
    <use value="in"/>
    <min value="0"/>
    <max value="1"/>
    <documentation value="A coding to translate"/>
    <type value="Coding"/>
  </parameter>
  <parameter>
    <name value="codeableConcept"/>
    <use value="in"/>
    <min value="0"/>
    <max value="1"/>
    <documentation value="A full codeableConcept to validate. The server can translate any of the coding values as it chooses"/>
    <type value="CodeableConcept"/>
  </parameter>
  <parameter>
    <name value="target"/>
    <use value="in"/>
    <min value="1"/>
    <max value="1"/>
    <documentation value="Identifies the value set in which a translation is sought. May be a logical id, or an absolute or relative location"/>
    <type value="uri"/>
  </parameter>
  <parameter>
    <name value="result"/>
    <use value="out"/>
    <min value="1"/>
    <max value="1"/>
    <documentation value="True if the concept could be translated"/>
    <type value="boolean"/>
  </parameter>
  <parameter>
    <name value="message"/>
    <use value="out"/>
    <min value="0"/>
    <max value="1"/>
    <documentation value="Error details, if result = false. If this is provided when result = true, the message carries hints and wanrings"/>
    <type value="string"/>
  </parameter>
  <parameter>
    <name value="outcome"/>
    <use value="out"/>
    <min value="0"/>
    <max value="1"/>
    <documentation value="The translation outcome"/>
    <type value="Coding"/>
  </parameter>
</OperationDefinition>