<?xml version="1.0" encoding="UTF-8"?>

<StatusResponse xmlns="http://hl7.org/fhir">
  <id value="SR2500"/>
  <text>
    <status value="generated"/>
    <div xmlns="http://www.w3.org/1999/xhtml">A human-readable rendering of the ExplanationOfBenefit</div>
  </text>
  <identifier>
    <system value="http://www.BenefitsInc.com/fhir/statusresponse"/>
    <value value="881234"/>
  </identifier>
  <request>
    <reference value="http://www.BenefitsInc.com/fhir/eligibility/225476332402"/>
  </request>
  <outcome>
    <system value="http://www.hl7.org/fhir/processoutcomecodes"/>
    <code value="complete"/>
  </outcome>
  <disposition value="Specified coverage is currently in-force."/>
  <created value="2014-08-16"/>
  <organization>
    <reference value="Organization/2"/>
  </organization>
  <requestOrganization>
    <reference value="Organization/1"/>
  </requestOrganization>
</StatusResponse>