<?xml version="1.0" encoding="UTF-8"?>

<Profile xmlns="http://hl7.org/fhir">
  <id value="xds-documentreference"/>
  <text>
    <status value="generated"/>
    <div xmlns="http://www.w3.org/1999/xhtml">to do</div>
  </text>
  <url value="http://hl7.org/fhir/Profile/xds-documentreference"/>
  <name value="XDS profile for Document Reference"/>
  <publisher value="HL7"/>
  <telecom>
    <system value="url"/>
    <value value="http://www.hl7.org"/>
  </telecom>
  <description value="XDSDocumentEntry"/>
  <status value="draft"/>
  <date value="2012-06-24"/>
  <type value="DocumentReference"/>
  <base value="http://hl7.org/fhir/Profile/DocumentReference"/>
  <snapshot>
    <element>
      <path value="DocumentReference"/>
      <name value="DocumentReference"/>
      <short value="XDSDocumentEntry"/>
      <formal value="A reference to a document."/>
      <comments value="Usually, this is used for documents other than those defined by FHIR."/>
      <min value="1"/>
      <max value="1"/>
      <constraint>
        <key value="1"/>
        <name value="Location"/>
        <severity value="error"/>
        <human value="A location or a service (or both) SHALL be provided"/>
        <xpath value="exists(f:location) or exists(f:service)"/>
      </constraint>
      <isSummary value="false"/>
      <mapping>
        <identity value="rim"/>
        <map value="Document[classCode=&quot;DOC&quot; and moodCode=&quot;EVN&quot;]"/>
      </mapping>
      <mapping>
        <identity value="rim"/>
        <map value="Document[classCode=&quot;DOC&quot; and moodCode=&quot;EVN&quot;]"/>
      </mapping>
    </element>
    <element>
      <path value="DocumentReference.id"/>
      <short value="Logical id of this artefact"/>
      <formal value="The logical id of the resource, as used in the url for the resoure. Once assigned, this value never changes."/>
      <comments value="The only time that a resource does not have an id is when it is being submitted to the server using a create operation. Bundles always have an id, though it is usually a generated UUID."/>
      <min value="0"/>
      <max value="1"/>
      <type>
        <code value="id"/>
      </type>
      <isSummary value="false"/>
    </element>
    <element>
      <path value="DocumentReference.meta"/>
      <short value="Metadata about the resource"/>
      <formal value="The metadata about the resource. This is content that is maintained by the infrastructure. Changes to the content may not always be associated with version changes to the resource."/>
      <min value="0"/>
      <max value="1"/>
      <isSummary value="false"/>
    </element>
    <element>
      <path value="DocumentReference.meta.id"/>
      <representation value="xmlAttr"/>
      <short value="xml:id (or equivalent in JSON)"/>
      <formal value="unique id for the element within a resource (for internal references)."/>
      <min value="0"/>
      <max value="1"/>
      <type>
        <code value="id"/>
      </type>
      <isSummary value="false"/>
      <mapping>
        <identity value="rim"/>
        <map value="n/a"/>
      </mapping>
      <mapping>
        <identity value="rim"/>
        <map value="n/a"/>
      </mapping>
    </element>
    <element>
      <path value="DocumentReference.meta.extension"/>
      <short value="Additional Content defined by implementations"/>
      <formal value="May be used to represent additional information that is not part of the basic definition of the element. In order to make the use of extensions safe and manageable, there is a strict set of governance  applied to the definition and use of extensions. Though any implementer is allowed to define an extension, there is a set of requirements that SHALL be met as part of the definition of the extension."/>
      <comments value="There can be no stigma associated with the use of extensions by any application, project, or standard - regardless of the institution or jurisdiction that uses or defines the extensions.  The use of extensions is what allows the FHIR specification to retain a core level of simplicity for everyone."/>
      <synonym value="extensions"/>
      <synonym value="user content"/>
      <min value="0"/>
      <max value="*"/>
      <type>
        <code value="Extension"/>
      </type>
      <isSummary value="false"/>
      <mapping>
        <identity value="rim"/>
        <map value="n/a"/>
      </mapping>
      <mapping>
        <identity value="rim"/>
        <map value="n/a"/>
      </mapping>
    </element>
    <element>
      <path value="DocumentReference.meta.modifierExtension"/>
      <short value="Extensions that cannot be ignored"/>
      <formal value="May be used to represent additional information that is not part of the basic definition of the element, and that modifies the understanding of the element that contains it. Usually modifier elements provide negation or qualification. In order to make the use of extensions safe and manageable, there is a strict set of governance applied to the definition and use of extensions. Though any implementer is allowed to define an extension, there is a set of requirements that SHALL be met as part of the definition of the extension. Applications processing a resource are required to check for modifier extensions."/>
      <comments value="There can be no stigma associated with the use of extensions by any application, project, or standard - regardless of the institution or jurisdiction that uses or defines the extensions.  The use of extensions is what allows the FHIR specification to retain a core level of simplicity for everyone."/>
      <synonym value="extensions"/>
      <synonym value="user content"/>
      <synonym value="modifiers"/>
      <min value="0"/>
      <max value="*"/>
      <type>
        <code value="Extension"/>
      </type>
      <isSummary value="false"/>
      <mapping>
        <identity value="rim"/>
        <map value="N/A"/>
      </mapping>
      <mapping>
        <identity value="rim"/>
        <map value="N/A"/>
      </mapping>
    </element>
    <element>
      <path value="DocumentReference.meta.versionId"/>
      <short value="Version specific identifier"/>
      <formal value="The version specific identifier, as it appears in the version portion of the url. This values changes when the resource is created, updated, or deleted."/>
      <comments value="The server assigns this value, and ignores what the client specifies, except in the case that the server is imposing version integrity on updates/deletes."/>
      <min value="0"/>
      <max value="1"/>
      <type>
        <code value="id"/>
      </type>
      <isSummary value="false"/>
    </element>
    <element>
      <path value="DocumentReference.meta.lastUpdated"/>
      <short value="When the resource version last changed"/>
      <formal value="When the resource last changed - e.g. when the version changed."/>
      <comments value="This value is always populated except when the resource is first being created. The server / resource manager sets this value; what a client provides is irrelevant."/>
      <min value="0"/>
      <max value="1"/>
      <type>
        <code value="instant"/>
      </type>
      <isSummary value="false"/>
    </element>
    <element>
      <path value="DocumentReference.meta.profile"/>
      <short value="Profiles this resource claims to conform to"/>
      <formal value="A list of profiles that this resource claims to conform to. The URL is a reference to Profile.url."/>
      <comments value="It is up to the server and/or other infrastruture of policy to determine whether/how these claims are verified and/or updated over tiem."/>
      <min value="0"/>
      <max value="*"/>
      <type>
        <code value="uri"/>
      </type>
      <isSummary value="false"/>
    </element>
    <element>
      <path value="DocumentReference.meta.security"/>
      <short value="Security Labels applied to this resource"/>
      <formal value="Security labels applied to this resource. These tags connect specific resources to the overall security policy and infrastructure."/>
      <comments value="The security labels can be updated without changing the stated version of the resource."/>
      <min value="0"/>
      <max value="*"/>
      <type>
        <code value="Coding"/>
      </type>
      <isSummary value="false"/>
    </element>
    <element>
      <path value="DocumentReference.meta.tag"/>
      <short value="Tags applied"/>
      <formal value="Tags applied to this resource. Tags are intended to to be used to identify and relate resources to process and workflow, and applications are not required to consider the tags when interpreting the meaning of a resource."/>
      <comments value="The tags can be updated without changing the stated version of the resource."/>
      <min value="0"/>
      <max value="*"/>
      <type>
        <code value="Coding"/>
      </type>
      <isSummary value="false"/>
    </element>
    <element>
      <path value="DocumentReference.implicitRules"/>
      <short value="A set of rules under which this content was created"/>
      <formal value="A reference to a set of rules that were followed when the resource was constructed, and which must be understood when processing the content."/>
      <comments value="Asserting this rule set restricts the content to be only understood by a limited set of trading partners. This inherently limits the usefulness of the data in the long term. However the existing health eco-system is highly fractured, and not yet ready to define, collect, and exchange data in a generally computable sense. Wherever possible, implementers and/or specification writers should avoid using this element as much as possible."/>
      <min value="0"/>
      <max value="1"/>
      <type>
        <code value="uri"/>
      </type>
      <isModifier value="true"/>
      <isSummary value="false"/>
    </element>
    <element>
      <path value="DocumentReference.language"/>
      <short value="Language of the resource content"/>
      <formal value="The base language in which the resource is written."/>
      <comments value="Language is provided to support indexing and accessibility (typically, services such as text to speech use the language tag). The html language tag in the narrative applies  to the narrative. The language tag on the resource may be used to specify the language of other presentations generated from the data in the resource

Not all the content has to be in the base language. The Resource.language should not be assumed to apply to the narrative automatically. If a language is specified, it should it also be specified on the div element in the html (see rules in HTML5 for information about the relationship between xml:lang and the html lang attribute)."/>
      <min value="0"/>
      <max value="1"/>
      <type>
        <code value="code"/>
      </type>
      <isSummary value="false"/>
      <binding>
        <name value="Language"/>
        <isExtensible value="false"/>
        <conformance value="required"/>
        <description value="A human language"/>
        <referenceUri value="http://tools.ietf.org/html/bcp47"/>
      </binding>
    </element>
    <element>
      <path value="DocumentReference.text"/>
      <short value="Text summary of the resource, for human interpretation"/>
      <formal value="A human-readable narrative that contains a summary of the resource, and may be used to represent the content of the resource to a human. The narrative need not encode all the structured data, but is required to contain sufficient detail to make it &quot;clinically safe&quot; for a human to just read the narrative. Resource definitions may define what content should be represented in the narrative to ensure clinical safety."/>
      <comments value="Contained resources do not have narrative. Resources that are not contained SHOULD have a narrative."/>
      <synonym value="narrative"/>
      <synonym value="html"/>
      <synonym value="xhtml"/>
      <synonym value="display"/>
      <min value="0"/>
      <max value="1"/>
      <type>
        <code value="Narrative"/>
      </type>
      <condition value="1"/>
      <isSummary value="false"/>
      <mapping>
        <identity value="rim"/>
        <map value="Act.text?"/>
      </mapping>
      <mapping>
        <identity value="rim"/>
        <map value="Act.text?"/>
      </mapping>
    </element>
    <element>
      <path value="DocumentReference.contained"/>
      <short value="Contained, inline Resources"/>
      <formal value="These resources do not have an independent existence apart from the resource that contains them - they cannot be identified independently, and nor can they have their own independent transaction scope."/>
      <comments value="This should never be done when the content can be identified properly, as once identification is lost, it is extremely difficult (and context dependent) to restore it again."/>
      <synonym value="inline resources"/>
      <synonym value="anonymous resources"/>
      <synonym value="contained resources"/>
      <min value="0"/>
      <max value="*"/>
      <type>
        <code value="Resource"/>
      </type>
      <isSummary value="false"/>
      <mapping>
        <identity value="rim"/>
        <map value="N/A"/>
      </mapping>
      <mapping>
        <identity value="rim"/>
        <map value="N/A"/>
      </mapping>
    </element>
    <element>
      <path value="DocumentReference.extension"/>
      <short value="Additional Content defined by implementations"/>
      <formal value="May be used to represent additional information that is not part of the basic definition of the resource. In order to make the use of extensions safe and manageable, there is a strict set of governance  applied to the definition and use of extensions. Though any implementer is allowed to define an extension, there is a set of requirements that SHALL be met as part of the definition of the extension."/>
      <comments value="There can be no stigma associated with the use of extensions by any application, project, or standard - regardless of the institution or jurisdiction that uses or defines the extensions.  The use of extensions is what allows the FHIR specification to retain a core level of simplicity for everyone."/>
      <synonym value="extensions"/>
      <synonym value="user content"/>
      <min value="0"/>
      <max value="*"/>
      <type>
        <code value="Extension"/>
      </type>
      <isSummary value="false"/>
      <mapping>
        <identity value="rim"/>
        <map value="N/A"/>
      </mapping>
      <mapping>
        <identity value="rim"/>
        <map value="N/A"/>
      </mapping>
    </element>
    <element>
      <path value="DocumentReference.modifierExtension"/>
      <short value="Extensions that cannot be ignored"/>
      <formal value="May be used to represent additional information that is not part of the basic definition of the resource, and that modifies the understanding of the element that contains it. Usually modifier elements provide negation or qualification. In order to make the use of extensions safe and manageable, there is a strict set of governance applied to the definition and use of extensions. Though any implementer is allowed to define an extension, there is a set of requirements that SHALL be met as part of the definition of the extension. Applications processing a resource are required to check for modifier extensions."/>
      <comments value="There can be no stigma associated with the use of extensions by any application, project, or standard - regardless of the institution or jurisdiction that uses or defines the extensions.  The use of extensions is what allows the FHIR specification to retain a core level of simplicity for everyone."/>
      <synonym value="extensions"/>
      <synonym value="user content"/>
      <min value="0"/>
      <max value="*"/>
      <type>
        <code value="Extension"/>
      </type>
      <isSummary value="false"/>
      <mapping>
        <identity value="rim"/>
        <map value="N/A"/>
      </mapping>
      <mapping>
        <identity value="rim"/>
        <map value="N/A"/>
      </mapping>
    </element>
    <element>
      <path value="DocumentReference.masterIdentifier"/>
      <short value="XDSDocumentEntry.uniqueId"/>
      <formal value="Globally unique identifier assigned to the document by the creating entity.
A DocumentEntry representing a single document is identified by the uniqueId attribute; the linkage between DocumentEntry and the Document it represents is made with the uniqueId attribute.
This unique identifier may be used in other documents to reference this document."/>
      <min value="1"/>
      <max value="1"/>
      <type>
        <code value="Identifier"/>
      </type>
      <isSummary value="false"/>
      <mapping>
        <identity value="v2"/>
        <map value="TXA-12-Unique Document Number"/>
      </mapping>
      <mapping>
        <identity value="rim"/>
        <map value=".id"/>
      </mapping>
      <mapping>
        <identity value="v2"/>
        <map value="TXA-12-Unique Document Number"/>
      </mapping>
      <mapping>
        <identity value="rim"/>
        <map value=".id"/>
      </mapping>
    </element>
    <element>
      <path value="DocumentReference.identifier"/>
      <short value="XDSDocumentEntry.referenceIdList"/>
      <formal value="Other identifiers for the document."/>
      <comments value="Other identifiers can also include Identifiers may be Accession Numbers, Order Numbers, Referral Request 
Identifiers, XDS Workflow Instance Identifiers."/>
      <min value="0"/>
      <max value="*"/>
      <type>
        <code value="Identifier"/>
      </type>
      <isSummary value="false"/>
      <mapping>
        <identity value="v2"/>
        <map value="TXA-16-Unique Document File Name?"/>
      </mapping>
      <mapping>
        <identity value="rim"/>
        <map value=".id / .setId"/>
      </mapping>
      <mapping>
        <identity value="v2"/>
        <map value="TXA-16-Unique Document File Name?"/>
      </mapping>
      <mapping>
        <identity value="rim"/>
        <map value=".id / .setId"/>
      </mapping>
    </element>
    <element>
      <path value="DocumentReference.subject"/>
      <short value="XDSDocumentEntry.patientId + sourcePatientId/sourcePatientInfo"/>
      <formal value="The patientId represents the subject of care of the document.  The value of the patientId shall be the same for all new documents of a SubmissionSet. Patient information typically includes: the patient first and last name, sex, and birth date."/>
      <comments value="In the context of XDS, the patientId shall be the one with use = official. The Clinical XDS Affinity Domain policies may require more or less specific information and format. This patient information is not intended to be updated once the Document is registered (just as the Document content and metadata itself will not be updated without replacing the previous document). As sourcePatientInfo may have been updated by the source actor, it may no longer be in use within the Document Source (EHR-CR). It is only intended as an audit/checking mechanism and has occasional use for Document Consumer actors."/>
      <min value="1"/>
      <max value="1"/>
      <type>
        <code value="Reference"/>
        <profile value="http://hl7.org/fhir/Profile/Patient"/>
      </type>
      <type>
        <code value="Reference"/>
        <profile value="http://hl7.org/fhir/Profile/Practitioner"/>
      </type>
      <type>
        <code value="Reference"/>
        <profile value="http://hl7.org/fhir/Profile/Group"/>
      </type>
      <type>
        <code value="Reference"/>
        <profile value="http://hl7.org/fhir/Profile/Device"/>
      </type>
      <isSummary value="false"/>
      <mapping>
        <identity value="v2"/>
        <map value="PID-3-Patient ID List (No standard way to define a Practitioner or Group subject in V2 MDM message)"/>
      </mapping>
      <mapping>
        <identity value="rim"/>
        <map value=".participation[typeCode=&quot;SBJ&quot;].role[typeCode=&quot;PAT&quot;]"/>
      </mapping>
      <mapping>
        <identity value="v2"/>
        <map value="PID-3-Patient ID List (No standard way to define a Practitioner or Group subject in V2 MDM message)"/>
      </mapping>
      <mapping>
        <identity value="rim"/>
        <map value=".participation[typeCode=&quot;SBJ&quot;].role[typeCode=&quot;PAT&quot;]"/>
      </mapping>
    </element>
    <element>
      <path value="DocumentReference.type"/>
      <short value="XDSDocumentEntry.typeCode"/>
      <formal value="The code specifying the particular kind of document (e.g., Prescription, Discharge Summary, Report). It is suggested that the XDS Affinity Domain draws these values from a coding scheme providing a coarse level of granularity (about 10 to 100 entries). Shall have a single value."/>
      <comments value="Key metadata element describing the document, used in searching/filtering."/>
      <min value="1"/>
      <max value="1"/>
      <type>
        <code value="CodeableConcept"/>
      </type>
      <isSummary value="false"/>
      <binding>
        <name value="DocumentType"/>
        <isExtensible value="true"/>
        <conformance value="preferred"/>
        <description value="Type of a composition"/>
        <referenceReference>
          <reference value="http://hl7.org/fhir/vs/doc-codes"/>
        </referenceReference>
      </binding>
      <mapping>
        <identity value="v2"/>
        <map value="TXA-2-Document Type"/>
      </mapping>
      <mapping>
        <identity value="rim"/>
        <map value="./code"/>
      </mapping>
      <mapping>
        <identity value="v2"/>
        <map value="TXA-2-Document Type"/>
      </mapping>
      <mapping>
        <identity value="rim"/>
        <map value="./code"/>
      </mapping>
    </element>
    <element>
      <path value="DocumentReference.class"/>
      <short value="XDSDocumentEntry.classCode"/>
      <formal value="A categorization for the type of the document. This may be implied by or derived from the code specified in the Document Type."/>
      <comments value="XDSDocumentEntry.typeCode."/>
      <min value="1"/>
      <max value="1"/>
      <type>
        <code value="CodeableConcept"/>
      </type>
      <isSummary value="false"/>
      <binding>
        <name value="DocumentClass"/>
        <isExtensible value="true"/>
        <conformance value="example"/>
        <description value="SubType of a clinical document"/>
        <referenceReference>
          <reference value="http://hl7.org/fhir/vs/xds-typecodes"/>
        </referenceReference>
      </binding>
      <mapping>
        <identity value="v2"/>
        <map value=".outboundRelationship[typeCode=&quot;COMP].target[classCode=&quot;LIST&quot;, moodCode=&quot;EVN&quot;].code"/>
      </mapping>
      <mapping>
        <identity value="rim"/>
        <map value=".outboundRelationship[typeCode=&quot;COMP].target[classCode=&quot;LIST&quot;, moodCode=&quot;EVN&quot;].code"/>
      </mapping>
      <mapping>
        <identity value="v2"/>
        <map value=".outboundRelationship[typeCode=&quot;COMP].target[classCode=&quot;LIST&quot;, moodCode=&quot;EVN&quot;].code"/>
      </mapping>
      <mapping>
        <identity value="rim"/>
        <map value=".outboundRelationship[typeCode=&quot;COMP].target[classCode=&quot;LIST&quot;, moodCode=&quot;EVN&quot;].code"/>
      </mapping>
    </element>
    <element>
      <path value="DocumentReference.author"/>
      <short value="XDSDocumentEntry.author"/>
      <formal value="Represents the humans and/or machines that authored the document."/>
      <comments value="Not necessarily who did the actual data entry (i.e. typist) it in or who was the source (informant)."/>
      <min value="1"/>
      <max value="*"/>
      <type>
        <code value="Reference"/>
        <profile value="http://hl7.org/fhir/Profile/Practitioner"/>
      </type>
      <type>
        <code value="Reference"/>
        <profile value="http://hl7.org/fhir/Profile/Device"/>
      </type>
      <type>
        <code value="Reference"/>
        <profile value="http://hl7.org/fhir/Profile/Patient"/>
      </type>
      <type>
        <code value="Reference"/>
        <profile value="http://hl7.org/fhir/Profile/RelatedPerson"/>
      </type>
      <isSummary value="false"/>
      <mapping>
        <identity value="v2"/>
        <map value="TXA-9-Originator Code/Name (No standard way to indicate a Device in V2 MDM message)"/>
      </mapping>
      <mapping>
        <identity value="rim"/>
        <map value=".participation[typeCode=&quot;AUT&quot;].role[classCode=&quot;ASSIGNED&quot;]"/>
      </mapping>
      <mapping>
        <identity value="v2"/>
        <map value="TXA-9-Originator Code/Name (No standard way to indicate a Device in V2 MDM message)"/>
      </mapping>
      <mapping>
        <identity value="rim"/>
        <map value=".participation[typeCode=&quot;AUT&quot;].role[classCode=&quot;ASSIGNED&quot;]"/>
      </mapping>
    </element>
    <element>
      <path value="DocumentReference.custodian"/>
      <short value="n/a"/>
      <formal value="Org which maintains the document."/>
      <comments value="Identifies the logical organization to go to find the current version, where to report issues, etc. This is different from the physical location of the document, which is the technical location of the document, which host may be delegated to the management of some other organization."/>
      <min value="0"/>
      <max value="0"/>
      <type>
        <code value="Reference"/>
        <profile value="http://hl7.org/fhir/Profile/Organization"/>
      </type>
      <isSummary value="false"/>
      <mapping>
        <identity value="rim"/>
        <map value=".participation[typeCode=&quot;RCV&quot;].role[classCode=&quot;CUST&quot;].scoper[classCode=&quot;ORG&quot; and determinerCode=&quot;INST&quot;]"/>
      </mapping>
      <mapping>
        <identity value="rim"/>
        <map value=".participation[typeCode=&quot;RCV&quot;].role[classCode=&quot;CUST&quot;].scoper[classCode=&quot;ORG&quot; and determinerCode=&quot;INST&quot;]"/>
      </mapping>
    </element>
    <element>
      <path value="DocumentReference.policyManager"/>
      <short value="XDSDocumentEntry.homeCommunityId"/>
      <formal value="A globally unique identifier for a community with which this document is associated."/>
      <min value="0"/>
      <max value="1"/>
      <type>
        <code value="uri"/>
      </type>
      <isSummary value="false"/>
      <mapping>
        <identity value="rim"/>
        <map value="N/A - New participation type required"/>
      </mapping>
      <mapping>
        <identity value="rim"/>
        <map value="N/A - New participation type required"/>
      </mapping>
    </element>
    <element>
      <path value="DocumentReference.authenticator"/>
      <short value="??"/>
      <formal value="Represents a participant who has legally authenticated or attested the document within the authorInstitution. Legal authentication implies that a document has been signed manually or electronically by the legalAuthenticator."/>
      <min value="0"/>
      <max value="1"/>
      <type>
        <code value="Reference"/>
        <profile value="http://hl7.org/fhir/Profile/Practitioner"/>
      </type>
      <type>
        <code value="Reference"/>
        <profile value="http://hl7.org/fhir/Profile/Organization"/>
      </type>
      <isSummary value="false"/>
      <mapping>
        <identity value="v2"/>
        <map value="TXA-10-Assigned Document Authenticator"/>
      </mapping>
      <mapping>
        <identity value="rim"/>
        <map value=".participation[typeCode=&quot;AUTHEN&quot;].role[classCode=&quot;ASSIGNED&quot;]"/>
      </mapping>
      <mapping>
        <identity value="v2"/>
        <map value="TXA-10-Assigned Document Authenticator"/>
      </mapping>
      <mapping>
        <identity value="rim"/>
        <map value=".participation[typeCode=&quot;AUTHEN&quot;].role[classCode=&quot;ASSIGNED&quot;]"/>
      </mapping>
    </element>
    <element>
      <path value="DocumentReference.created"/>
      <short value="XDSDocumentEntry.creationTime"/>
      <formal value="Represents the time the author created the document in the Document Source."/>
      <comments value="Creation time is used for tracking, organizing versions and searching. This is the creation time of the document, not the source material on which it is based."/>
      <min value="1"/>
      <max value="1"/>
      <type>
        <code value="dateTime"/>
      </type>
      <isSummary value="false"/>
      <mapping>
        <identity value="v2"/>
        <map value="TXA-6-Origination Date/Time"/>
      </mapping>
      <mapping>
        <identity value="rim"/>
        <map value=".effectiveTime[type=&quot;TS&quot;]"/>
      </mapping>
      <mapping>
        <identity value="v2"/>
        <map value="TXA-6-Origination Date/Time"/>
      </mapping>
      <mapping>
        <identity value="rim"/>
        <map value=".effectiveTime[type=&quot;TS&quot;]"/>
      </mapping>
    </element>
    <element>
      <path value="DocumentReference.indexed"/>
      <short value="XDS submission time or XDSDocumentEntry.creationTime  if unknown"/>
      <formal value="When this document reference created."/>
      <comments value="Referencing/indexing time is used for tracking, organizing versions and searching."/>
      <min value="1"/>
      <max value="1"/>
      <type>
        <code value="instant"/>
      </type>
      <isSummary value="false"/>
      <mapping>
        <identity value="rim"/>
        <map value=".availabilityTime[type=&quot;TS&quot;]"/>
      </mapping>
      <mapping>
        <identity value="rim"/>
        <map value=".availabilityTime[type=&quot;TS&quot;]"/>
      </mapping>
    </element>
    <element>
      <path value="DocumentReference.status"/>
      <short value="implied by XDS workflow"/>
      <formal value="This attribute is always set to Approved as part of the submission of new XDS Documents. It may be changed to Deprecated under the primary responsibility of the Document Source with possible patient supervision. Although XDS supports the ability to delete documents, there is no such state as ???the Document Entry is removed??? (only an audit trail is kept if such a deletion is allowed)."/>
      <min value="1"/>
      <max value="1"/>
      <type>
        <code value="code"/>
      </type>
      <isModifier value="true"/>
      <isSummary value="false"/>
      <binding>
        <name value="DocumentReferenceStatus"/>
        <isExtensible value="false"/>
        <conformance value="required"/>
        <description value="The status of the document reference"/>
        <referenceReference>
          <reference value="http://hl7.org/fhir/vs/document-reference-status"/>
        </referenceReference>
      </binding>
      <mapping>
        <identity value="v2"/>
        <map value="TXA-19-Document Availability Status"/>
      </mapping>
      <mapping>
        <identity value="rim"/>
        <map value="interim: .completionCode=&quot;IN&quot; &amp; ./statusCode[isNormalDatatype()]=&quot;active&quot;;

final: .completionCode=&quot;AU&quot; &amp;&amp;  ./statusCode[isNormalDatatype()]=&quot;complete&quot; and not(./inboundRelationship[typeCode=&quot;SUBJ&quot; and isNormalActRelationship()]/source[subsumesCode(&quot;ActClass#CACT&quot;) and moodCode=&quot;EVN&quot; and domainMember(&quot;ReviseDocument&quot;, code) and isNormalAct()]);

amended: .completionCode=&quot;AU&quot; &amp;&amp;  ./statusCode[isNormalDatatype()]=&quot;complete&quot; and ./inboundRelationship[typeCode=&quot;SUBJ&quot; and isNormalActRelationship()]/source[subsumesCode(&quot;ActClass#CACT&quot;) and moodCode=&quot;EVN&quot; and domainMember(&quot;ReviseDocument&quot;, code) and isNormalAct() and statusCode=&quot;completed&quot;];

withdrawn : .completionCode=NI &amp;&amp;  ./statusCode[isNormalDatatype()]=&quot;obsolete&quot;"/>
      </mapping>
      <mapping>
        <identity value="v2"/>
        <map value="TXA-19-Document Availability Status"/>
      </mapping>
      <mapping>
        <identity value="rim"/>
        <map value="interim: .completionCode=&quot;IN&quot; &amp; ./statusCode[isNormalDatatype()]=&quot;active&quot;;

final: .completionCode=&quot;AU&quot; &amp;&amp;  ./statusCode[isNormalDatatype()]=&quot;complete&quot; and not(./inboundRelationship[typeCode=&quot;SUBJ&quot; and isNormalActRelationship()]/source[subsumesCode(&quot;ActClass#CACT&quot;) and moodCode=&quot;EVN&quot; and domainMember(&quot;ReviseDocument&quot;, code) and isNormalAct()]);

amended: .completionCode=&quot;AU&quot; &amp;&amp;  ./statusCode[isNormalDatatype()]=&quot;complete&quot; and ./inboundRelationship[typeCode=&quot;SUBJ&quot; and isNormalActRelationship()]/source[subsumesCode(&quot;ActClass#CACT&quot;) and moodCode=&quot;EVN&quot; and domainMember(&quot;ReviseDocument&quot;, code) and isNormalAct() and statusCode=&quot;completed&quot;];

withdrawn : .completionCode=NI &amp;&amp;  ./statusCode[isNormalDatatype()]=&quot;obsolete&quot;"/>
      </mapping>
    </element>
    <element>
      <path value="DocumentReference.docStatus"/>
      <short value="Status of the underlying document."/>
      <formal value="Status of the underlying document."/>
      <min value="0"/>
      <max value="0"/>
      <type>
        <code value="CodeableConcept"/>
      </type>
      <isSummary value="false"/>
      <binding>
        <name value="ReferredDocumentStatus"/>
        <isExtensible value="true"/>
        <conformance value="preferred"/>
        <description value="Status of the underlying document"/>
        <referenceReference>
          <reference value="http://hl7.org/fhir/vs/composition-status"/>
        </referenceReference>
      </binding>
      <mapping>
        <identity value="v2"/>
        <map value="TXA-17-Document Completion Status"/>
      </mapping>
      <mapping>
        <identity value="rim"/>
        <map value=".statusCode"/>
      </mapping>
      <mapping>
        <identity value="v2"/>
        <map value="TXA-17-Document Completion Status"/>
      </mapping>
      <mapping>
        <identity value="rim"/>
        <map value=".statusCode"/>
      </mapping>
    </element>
    <element>
      <path value="DocumentReference.relatesTo"/>
      <short value="Relationships that this document has with other document references that already exist"/>
      <formal value="Relationships to other documents."/>
      <min value="0"/>
      <max value="*"/>
      <isModifier value="true"/>
      <isSummary value="false"/>
      <mapping>
        <identity value="rim"/>
        <map value=".outboundRelationship"/>
      </mapping>
      <mapping>
        <identity value="rim"/>
        <map value=".outboundRelationship"/>
      </mapping>
    </element>
    <element>
      <path value="DocumentReference.relatesTo.id"/>
      <representation value="xmlAttr"/>
      <short value="xml:id (or equivalent in JSON)"/>
      <formal value="unique id for the element within a resource (for internal references)."/>
      <min value="0"/>
      <max value="1"/>
      <type>
        <code value="id"/>
      </type>
      <isSummary value="false"/>
      <mapping>
        <identity value="rim"/>
        <map value="n/a"/>
      </mapping>
      <mapping>
        <identity value="rim"/>
        <map value="n/a"/>
      </mapping>
    </element>
    <element>
      <path value="DocumentReference.relatesTo.extension"/>
      <short value="Additional Content defined by implementations"/>
      <formal value="May be used to represent additional information that is not part of the basic definition of the element. In order to make the use of extensions safe and manageable, there is a strict set of governance  applied to the definition and use of extensions. Though any implementer is allowed to define an extension, there is a set of requirements that SHALL be met as part of the definition of the extension."/>
      <comments value="There can be no stigma associated with the use of extensions by any application, project, or standard - regardless of the institution or jurisdiction that uses or defines the extensions.  The use of extensions is what allows the FHIR specification to retain a core level of simplicity for everyone."/>
      <synonym value="extensions"/>
      <synonym value="user content"/>
      <min value="0"/>
      <max value="*"/>
      <type>
        <code value="Extension"/>
      </type>
      <isSummary value="false"/>
      <mapping>
        <identity value="rim"/>
        <map value="n/a"/>
      </mapping>
      <mapping>
        <identity value="rim"/>
        <map value="n/a"/>
      </mapping>
    </element>
    <element>
      <path value="DocumentReference.relatesTo.modifierExtension"/>
      <short value="Extensions that cannot be ignored"/>
      <formal value="May be used to represent additional information that is not part of the basic definition of the element, and that modifies the understanding of the element that contains it. Usually modifier elements provide negation or qualification. In order to make the use of extensions safe and manageable, there is a strict set of governance applied to the definition and use of extensions. Though any implementer is allowed to define an extension, there is a set of requirements that SHALL be met as part of the definition of the extension. Applications processing a resource are required to check for modifier extensions."/>
      <comments value="There can be no stigma associated with the use of extensions by any application, project, or standard - regardless of the institution or jurisdiction that uses or defines the extensions.  The use of extensions is what allows the FHIR specification to retain a core level of simplicity for everyone."/>
      <synonym value="extensions"/>
      <synonym value="user content"/>
      <synonym value="modifiers"/>
      <min value="0"/>
      <max value="*"/>
      <type>
        <code value="Extension"/>
      </type>
      <isSummary value="false"/>
      <mapping>
        <identity value="rim"/>
        <map value="N/A"/>
      </mapping>
      <mapping>
        <identity value="rim"/>
        <map value="N/A"/>
      </mapping>
    </element>
    <element>
      <path value="DocumentReference.relatesTo.code"/>
      <short value="The type of relationship that this document has with anther document"/>
      <formal value="supercedes | transforms | signs | appends."/>
      <comments value="If this document appends another document, then the document cannot be fully understood without also accessing the referenced document."/>
      <min value="1"/>
      <max value="1"/>
      <type>
        <code value="code"/>
      </type>
      <isSummary value="false"/>
      <binding>
        <name value="DocumentRelationshipType"/>
        <isExtensible value="false"/>
        <conformance value="required"/>
        <description value="The type of relationship between documents"/>
        <referenceReference>
          <reference value="http://hl7.org/fhir/vs/document-relationship-type"/>
        </referenceReference>
      </binding>
      <mapping>
        <identity value="rim"/>
        <map value=".outboundRelationship.typeCode"/>
      </mapping>
      <mapping>
        <identity value="rim"/>
        <map value=".outboundRelationship.typeCode"/>
      </mapping>
    </element>
    <element>
      <path value="DocumentReference.relatesTo.target"/>
      <short value="The target document of this relationship"/>
      <formal value="Target of the relationship."/>
      <min value="1"/>
      <max value="1"/>
      <type>
        <code value="Reference"/>
        <profile value="http://hl7.org/fhir/Profile/DocumentReference"/>
      </type>
      <isSummary value="false"/>
      <mapping>
        <identity value="rim"/>
        <map value=".target[classCode=&quot;DOC&quot;, moodCode=&quot;EVN&quot;].id"/>
      </mapping>
      <mapping>
        <identity value="rim"/>
        <map value=".target[classCode=&quot;DOC&quot;, moodCode=&quot;EVN&quot;].id"/>
      </mapping>
    </element>
    <element>
      <path value="DocumentReference.description"/>
      <short value="XDSDocumentEntry.title"/>
      <formal value="Represents the title of the document."/>
      <comments value="What the document is about, rather than a terse summary of the document. It is commonly the case that records do not have a title and are collectively referred to by the display name of Record code (e.g. a &quot;consultation&quot; or &quot;progress note&quot;)."/>
      <requirements value="Helps humans to assess whether the document is of interest."/>
      <min value="0"/>
      <max value="1"/>
      <type>
        <code value="string"/>
      </type>
      <isSummary value="false"/>
      <mapping>
        <identity value="v2"/>
        <map value="TXA-25-Document Title"/>
      </mapping>
      <mapping>
        <identity value="rim"/>
        <map value=".outboundRelationship[typeCode=&quot;SUBJ&quot;].target.text"/>
      </mapping>
      <mapping>
        <identity value="v2"/>
        <map value="TXA-25-Document Title"/>
      </mapping>
      <mapping>
        <identity value="rim"/>
        <map value=".outboundRelationship[typeCode=&quot;SUBJ&quot;].target.text"/>
      </mapping>
    </element>
    <element>
      <path value="DocumentReference.confidentiality"/>
      <short value="XDSDocumentEntry.confidentialityCode"/>
      <formal value="The code specifying the level of confidentiality of the XDS Document. These codes are specific to an XDS Affinity Domain."/>
      <comments value="Enforcement and issues related to highly sensitive documents are beyond the scope of XDS (see security section). confidentialityCode is part of a codification scheme and value set enforced by the Document Registry."/>
      <min value="1"/>
      <max value="1"/>
      <type>
        <code value="CodeableConcept"/>
      </type>
      <isModifier value="true"/>
      <isSummary value="false"/>
      <binding>
        <name value="DocumentConfidentiality"/>
        <isExtensible value="true"/>
        <conformance value="preferred"/>
        <description value="Codes specifying the level of confidentiality of the composition"/>
        <referenceReference>
          <reference value="http://hl7.org/fhir/v3/vs/Confidentiality"/>
        </referenceReference>
      </binding>
      <mapping>
        <identity value="v2"/>
        <map value="TXA-18-Document Confidentiality Status"/>
      </mapping>
      <mapping>
        <identity value="rim"/>
        <map value=".confidentialityCode"/>
      </mapping>
      <mapping>
        <identity value="v2"/>
        <map value="TXA-18-Document Confidentiality Status"/>
      </mapping>
      <mapping>
        <identity value="rim"/>
        <map value=".confidentialityCode"/>
      </mapping>
    </element>
    <element>
      <path value="DocumentReference.primaryLanguage"/>
      <short value="XDSDocumentEntry.languageCode"/>
      <formal value="Specifies the human language of character data in the document. The values of the attribute are language identifiers as described by the IETF (Internet Engineering Task Force) RFC 3066."/>
      <comments value="This value may further be restricted by the registry according to XDS Affinity Domain specific policy."/>
      <min value="0"/>
      <max value="1"/>
      <type>
        <code value="code"/>
      </type>
      <isSummary value="false"/>
      <binding>
        <name value="Language"/>
        <isExtensible value="false"/>
        <conformance value="required"/>
        <description value="A human language"/>
        <referenceUri value="http://tools.ietf.org/html/bcp47"/>
      </binding>
      <mapping>
        <identity value="rim"/>
        <map value=".languageCode"/>
      </mapping>
      <mapping>
        <identity value="rim"/>
        <map value=".languageCode"/>
      </mapping>
    </element>
    <element>
      <path value="DocumentReference.mimeType"/>
      <short value="XDSDocumentEntry.mimeType"/>
      <formal value="MIME type of the document in the Repository."/>
      <comments value="Note: application/hl7-v3+xml for CDA. application/binary for proprietary record formats."/>
      <min value="1"/>
      <max value="1"/>
      <type>
        <code value="code"/>
      </type>
      <isSummary value="false"/>
      <binding>
        <name value="MimeType"/>
        <isExtensible value="false"/>
        <conformance value="required"/>
        <description value="The mime type of an attachment"/>
        <referenceUri value="http://www.rfc-editor.org/bcp/bcp13.txt"/>
      </binding>
      <mapping>
        <identity value="v2"/>
        <map value="TXA-3-Document Content Presentation"/>
      </mapping>
      <mapping>
        <identity value="rim"/>
        <map value=".text.mediaType"/>
      </mapping>
      <mapping>
        <identity value="v2"/>
        <map value="TXA-3-Document Content Presentation"/>
      </mapping>
      <mapping>
        <identity value="rim"/>
        <map value=".text.mediaType"/>
      </mapping>
    </element>
    <element>
      <path value="DocumentReference.format"/>
      <short value="XDSDocumentEntry.formatCode"/>
      <formal value="Code globally uniquely specifying the format of the document. Along with the typeCode, it should provide sufficient information to allow any potential XDS Document Consumer to know if it will be able to process the document. The formatCode shall be sufficiently specific to ensure processing/display by identifying a document encoding, structure and template (e.g., for a CDA Document, the fact that it complies with a CDA schema, possibly a template and the choice of a content-specific style sheet)."/>
      <comments value="Format codes may be specified by multiple organizations. Format codes defined by ITI shall have names with the prefix urn:ihe:iti:. Format codes defined by other IHE domains shall have names with the prefix urn:ihe:???domain initials???: Format codes defined by the Affinity Domain shall have names with the prefix urn:ad:???name of affinity domain???: Affinity Domains shall be unique. The prefixes described here are not assumed to be exhaustive."/>
      <min value="1"/>
      <max value="1"/>
      <type>
        <code value="uri"/>
      </type>
      <isSummary value="false"/>
      <mapping>
        <identity value="rim"/>
        <map value="n/a"/>
      </mapping>
      <mapping>
        <identity value="rim"/>
        <map value="n/a"/>
      </mapping>
    </element>
    <element>
      <path value="DocumentReference.size"/>
      <short value="XDSDocumentEntry.size"/>
      <formal value="Size in bytes of the byte stream that was provided in the Register and Provide Transaction and stored by the XDS Document Repository. This value is computed by the Document Repository and included in the Register Documents Set Transaction."/>
      <min value="0"/>
      <max value="1"/>
      <type>
        <code value="integer"/>
      </type>
      <isSummary value="false"/>
      <mapping>
        <identity value="rim"/>
        <map value=".text.length"/>
      </mapping>
      <mapping>
        <identity value="rim"/>
        <map value=".text.length"/>
      </mapping>
    </element>
    <element>
      <path value="DocumentReference.hash"/>
      <short value="XDSDocumentEntry.hash"/>
      <formal value="Hash key of the XDS Document itself."/>
      <comments value="This value is computed by the Document Repository and used by the Document Registry for detecting the improper resubmission of XDS Documents. If present, shall have a single value. If this attribute is received in a Provide &amp; Register Document Set-b [ITI-41] transaction, it shall be verified by the repository with the actual hash value of the submitted document; an XDSRepositoryMetadataError shall be returned on mismatch."/>
      <min value="0"/>
      <max value="1"/>
      <type>
        <code value="base64Binary"/>
      </type>
      <isSummary value="false"/>
      <mapping>
        <identity value="rim"/>
        <map value=".text.integrityCheck"/>
      </mapping>
      <mapping>
        <identity value="rim"/>
        <map value=".text.integrityCheck"/>
      </mapping>
    </element>
    <element>
      <path value="DocumentReference.location"/>
      <short value="repository location (by implication &amp; configuration)"/>
      <formal value="Where to access the document."/>
      <min value="0"/>
      <max value="1"/>
      <type>
        <code value="uri"/>
      </type>
      <condition value="1"/>
      <isSummary value="false"/>
      <mapping>
        <identity value="v2"/>
        <map value="(Might include V2 TXA-16-Unique Document File Name or TXA-24-Folder Assignment)"/>
      </mapping>
      <mapping>
        <identity value="rim"/>
        <map value=".text.reference"/>
      </mapping>
      <mapping>
        <identity value="v2"/>
        <map value="(Might include V2 TXA-16-Unique Document File Name or TXA-24-Folder Assignment)"/>
      </mapping>
      <mapping>
        <identity value="rim"/>
        <map value=".text.reference"/>
      </mapping>
    </element>
    <element>
      <path value="DocumentReference.service"/>
      <short value="can be determined from repository location + parameters"/>
      <formal value="If access is not fully described by location."/>
      <comments value="If a document can be accessed by either a service or directly by a URL (i.e. an XDS repository with an MHD access point, or a DICOM network with a WADO portal) just provide the URL."/>
      <min value="0"/>
      <max value="0"/>
      <condition value="1"/>
      <isSummary value="false"/>
      <mapping>
        <identity value="rim"/>
        <map value=".text.reference"/>
      </mapping>
      <mapping>
        <identity value="rim"/>
        <map value=".text.reference"/>
      </mapping>
    </element>
    <element>
      <path value="DocumentReference.service.id"/>
      <representation value="xmlAttr"/>
      <short value="xml:id (or equivalent in JSON)"/>
      <formal value="unique id for the element within a resource (for internal references)."/>
      <min value="0"/>
      <max value="1"/>
      <type>
        <code value="id"/>
      </type>
      <isSummary value="false"/>
      <mapping>
        <identity value="rim"/>
        <map value="n/a"/>
      </mapping>
      <mapping>
        <identity value="rim"/>
        <map value="n/a"/>
      </mapping>
    </element>
    <element>
      <path value="DocumentReference.service.extension"/>
      <short value="Additional Content defined by implementations"/>
      <formal value="May be used to represent additional information that is not part of the basic definition of the element. In order to make the use of extensions safe and manageable, there is a strict set of governance  applied to the definition and use of extensions. Though any implementer is allowed to define an extension, there is a set of requirements that SHALL be met as part of the definition of the extension."/>
      <comments value="There can be no stigma associated with the use of extensions by any application, project, or standard - regardless of the institution or jurisdiction that uses or defines the extensions.  The use of extensions is what allows the FHIR specification to retain a core level of simplicity for everyone."/>
      <synonym value="extensions"/>
      <synonym value="user content"/>
      <min value="0"/>
      <max value="*"/>
      <type>
        <code value="Extension"/>
      </type>
      <isSummary value="false"/>
      <mapping>
        <identity value="rim"/>
        <map value="n/a"/>
      </mapping>
      <mapping>
        <identity value="rim"/>
        <map value="n/a"/>
      </mapping>
    </element>
    <element>
      <path value="DocumentReference.service.modifierExtension"/>
      <short value="Extensions that cannot be ignored"/>
      <formal value="May be used to represent additional information that is not part of the basic definition of the element, and that modifies the understanding of the element that contains it. Usually modifier elements provide negation or qualification. In order to make the use of extensions safe and manageable, there is a strict set of governance applied to the definition and use of extensions. Though any implementer is allowed to define an extension, there is a set of requirements that SHALL be met as part of the definition of the extension. Applications processing a resource are required to check for modifier extensions."/>
      <comments value="There can be no stigma associated with the use of extensions by any application, project, or standard - regardless of the institution or jurisdiction that uses or defines the extensions.  The use of extensions is what allows the FHIR specification to retain a core level of simplicity for everyone."/>
      <synonym value="extensions"/>
      <synonym value="user content"/>
      <synonym value="modifiers"/>
      <min value="0"/>
      <max value="*"/>
      <type>
        <code value="Extension"/>
      </type>
      <isSummary value="false"/>
      <mapping>
        <identity value="rim"/>
        <map value="N/A"/>
      </mapping>
      <mapping>
        <identity value="rim"/>
        <map value="N/A"/>
      </mapping>
    </element>
    <element>
      <path value="DocumentReference.service.type"/>
      <short value="Type of service (i.e. XDS.b)"/>
      <formal value="The type of the service that can be used to access the documents."/>
      <comments value="The meaning and interpretation of the parameters depends on the service type."/>
      <min value="1"/>
      <max value="1"/>
      <type>
        <code value="CodeableConcept"/>
      </type>
      <isSummary value="false"/>
      <binding>
        <name value="DocumentServiceType"/>
        <isExtensible value="true"/>
        <conformance value="preferred"/>
        <description value="Document Reference Service Type"/>
        <referenceReference>
          <reference value="http://hl7.org/fhir/vs/documentreference-service-types"/>
        </referenceReference>
      </binding>
      <mapping>
        <identity value="rim"/>
        <map value="n/a"/>
      </mapping>
      <mapping>
        <identity value="rim"/>
        <map value="n/a"/>
      </mapping>
    </element>
    <element>
      <path value="DocumentReference.service.address"/>
      <short value="Where service is located (usually a URL)"/>
      <formal value="Where the service end-point is located."/>
      <comments value="Usually this is a URL, but for some services, the end-point is a simple network name or address that is not a valid URL."/>
      <min value="0"/>
      <max value="1"/>
      <type>
        <code value="string"/>
      </type>
      <isSummary value="false"/>
      <mapping>
        <identity value="rim"/>
        <map value="n/a"/>
      </mapping>
      <mapping>
        <identity value="rim"/>
        <map value="n/a"/>
      </mapping>
    </element>
    <element>
      <path value="DocumentReference.service.parameter"/>
      <short value="Service call parameters"/>
      <formal value="A list of named parameters that is used in the service call."/>
      <comments value="The interpretation of the parameters, and how to convert them into a proper service call, is dependent on the type of the service, and needs to be specified in an implementation guide somewhere."/>
      <min value="0"/>
      <max value="*"/>
      <isSummary value="false"/>
      <mapping>
        <identity value="rim"/>
        <map value="n/a"/>
      </mapping>
      <mapping>
        <identity value="rim"/>
        <map value="n/a"/>
      </mapping>
    </element>
    <element>
      <path value="DocumentReference.service.parameter.id"/>
      <representation value="xmlAttr"/>
      <short value="xml:id (or equivalent in JSON)"/>
      <formal value="unique id for the element within a resource (for internal references)."/>
      <min value="0"/>
      <max value="1"/>
      <type>
        <code value="id"/>
      </type>
      <isSummary value="false"/>
      <mapping>
        <identity value="rim"/>
        <map value="n/a"/>
      </mapping>
      <mapping>
        <identity value="rim"/>
        <map value="n/a"/>
      </mapping>
    </element>
    <element>
      <path value="DocumentReference.service.parameter.extension"/>
      <short value="Additional Content defined by implementations"/>
      <formal value="May be used to represent additional information that is not part of the basic definition of the element. In order to make the use of extensions safe and manageable, there is a strict set of governance  applied to the definition and use of extensions. Though any implementer is allowed to define an extension, there is a set of requirements that SHALL be met as part of the definition of the extension."/>
      <comments value="There can be no stigma associated with the use of extensions by any application, project, or standard - regardless of the institution or jurisdiction that uses or defines the extensions.  The use of extensions is what allows the FHIR specification to retain a core level of simplicity for everyone."/>
      <synonym value="extensions"/>
      <synonym value="user content"/>
      <min value="0"/>
      <max value="*"/>
      <type>
        <code value="Extension"/>
      </type>
      <isSummary value="false"/>
      <mapping>
        <identity value="rim"/>
        <map value="n/a"/>
      </mapping>
      <mapping>
        <identity value="rim"/>
        <map value="n/a"/>
      </mapping>
    </element>
    <element>
      <path value="DocumentReference.service.parameter.modifierExtension"/>
      <short value="Extensions that cannot be ignored"/>
      <formal value="May be used to represent additional information that is not part of the basic definition of the element, and that modifies the understanding of the element that contains it. Usually modifier elements provide negation or qualification. In order to make the use of extensions safe and manageable, there is a strict set of governance applied to the definition and use of extensions. Though any implementer is allowed to define an extension, there is a set of requirements that SHALL be met as part of the definition of the extension. Applications processing a resource are required to check for modifier extensions."/>
      <comments value="There can be no stigma associated with the use of extensions by any application, project, or standard - regardless of the institution or jurisdiction that uses or defines the extensions.  The use of extensions is what allows the FHIR specification to retain a core level of simplicity for everyone."/>
      <synonym value="extensions"/>
      <synonym value="user content"/>
      <synonym value="modifiers"/>
      <min value="0"/>
      <max value="*"/>
      <type>
        <code value="Extension"/>
      </type>
      <isSummary value="false"/>
      <mapping>
        <identity value="rim"/>
        <map value="N/A"/>
      </mapping>
      <mapping>
        <identity value="rim"/>
        <map value="N/A"/>
      </mapping>
    </element>
    <element>
      <path value="DocumentReference.service.parameter.name"/>
      <short value="Parameter name in service call"/>
      <formal value="The name of a parameter."/>
      <min value="1"/>
      <max value="1"/>
      <type>
        <code value="string"/>
      </type>
      <isSummary value="false"/>
      <mapping>
        <identity value="rim"/>
        <map value="n/a"/>
      </mapping>
      <mapping>
        <identity value="rim"/>
        <map value="n/a"/>
      </mapping>
    </element>
    <element>
      <path value="DocumentReference.service.parameter.value"/>
      <short value="Parameter value for the name"/>
      <formal value="The value of the named parameter."/>
      <min value="0"/>
      <max value="1"/>
      <type>
        <code value="string"/>
      </type>
      <isSummary value="false"/>
      <mapping>
        <identity value="rim"/>
        <map value="n/a"/>
      </mapping>
      <mapping>
        <identity value="rim"/>
        <map value="n/a"/>
      </mapping>
    </element>
    <element>
      <path value="DocumentReference.context"/>
      <short value="event codes, service Start &amp; Stop time, and facility type"/>
      <formal value="Clinical context of document - eventCodeList, serviceStart &amp; Stop time, and facility type."/>
      <comments value="These values are primarily added to help with searching for interesting/relevant documents."/>
      <min value="0"/>
      <max value="1"/>
      <isSummary value="false"/>
      <mapping>
        <identity value="rim"/>
        <map value="outboundRelationship[typeCode=&quot;SUBJ&quot;].target[classCode&lt;&#39;ACT&#39;]"/>
      </mapping>
      <mapping>
        <identity value="rim"/>
        <map value="outboundRelationship[typeCode=&quot;SUBJ&quot;].target[classCode&lt;&#39;ACT&#39;]"/>
      </mapping>
    </element>
    <element>
      <path value="DocumentReference.context.id"/>
      <representation value="xmlAttr"/>
      <short value="xml:id (or equivalent in JSON)"/>
      <formal value="unique id for the element within a resource (for internal references)."/>
      <min value="0"/>
      <max value="1"/>
      <type>
        <code value="id"/>
      </type>
      <isSummary value="false"/>
      <mapping>
        <identity value="rim"/>
        <map value="n/a"/>
      </mapping>
      <mapping>
        <identity value="rim"/>
        <map value="n/a"/>
      </mapping>
    </element>
    <element>
      <path value="DocumentReference.context.extension"/>
      <short value="Additional Content defined by implementations"/>
      <formal value="May be used to represent additional information that is not part of the basic definition of the element. In order to make the use of extensions safe and manageable, there is a strict set of governance  applied to the definition and use of extensions. Though any implementer is allowed to define an extension, there is a set of requirements that SHALL be met as part of the definition of the extension."/>
      <comments value="There can be no stigma associated with the use of extensions by any application, project, or standard - regardless of the institution or jurisdiction that uses or defines the extensions.  The use of extensions is what allows the FHIR specification to retain a core level of simplicity for everyone."/>
      <synonym value="extensions"/>
      <synonym value="user content"/>
      <min value="0"/>
      <max value="*"/>
      <type>
        <code value="Extension"/>
      </type>
      <isSummary value="false"/>
      <mapping>
        <identity value="rim"/>
        <map value="n/a"/>
      </mapping>
      <mapping>
        <identity value="rim"/>
        <map value="n/a"/>
      </mapping>
    </element>
    <element>
      <path value="DocumentReference.context.modifierExtension"/>
      <short value="Extensions that cannot be ignored"/>
      <formal value="May be used to represent additional information that is not part of the basic definition of the element, and that modifies the understanding of the element that contains it. Usually modifier elements provide negation or qualification. In order to make the use of extensions safe and manageable, there is a strict set of governance applied to the definition and use of extensions. Though any implementer is allowed to define an extension, there is a set of requirements that SHALL be met as part of the definition of the extension. Applications processing a resource are required to check for modifier extensions."/>
      <comments value="There can be no stigma associated with the use of extensions by any application, project, or standard - regardless of the institution or jurisdiction that uses or defines the extensions.  The use of extensions is what allows the FHIR specification to retain a core level of simplicity for everyone."/>
      <synonym value="extensions"/>
      <synonym value="user content"/>
      <synonym value="modifiers"/>
      <min value="0"/>
      <max value="*"/>
      <type>
        <code value="Extension"/>
      </type>
      <isSummary value="false"/>
      <mapping>
        <identity value="rim"/>
        <map value="N/A"/>
      </mapping>
      <mapping>
        <identity value="rim"/>
        <map value="N/A"/>
      </mapping>
    </element>
    <element>
      <path value="DocumentReference.context.event"/>
      <short value="XDSDocumentEntry.eventCodeList"/>
      <formal value="This list of codes represents the main clinical acts, such as a colonoscopy or an appendectomy, being documented. In some cases, the event is inherent in the typeCode, such as a &quot;History and Physical Report&quot; in which the procedure being documented is necessarily a &quot;History and Physical&quot; act."/>
      <comments value="An event can further specialize the act inherent in the typeCode, such as where it is simply &quot;Procedure Report&quot; and the procedure was a &quot;colonoscopy&quot;. If one or more eventCodes are included, they shall not conflict with the values inherent in the classCode, practiceSettingCode or typeCode, as such a conflict would create an ambiguous situation. This short list of codes is provided to be used as ???key words??? for certain types of queries."/>
      <min value="0"/>
      <max value="*"/>
      <type>
        <code value="CodeableConcept"/>
      </type>
      <isSummary value="false"/>
      <binding>
        <name value="DocumentEventType"/>
        <isExtensible value="true"/>
        <conformance value="preferred"/>
        <description value="This list of codes represents the main clinical acts being documented"/>
        <referenceReference>
          <reference value="http://hl7.org/fhir/v3/vs/ActCode"/>
        </referenceReference>
      </binding>
      <mapping>
        <identity value="rim"/>
        <map value=".code"/>
      </mapping>
      <mapping>
        <identity value="rim"/>
        <map value=".code"/>
      </mapping>
    </element>
    <element>
      <path value="DocumentReference.context.period"/>
      <short value="XDSDocumentEntry.serviceStartTime &amp; XDSDocumentEntry.serviceStopTime"/>
      <formal value="The start and stop time of the service being documented took place."/>
      <comments value="At least a start date SHALL be provided."/>
      <min value="1"/>
      <max value="1"/>
      <type>
        <code value="Period"/>
      </type>
      <isSummary value="false"/>
      <mapping>
        <identity value="rim"/>
        <map value=".effectiveTime"/>
      </mapping>
      <mapping>
        <identity value="rim"/>
        <map value=".effectiveTime"/>
      </mapping>
    </element>
    <element>
      <path value="DocumentReference.context.facilityType"/>
      <short value="XDSDocumentEntry.healthCareFacilityTypeCode"/>
      <formal value="This code represents the type of organizational setting of the clinical encounter during which the documented act occurred."/>
      <comments value="In some cases, the setting of the encounter is inherent in the typeCode, such as &quot;Diabetes Clinic Progress Note&quot;. healthcareFacilityTypeCode shall be equivalent to or further specialize the value inherent in the typeCode; for example, where the typeCode is simply &quot;Clinic Progress Note&quot; and the value of healthcareFacilityTypeCode is &quot;private clinic&quot;. The value shall not conflict with the value inherent in the typeCode, as such a conflict would create an ambiguous situation."/>
      <min value="0"/>
      <max value="1"/>
      <type>
        <code value="CodeableConcept"/>
      </type>
      <isSummary value="false"/>
      <binding>
        <name value="DocumentFacilityType"/>
        <isExtensible value="true"/>
        <conformance value="example"/>
        <description value="XDS Facility Type"/>
        <referenceReference>
          <reference value="http://hl7.org/fhir/vs/xds-facilitycodes"/>
        </referenceReference>
      </binding>
      <mapping>
        <identity value="rim"/>
        <map value=".participation[typeCode=&quot;LOC&quot;].role[classCode=&quot;DSDLOC&quot;].code"/>
      </mapping>
      <mapping>
        <identity value="rim"/>
        <map value=".participation[typeCode=&quot;LOC&quot;].role[classCode=&quot;DSDLOC&quot;].code"/>
      </mapping>
    </element>
  </snapshot>
  <differential>
    <element>
      <path value="DocumentReference"/>
      <name value="DocumentReference"/>
      <short value="XDSDocumentEntry"/>
      <formal value="A reference to a document."/>
      <min value="1"/>
      <max value="1"/>
      <isSummary value="false"/>
    </element>
    <element>
      <path value="DocumentReference.masterIdentifier"/>
      <short value="XDSDocumentEntry.uniqueId"/>
      <formal value="Globally unique identifier assigned to the document by the creating entity.
A DocumentEntry representing a single document is identified by the uniqueId attribute; the linkage between DocumentEntry and the Document it represents is made with the uniqueId attribute.
This unique identifier may be used in other documents to reference this document."/>
      <min value="1"/>
      <max value="1"/>
      <type>
        <code value="Identifier"/>
      </type>
      <isSummary value="false"/>
    </element>
    <element>
      <path value="DocumentReference.identifier"/>
      <short value="XDSDocumentEntry.referenceIdList"/>
      <formal value="Other identifiers for the document."/>
      <min value="0"/>
      <max value="*"/>
      <type>
        <code value="Identifier"/>
      </type>
      <isSummary value="false"/>
    </element>
    <element>
      <path value="DocumentReference.subject"/>
      <short value="XDSDocumentEntry.patientId + sourcePatientId/sourcePatientInfo"/>
      <formal value="The patientId represents the subject of care of the document.  The value of the patientId shall be the same for all new documents of a SubmissionSet. Patient information typically includes: the patient first and last name, sex, and birth date."/>
      <comments value="In the context of XDS, the patientId shall be the one with use = official. The Clinical XDS Affinity Domain policies may require more or less specific information and format. This patient information is not intended to be updated once the Document is registered (just as the Document content and metadata itself will not be updated without replacing the previous document). As sourcePatientInfo may have been updated by the source actor, it may no longer be in use within the Document Source (EHR-CR). It is only intended as an audit/checking mechanism and has occasional use for Document Consumer actors."/>
      <min value="1"/>
      <max value="1"/>
      <type>
        <code value="Reference"/>
        <profile value="http://hl7.org/fhir/Profile/Patient"/>
      </type>
      <isSummary value="false"/>
    </element>
    <element>
      <path value="DocumentReference.type"/>
      <short value="XDSDocumentEntry.typeCode"/>
      <formal value="The code specifying the particular kind of document (e.g., Prescription, Discharge Summary, Report). It is suggested that the XDS Affinity Domain draws these values from a coding scheme providing a coarse level of granularity (about 10 to 100 entries). Shall have a single value."/>
      <min value="1"/>
      <max value="1"/>
      <type>
        <code value="CodeableConcept"/>
      </type>
      <isSummary value="false"/>
    </element>
    <element>
      <path value="DocumentReference.class"/>
      <short value="XDSDocumentEntry.classCode"/>
      <formal value="A categorization for the type of the document. This may be implied by or derived from the code specified in the Document Type."/>
      <comments value="XDSDocumentEntry.typeCode."/>
      <min value="1"/>
      <max value="1"/>
      <type>
        <code value="CodeableConcept"/>
      </type>
      <isSummary value="false"/>
    </element>
    <element>
      <path value="DocumentReference.author"/>
      <short value="XDSDocumentEntry.author"/>
      <formal value="Represents the humans and/or machines that authored the document."/>
      <min value="1"/>
      <max value="*"/>
      <type>
        <code value="Reference"/>
        <profile value="http://hl7.org/fhir/Profile/Practitioner"/>
      </type>
      <type>
        <code value="Reference"/>
        <profile value="http://hl7.org/fhir/Profile/Device"/>
      </type>
      <isSummary value="false"/>
    </element>
    <element>
      <path value="DocumentReference.custodian"/>
      <short value="n/a"/>
      <formal value="Org which maintains the document."/>
      <min value="0"/>
      <max value="0"/>
      <type>
        <code value="Reference"/>
        <profile value="http://hl7.org/fhir/Profile/Organization"/>
      </type>
      <isSummary value="false"/>
    </element>
    <element>
      <path value="DocumentReference.policyManager"/>
      <short value="XDSDocumentEntry.homeCommunityId"/>
      <formal value="A globally unique identifier for a community with which this document is associated."/>
      <min value="0"/>
      <max value="1"/>
      <type>
        <code value="uri"/>
      </type>
      <isSummary value="false"/>
    </element>
    <element>
      <path value="DocumentReference.authenticator"/>
      <short value="??"/>
      <formal value="Represents a participant who has legally authenticated or attested the document within the authorInstitution. Legal authentication implies that a document has been signed manually or electronically by the legalAuthenticator."/>
      <min value="0"/>
      <max value="1"/>
      <type>
        <code value="Reference"/>
        <profile value="http://hl7.org/fhir/Profile/Practitioner"/>
      </type>
      <isSummary value="false"/>
    </element>
    <element>
      <path value="DocumentReference.created"/>
      <short value="XDSDocumentEntry.creationTime"/>
      <formal value="Represents the time the author created the document in the Document Source."/>
      <min value="1"/>
      <max value="1"/>
      <type>
        <code value="dateTime"/>
      </type>
      <isSummary value="false"/>
    </element>
    <element>
      <path value="DocumentReference.indexed"/>
      <short value="XDS submission time or XDSDocumentEntry.creationTime  if unknown"/>
      <formal value="When this document reference created."/>
      <min value="1"/>
      <max value="1"/>
      <type>
        <code value="instant"/>
      </type>
      <isSummary value="false"/>
    </element>
    <element>
      <path value="DocumentReference.status"/>
      <short value="implied by XDS workflow"/>
      <formal value="This attribute is always set to Approved as part of the submission of new XDS Documents. It may be changed to Deprecated under the primary responsibility of the Document Source with possible patient supervision. Although XDS supports the ability to delete documents, there is no such state as ???the Document Entry is removed??? (only an audit trail is kept if such a deletion is allowed)."/>
      <min value="1"/>
      <max value="1"/>
      <type>
        <code value="code"/>
      </type>
      <isSummary value="false"/>
    </element>
    <element>
      <path value="DocumentReference.docStatus"/>
      <short value="Status of the underlying document."/>
      <formal value="Status of the underlying document."/>
      <min value="0"/>
      <max value="0"/>
      <type>
        <code value="CodeableConcept"/>
      </type>
      <isSummary value="false"/>
    </element>
    <element>
      <path value="DocumentReference.relatesTo"/>
      <short value="Relationships that this document has with other document references that already exist"/>
      <formal value="Relationships to other documents."/>
      <min value="0"/>
      <max value="*"/>
      <isSummary value="false"/>
    </element>
    <element>
      <path value="DocumentReference.relatesTo.code"/>
      <short value="The type of relationship that this document has with anther document"/>
      <formal value="supercedes | transforms | signs | appends."/>
      <comments value="If this document appends another document, then the document cannot be fully understood without also accessing the referenced document."/>
      <min value="1"/>
      <max value="1"/>
      <type>
        <code value="code"/>
      </type>
      <isSummary value="false"/>
    </element>
    <element>
      <path value="DocumentReference.relatesTo.target"/>
      <short value="The target document of this relationship"/>
      <formal value="Target of the relationship."/>
      <min value="1"/>
      <max value="1"/>
      <type>
        <code value="Reference"/>
        <profile value="http://hl7.org/fhir/Profile/DocumentReference"/>
      </type>
      <isSummary value="false"/>
    </element>
    <element>
      <path value="DocumentReference.description"/>
      <short value="XDSDocumentEntry.title"/>
      <formal value="Represents the title of the document."/>
      <min value="0"/>
      <max value="1"/>
      <type>
        <code value="string"/>
      </type>
      <isSummary value="false"/>
    </element>
    <element>
      <path value="DocumentReference.confidentiality"/>
      <short value="XDSDocumentEntry.confidentialityCode"/>
      <formal value="The code specifying the level of confidentiality of the XDS Document. These codes are specific to an XDS Affinity Domain."/>
      <comments value="Enforcement and issues related to highly sensitive documents are beyond the scope of XDS (see security section). confidentialityCode is part of a codification scheme and value set enforced by the Document Registry."/>
      <min value="1"/>
      <max value="1"/>
      <type>
        <code value="CodeableConcept"/>
      </type>
      <isSummary value="false"/>
    </element>
    <element>
      <path value="DocumentReference.primaryLanguage"/>
      <short value="XDSDocumentEntry.languageCode"/>
      <formal value="Specifies the human language of character data in the document. The values of the attribute are language identifiers as described by the IETF (Internet Engineering Task Force) RFC 3066."/>
      <comments value="This value may further be restricted by the registry according to XDS Affinity Domain specific policy."/>
      <min value="0"/>
      <max value="1"/>
      <type>
        <code value="code"/>
      </type>
      <isSummary value="false"/>
    </element>
    <element>
      <path value="DocumentReference.mimeType"/>
      <short value="XDSDocumentEntry.mimeType"/>
      <formal value="MIME type of the document in the Repository."/>
      <min value="1"/>
      <max value="1"/>
      <type>
        <code value="code"/>
      </type>
      <isSummary value="false"/>
    </element>
    <element>
      <path value="DocumentReference.format"/>
      <short value="XDSDocumentEntry.formatCode"/>
      <formal value="Code globally uniquely specifying the format of the document. Along with the typeCode, it should provide sufficient information to allow any potential XDS Document Consumer to know if it will be able to process the document. The formatCode shall be sufficiently specific to ensure processing/display by identifying a document encoding, structure and template (e.g., for a CDA Document, the fact that it complies with a CDA schema, possibly a template and the choice of a content-specific style sheet)."/>
      <comments value="Format codes may be specified by multiple organizations. Format codes defined by ITI shall have names with the prefix urn:ihe:iti:. Format codes defined by other IHE domains shall have names with the prefix urn:ihe:???domain initials???: Format codes defined by the Affinity Domain shall have names with the prefix urn:ad:???name of affinity domain???: Affinity Domains shall be unique. The prefixes described here are not assumed to be exhaustive."/>
      <min value="1"/>
      <max value="1"/>
      <type>
        <code value="CodeableConcept"/>
      </type>
      <isSummary value="false"/>
    </element>
    <element>
      <path value="DocumentReference.size"/>
      <short value="XDSDocumentEntry.size"/>
      <formal value="Size in bytes of the byte stream that was provided in the Register and Provide Transaction and stored by the XDS Document Repository. This value is computed by the Document Repository and included in the Register Documents Set Transaction."/>
      <min value="0"/>
      <max value="1"/>
      <type>
        <code value="integer"/>
      </type>
      <isSummary value="false"/>
    </element>
    <element>
      <path value="DocumentReference.hash"/>
      <short value="XDSDocumentEntry.hash"/>
      <formal value="Hash key of the XDS Document itself."/>
      <comments value="This value is computed by the Document Repository and used by the Document Registry for detecting the improper resubmission of XDS Documents. If present, shall have a single value. If this attribute is received in a Provide &amp; Register Document Set-b [ITI-41] transaction, it shall be verified by the repository with the actual hash value of the submitted document; an XDSRepositoryMetadataError shall be returned on mismatch."/>
      <min value="0"/>
      <max value="1"/>
      <type>
        <code value="string"/>
      </type>
      <isSummary value="false"/>
    </element>
    <element>
      <path value="DocumentReference.location"/>
      <short value="repository location (by implication &amp; configuration)"/>
      <formal value="Where to access the document."/>
      <min value="0"/>
      <max value="1"/>
      <type>
        <code value="uri"/>
      </type>
      <isSummary value="false"/>
    </element>
    <element>
      <path value="DocumentReference.service"/>
      <short value="can be determined from repository location + parameters"/>
      <formal value="If access is not fully described by location."/>
      <min value="0"/>
      <max value="0"/>
      <isSummary value="false"/>
    </element>
    <element>
      <path value="DocumentReference.context"/>
      <short value="event codes, service Start &amp; Stop time, and facility type"/>
      <formal value="Clinical context of document - eventCodeList, serviceStart &amp; Stop time, and facility type."/>
      <min value="0"/>
      <max value="1"/>
      <isSummary value="false"/>
    </element>
    <element>
      <path value="DocumentReference.context.event"/>
      <short value="XDSDocumentEntry.eventCodeList"/>
      <formal value="This list of codes represents the main clinical acts, such as a colonoscopy or an appendectomy, being documented. In some cases, the event is inherent in the typeCode, such as a &quot;History and Physical Report&quot; in which the procedure being documented is necessarily a &quot;History and Physical&quot; act."/>
      <comments value="An event can further specialize the act inherent in the typeCode, such as where it is simply &quot;Procedure Report&quot; and the procedure was a &quot;colonoscopy&quot;. If one or more eventCodes are included, they shall not conflict with the values inherent in the classCode, practiceSettingCode or typeCode, as such a conflict would create an ambiguous situation. This short list of codes is provided to be used as ???key words??? for certain types of queries."/>
      <min value="0"/>
      <max value="*"/>
      <type>
        <code value="CodeableConcept"/>
      </type>
      <isSummary value="false"/>
    </element>
    <element>
      <path value="DocumentReference.context.period"/>
      <short value="XDSDocumentEntry.serviceStartTime &amp; XDSDocumentEntry.serviceStopTime"/>
      <formal value="The start and stop time of the service being documented took place."/>
      <comments value="At least a start date SHALL be provided."/>
      <min value="1"/>
      <max value="1"/>
      <type>
        <code value="Period"/>
      </type>
      <isSummary value="false"/>
    </element>
    <element>
      <path value="DocumentReference.context.facilityType"/>
      <short value="XDSDocumentEntry.healthCareFacilityTypeCode"/>
      <formal value="This code represents the type of organizational setting of the clinical encounter during which the documented act occurred."/>
      <comments value="In some cases, the setting of the encounter is inherent in the typeCode, such as &quot;Diabetes Clinic Progress Note&quot;. healthcareFacilityTypeCode shall be equivalent to or further specialize the value inherent in the typeCode; for example, where the typeCode is simply &quot;Clinic Progress Note&quot; and the value of healthcareFacilityTypeCode is &quot;private clinic&quot;. The value shall not conflict with the value inherent in the typeCode, as such a conflict would create an ambiguous situation."/>
      <min value="0"/>
      <max value="1"/>
      <type>
        <code value="CodeableConcept"/>
      </type>
      <isSummary value="false"/>
    </element>
  </differential>
</Profile>