{"id":"example","numberOfInstances":1,"numberOfSeries":1,"patient":{"reference":"Patient/dicom"},"resourceType":"ImagingStudy","series":[{"bodySite":{"code":"67734004","display":"Upper Trunk Structure","system":"http://snomed.info/sct"},"description":"CT Surview 180","instance":[{"number":1,"sopclass":"urn:oid:1.2.840.10008.5.1.4.1.1.2","uid":"urn:oid:2.16.124.113543.6003.189642796.63084.16748.2599092903","url":"http://localhost/fhir/Binary/1.2.840.11361907579238403408700.3.0.14.19970327150033"}],"modality":"CT","number":3,"numberOfInstances":1,"uid":"urn:oid:2.16.124.113543.6003.2588828330.45298.17418.2723805630"}],"started":"2011-01-01T11:01:20","text":{"div":"<div>Image 1 from Series 3: CT Images on Patient MINT (MINT1234) taken at 1-Jan 2011 01:20 AM</div>","status":"generated"},"uid":"urn:oid:2.16.124.113543.6003.1154777499.30246.19789.3503430045"}