{
  "resourceType": "ImagingObjectSelection",
  "id": "example",
  "text": {
    "status": "generated",
    "div": "<div>A set of images accompanying to an exam document, including one SC image and two CT images, to publish the exam sharing</div>"
  },
  "uid": "urn:oid:2.16.124.113543.6003.189642796.63084.16748.2599092901",
  "patient": {
    "reference": "Patient/dicom"
  },
  "title": {
    "coding": [
      {
        "system": "http://nema.org/dicom/dcid",
        "code": "113030",
        "display": "Manifest"
      }
    ],
    "text": "A set of objects that have been exported for sharing"
  },
  "description": "1 SC image (screen snapshot) and 2 CT images to share a chest CT exam",
  "authoringTime": "2014-11-20T11:01:20",
  "study": [
    {
      "uid": "urn:oid:2.16.124.113543.6003.189642796.63084.16749.2599092904",
      "series": [
        {
          "uid": "urn:oid:2.16.124.113543.6003.189642796.63084.16750.2599092901",
          "retrieveAETitle": "SCP",
          "instance": [
            {
              "sopClass": "urn:oid:1.2.840.10008.5.1.4.1.1.7",
              "uid": "urn:oid:2.16.124.113543.6003.189642796.63084.16748.2599092902",
              "retrieveUrl": "http://localhost/wado/SCP/2.16.124.113543.6003.189642796.63084.16749.2599092904"
            }
          ]
        },
        {
          "uid": "urn:oid:2.16.124.113543.6003.189642796.63084.16750.2599092902",
          "retrieveAETitle": "SCP",
          "instance": [
            {
              "sopClass": "urn:oid:1.2.840.10008.5.1.4.1.1.2",
              "uid": "urn:oid:2.16.124.113543.6003.189642796.63084.16748.2599092903",
              "retrieveUrl": "http://localhost/wado/SCP/2.16.124.113543.6003.189642796.63084.16748.2599092903"
            },
            {
              "sopClass": "urn:oid:1.2.840.10008.5.1.4.1.1.2",
              "uid": "urn:oid:2.16.124.113543.6003.189642796.63084.16748.2599092904",
              "retrieveUrl": "http://localhost/wado/SCP/2.16.124.113543.6003.189642796.63084.16750.2599092902"
            }
          ]
        }
      ]
    }
  ]
}