{
  "resourceType": "ImmunizationRecommendation",
  "id": "example",
  "text": {
    "status": "generated",
    "div": "<div>Authored by Joginder Madra</div>"
  },
  "subject": {
    "reference": "Patient/example"
  },
  "recommendation": [
    {
      "date": "2013-03-01",
      "vaccineType": {
        "coding": [
          {
            "system": "http://snomed.info/sct",
            "code": "396427003"
          }
        ]
      },
      "forecastStatus": {
        "coding": [
          {
            "system": "http://hl7.org/fhir/immunization-recommendation-status",
            "code": "DUE"
          }
        ]
      }
    }
  ]
}