{"coverage":[{"coverage":{"reference":"Coverage/9876B1"},"focal":true,"relationship":{"code":"self"},"sequence":1}],"created":"2014-08-16","diagnosis":[{"diagnosis":{"code":"654456"},"sequence":1}],"id":"960150","identifier":[{"system":"http://happyhospital.com/claims","value":"9612345"}],"item":[{"net":{"code":"USD","system":"urn:std:iso:4217","value":125.00},"provider":{"reference":"Practitioner/1"},"sequence":1,"service":{"code":"exam","system":"http://hl7.org/fhir/ex-serviceproduct"},"serviceDate":"2014-08-16","type":{"code":"service"},"unitPrice":{"code":"USD","system":"urn:std:iso:4217","value":125.00}}],"organization":{"reference":"Organization/1"},"patient":{"reference":"Patient/1"},"payee":{"type":{"code":"provider"}},"priority":{"code":"normal"},"resourceType":"InstitutionalClaim","target":{"reference":"Organization/2"},"text":{"div":"<div>A human-readable rendering of the Claim</div>","status":"generated"},"use":"complete"}