{
  "resourceType": "List",
  "id": "example",
  "text": {
    "status": "generated",
    "div": "<div>\n      \n      <table>\n        \n        <thead>\n          \n          <tr>\n            \n            <th>Condition</th>\n            \n            <th>Severity</th>\n            \n            <th>Date</th>\n            \n            <th>Location</th>\n            \n            <th>Status</th>\n          \n          </tr>\n        \n        </thead>\n        \n        <tbody>\n          \n          <tr>\n            \n            <td>Burnt Ear</td>\n            \n            <td>Severe</td>\n            \n            <td>24-May 2012</td>\n            \n            <td>Left Ear</td>\n            \n            <td>deleted</td>\n          \n          </tr>\n          \n          <tr>\n            \n            <td>Asthma</td>\n            \n            <td>Mild</td>\n            \n            <td>21-Nov 2012</td>\n            \n            <td>--</td>\n            \n            <td>added</td>\n          \n          </tr>\n        \n        </tbody>\n      \n      </table>\n    \n    </div>"
  },
  "source": {
    "reference": "Patient/example"
  },
  "date": "2012-11-25T22:17:00+11:00",
  "ordered": false,
  "mode": "changes",
  "entry": [
    {
      "flag": [
        {
          "text": "Deleted due to error"
        }
      ],
      "deleted": true,
      "item": {
        "reference": "Condition/example"
      }
    },
    {
      "flag": [
        {
          "text": "Added"
        }
      ],
      "item": {
        "reference": "Condition/example2"
      }
    }
  ]
}