{
  "resourceType": "List",
  "id": "uslabvaluesets",
  "text": {
    "status": "generated",
    "div": "<div>\n\t\t\t\t\n      <h3>List of Value Sets created for the USLabOrder and USLabResult Implementation</h3>\n\t\t\n      <ul>\n\t\t\t\n        <li>\n\t\t\t\t\n          <a href=\"valueset-do-uslab-event.html\">USLABDOEvent - Information about an event that occurred to a diagnostic order that corresponds to the USLabOrder Use Cases</a>\n\t\t\t\n        </li>\n\t\t\n      </ul>\n\t\t\n      <ul>\n\t\t\t\n        <li>\n\t\t\t\t\n          <a href=\"patient-uslab-nameuse.html\">USLabNameUse - The name types for US Laboratory ordering and reporting in ambulatory care setting</a>\n\t\t\t\n        </li>\n\t\t\n      </ul>\n\t\t\n      <ul>\n\t\t\t\n        <li>\n\t\t\t\t\n          <a href=\"patient-uslabph-nameuse.html\">USLabPHNameUse - The name types for US Laboratory reporting to Public Health</a>\n\t\t\t\n        </li>\n\t\t\n      </ul>\n\t\t\n      <ul>\n\t\t\t\n        <li>\n\t\t\t\t\n          <a href=\"uslab-country-codes.html\">USLabCountry - ISO 3166 3 letter codes</a>\n\t\t\t\n        </li>\n\t\t\n      </ul>\n\t\t\n      <ul>\n\t\t\t\n        <li>\n\t\t\t\t\n          <a href=\"valueset-usps-state.html\">USPSState - Two letter USPS alphabetic codes</a>\n\t\t\t\n        </li>\n\t\t\n      </ul>\n\t\t\n      <ul>\n\t\t\t\n        <li>\n\t\t\t\t\n          <a href=\"valueset-fips-county.html\">USFIPSCounty - FIPS codes for US counties and county equivalent entities</a>\n\t\t\t\n        </li>\n\t\t\n      </ul>\n\t\t\n      <ul>\n\t\t\t\n        <li>\n\t\t\t\t\n          <a href=\"valueset-obs-uslab-interpretation.html\">USLabObsInterpretation - Codes identifying interpretations of observations</a>\n\t\t\t\n        </li>\n\t\t\n      </ul>\n\t\t\n      <ul>\n\t\t\t\n        <li>\n\t\t\t\t\n          <a href=\"valueset-units.html\">USLabUCUM - UCUM Codes for units of measure</a>\n\t\t\t\n        </li>\n\t\t\n      </ul>\n\t\t\n      <ul>\n\t\t\t\n        <li>\n\t\t\t\t\n          <a href=\"valueset-obs-uslab-spec-reject.html\">USLabSpecimenRejection - Specimen Rejection Reasons codes for identifying why a test was not performed</a>\n\t\t\t\n        </li>\n\t\t\n      </ul>\n\t\t\n      <ul>\n\t\t\t\n        <li>\n\t\t\t\t\n          <a href=\"valueset-obs-uslab-kind.html\">USLabObservationKind - Code to classify the kind of observation in Observation.value[x]</a>\n\t\t\t\n        </li>\n\t\t\n      </ul>\n\t\t\n      <ul>\n\t\t\t\n        <li>\n\t\t\t\t\n          <a href=\"valueset-spec-uslab-type.html\">USLabSpecimenType - Codes to describe the Specimen</a>\n\t\t\t\n        </li>\n\t\t\n      </ul>\n\t\t\n      <ul>\n\t\t\t\n        <li>\n\t\t\t\t\n          <a href=\"http://hl7.org/fhir/vs/body-site\">USLabSpecimenBodySite - Codes to describe the Specimen Collection Body site</a>\n\t\t\t\n        </li>\n\t\t\n      </ul>\n\t\t\n    </div>"
  },
  "code": {
    "text": "List of Value Sets created for the USLabOrder and USLabResult Implementation"
  },
  "date": "2014-11-29",
  "ordered": false,
  "mode": "working",
  "entry": [
    {
      "deleted": false,
      "date": "2014-11-29",
      "item": {
        "reference": "valueset-do-uslab-event.html",
        "display": "USLABDOEvent - Information about an event that occurred to a diagnostic order that corresponds to the USLabOrder Use Cases"
      }
    },
    {
      "deleted": false,
      "date": "2014-11-29",
      "item": {
        "reference": "patient-uslab-nameuse.html",
        "display": "USLabNameUse - The name types for US Laboratory ordering and reporting in ambulatory care setting"
      }
    },
    {
      "deleted": false,
      "date": "2014-11-29",
      "item": {
        "reference": "patient-uslabph-nameuse.html",
        "display": "USLabPHNameUse - The name types for US Laboratory reporting to Public Health"
      }
    },
    {
      "deleted": false,
      "date": "2014-11-29",
      "item": {
        "reference": "uslab-country-codes.html",
        "display": "USLabCountry - ISO 3166 3 letter codes"
      }
    },
    {
      "deleted": false,
      "date": "2014-11-29",
      "item": {
        "reference": "valueset-usps-state.html",
        "display": "USPSState - Two letter USPS alphabetic codes"
      }
    },
    {
      "deleted": false,
      "date": "2014-11-29",
      "item": {
        "reference": "valueset-fips-county.html",
        "display": "USFIPSCounty - FIPS codes for US counties and county equivalent entities"
      }
    },
    {
      "deleted": false,
      "date": "2014-11-29",
      "item": {
        "reference": "valueset-obs-uslab-interpretation.html",
        "display": "USLabObsInterpretation - Codes identifying interpretations of observations"
      }
    },
    {
      "deleted": false,
      "date": "2014-11-29",
      "item": {
        "reference": "valueset-units.html",
        "display": "USLabUCUM - UCUM Codes for units of measure"
      }
    },
    {
      "deleted": false,
      "date": "2014-11-29",
      "item": {
        "reference": "valueset-obs-uslab-spec-reject.html",
        "display": "USLabSpecimenRejection - Specimen Rejection Reasons codes for identifying why a test was not performed"
      }
    },
    {
      "deleted": false,
      "date": "2014-11-29",
      "item": {
        "reference": "valueset-obs-uslab-kind.html",
        "display": "USLabObservationKind - Code to classify the kind of observation in Observation.value[x]"
      }
    },
    {
      "deleted": false,
      "date": "2014-11-29",
      "item": {
        "reference": "valueset-spec-uslab-type.html",
        "display": "USLabSpecimenType - Codes to describe the Specimen"
      }
    },
    {
      "deleted": false,
      "date": "2014-11-29",
      "item": {
        "reference": "http://hl7.org/fhir/vs/body-site",
        "display": "USLabSpecimenBodySite - Codes to describe the Specimen Collection Body site"
      }
    }
  ]
}