{
  "resourceType": "List",
  "id": "example-empty",
  "text": {
    "status": "generated",
    "div": "<div>\n      \n      <p>The patient is not on any medications</p>\n    \n    </div>"
  },
  "code": {
    "coding": [
      {
        "system": "http://snomed.info/sct",
        "code": "182836005",
        "display": "Review of medication"
      }
    ],
    "text": "Medication Review"
  },
  "source": {
    "reference": "Patient/example"
  },
  "date": "2012-11-26T07:30:23+11:00",
  "mode": "snapshot",
  "emptyReason": {
    "coding": [
      {
        "system": "http://hl7.org/fhir/special-values",
        "code": "nil known",
        "display": "Nil Known"
      }
    ],
    "text": "The patient is not on any medications"
  }
}