{
  "resourceType": "Location",
  "id": "2",
  "text": {
    "status": "generated",
    "div": "<div>Burgers UMC, South Wing, second floor, Neuro Radiology Operation Room 1</div>"
  },
  "identifier": [
    {
      "value": "B1-S.F2.1.00"
    }
  ],
  "name": "South Wing Neuro OR 1",
  "description": "Old South Wing, Neuro Radiology Operation Room 1 on second floor",
  "type": {
    "coding": [
      {
        "system": "http://hl7.org/fhir/v3/RoleCode",
        "code": "RNEU",
        "display": "Neuroradiology unit"
      }
    ]
  },
  "telecom": [
    {
      "system": "phone",
      "value": "2329"
    }
  ],
  "physicalType": {
    "coding": [
      {
        "system": "http://hl7.org/fhir/location-physical-type",
        "code": "ro",
        "display": "Room"
      }
    ]
  },
  "managingOrganization": {
    "reference": "Organization/f001"
  },
  "status": "suspended",
  "partOf": {
    "reference": "Location/1"
  }
}