{"address":{"city":"Den Burg","country":"NLD","line":["Galapagosweg 91, Building A"],"postalCode":"9105 PZ","use":"work"},"description":"Second floor of the Old South Wing, formerly in use by Psychiatry","id":"1","identifier":[{"value":"B1-S.F2"}],"managingOrganization":{"reference":"Organization/f001"},"name":"South Wing, second floor","physicalType":{"coding":[{"code":"wi","display":"Wing","system":"http://hl7.org/fhir/location-physical-type"}]},"position":{"altitude":0,"latitude":52.37799399970903,"longitude":4.844614000123024},"resourceType":"Location","status":"active","telecom":[{"system":"phone","use":"work","value":"2328"},{"system":"fax","use":"work","value":"2329"},{"system":"email","value":"second wing admissions"},{"system":"url","use":"work","value":"http://sampleorg.com/southwing"}],"text":{"div":"<div>Burgers UMC, South Wing, second floor</div>","status":"generated"}}