{"dateWritten":"2013-04-04","dosageInstruction":[{"maxDosePerPeriod":{"denominator":{"code":"258702006","system":"http://snomed.info/sct","units":"hours","value":24},"numerator":{"code":"258684004","system":"http://snomed.info/sct","units":"milligram","value":3000}},"method":{"coding":[{"code":"322236009","display":"Paracetamol 500mg tablet","system":"http://snomed.info/sct"}]},"text":"Paracetamol 3xdaags 1000mg"}],"encounter":{"display":"Roel's encounter on April fourth 2013","reference":"Encounter/f201"},"id":"f203","medication":{"display":"Paracetamol","reference":"Medication/f203"},"patient":{"display":"Roel","reference":"Patient/f201"},"prescriber":{"reference":"Practitioner/f201"},"reasonReference":{"display":"fever","reference":"Condition/f201"},"resourceType":"MedicationPrescription","status":"active"}