{"contained":[{"id":"1","resourceType":"Substance","type":{"coding":[{"code":"270","system":"urn:oid:2.16.840.1.113883.5.1103"}]}},{"code":{"coding":[{"code":"N02BE01","system":"urn:oid:2.16.840.1.113883.6.73"}]},"id":"2","name":"ACETAMINOPHEN","product":{"form":{"coding":[{"code":"TAB","display":"tablet","system":"http://hl7.org/fhir/v3/MaterialForm"}]},"ingredient":[{"amount":{"numerator":{"code":"mg","system":"http://unitsofmeasure.org","value":500}},"item":{"reference":"#1"}}]},"resourceType":"Medication"}],"dosage":[{"asNeededBoolean":true,"quantity":{"value":1},"route":{"coding":[{"code":"394899003","display":"oral administration of treatment","system":"http://snomed.info/sct"}]},"schedule":{"repeat":{"duration":1,"frequency":1,"units":"d"}}}],"id":"tylenol","medication":{"reference":"#2"},"patient":{"reference":"Patient/example"},"resourceType":"MedicationStatement","text":{"div":"<div>\n      \n      <p>500 mg Acetaminophen tablet 1/day, PRN since 2010</p>\n    \n    </div>","status":"generated"},"whenGiven":{"start":"2010"}}