{
  "resourceType": "Medication",
  "id": "example",
  "text": {
    "status": "generated",
    "div": "<div>123456789: Penicillin VK oral suspension 125mg/5ml</div>"
  },
  "name": "Penicillin VK oral suspension 125mg/5ml",
  "code": {
    "coding": [
      {
        "system": "http://snomed.info/sct",
        "code": "323418000",
        "display": "Phenoxymethylpenicillin 125mg/5mL oral solution (product)"
      },
      {
        "system": "http://nehta.gov.au/amt/v2",
        "code": "22571011000036102",
        "display": "phenoxymethylpenicillin 125 mg / 5 mL oral liquid, 5 mL measure"
      }
    ]
  },
  "isBrand": false,
  "kind": "product",
  "product": {
    "form": {
      "coding": [
        {
          "system": "http://snomed.info/sct",
          "code": "37595005",
          "display": "Suspension"
        }
      ]
    }
  }
}