{
  "resourceType": "MedicationDispense",
  "id": "example",
  "text": {
    "status": "generated",
    "div": "<div>\n      \n      <p>Penicillin VK 10ml suspension</p>\n      \n      <p>dispensed 16:20 on 30 May 2012</p>\n      \n      <p>by Dr Carfeful</p>\n      \n      <p>picked up at 10:20 on 31 May 2012</p>\n      \n      <p>on the authority of prescription ref: example</p>\n      \n      <p>to patient ref: a23</p>\n    \n    </div>"
  },
  "patient": {
    "reference": "Patient/example"
  },
  "dispenser": {
    "reference": "Practitioner/example"
  },
  "authorizingPrescription": [
    {
      "reference": "MedicationPrescription/example"
    }
  ],
  "dispense": [
    {
      "status": "completed",
      "quantity": {
        "value": 10,
        "units": "ml",
        "system": "http://unitsofmeasure.org",
        "code": "ml"
      },
      "medication": {
        "reference": "Medication/example"
      },
      "whenPrepared": "2012-05-30T16:20:00",
      "whenHandedOver": "2012-05-31T10:20:00"
    }
  ],
  "substitution": {
    "type": {
      "coding": [
        {
          "system": "./MedDispSubType",
          "code": "NoSub",
          "display": "No substitution made or expected"
        }
      ]
    }
  }
}