{"dateWritten":"2013-05-25T19:32:52+01:00","dispense":{"expectedSupplyDuration":{"code":"d","system":"urn:oid:2.16.840.1.113883.6.8","units":"days","value":40},"numberOfRepeatsAllowed":20,"quantity":{"code":"ug","system":"urn:oid:2.16.840.1.113883.6.8","units":"mcg","value":100},"validityPeriod":{"end":"2013-05-30","start":"2013-04-08"}},"dosageInstruction":[{"additionalInstructions":{"text":"for use during pregnancy, contact physician"},"doseQuantity":{"code":"ml","system":"http://unitsofmeasure.org","units":"ml","value":10},"route":{"coding":[{"code":"394899003","display":"oral administration of treatment","system":"http://snomed.info/sct"}]},"scheduledTiming":{"event":[{"end":"2013-11-05","start":"2013-08-04"}],"repeat":{"duration":1,"frequency":3,"units":"d"}},"site":{"coding":[{"code":"181220002","display":"Entire oral cavity","system":"http://snomed.info/sct"}]},"text":"3 tot 4 maal daags 1 flacon"}],"encounter":{"display":"visit who leads to this priscription","reference":"Encounter/f001"},"id":"f001","identifier":[{"system":"http://www.bmc/portal/prescriptions","use":"official","value":"order9837293"}],"medication":{"display":"prescribed medication","reference":"Medication/f001"},"patient":{"display":"P. van den Heuvel","reference":"Patient/f001"},"prescriber":{"display":"R.A. van den Berk","reference":"Practitioner/f006"},"reasonCodeableConcept":{"coding":[{"code":"13645005","display":"Chronic obstructive pulmonary disease","system":"http://snomed.info/sct"}]},"resourceType":"MedicationPrescription","status":"active"}