{"dateWritten":"2013-04-08","dispense":{"quantity":{"code":"46992007","system":"http://snomed.info/sct","value":90},"validityPeriod":{"start":"2013-04-08"}},"dosageInstruction":[{"doseQuantity":{"code":"mg","system":"http://unitsofmeasure.org","units":"mg","value":10},"route":{"coding":[{"code":"386359008","display":"Administration of drug or medicament via oral route","system":"http://snomed.info/sct"}]},"scheduledTiming":{"event":[{"start":"2013-08-04"}],"repeat":{"duration":1,"frequency":1,"units":"d"}},"site":{"coding":[{"code":"181220002","display":"Entire oral cavity","system":"http://snomed.info/sct"}]}}],"encounter":{"display":"encounter who leads to this priscription","reference":"Encounter/f001"},"id":"f002","identifier":[{"system":"http://www.bmc.nl/portal/prescriptions","use":"official","value":"order9837343"}],"medication":{"display":"prescribed medication","reference":"Medication/f002"},"patient":{"display":"P. van den Heuvel","reference":"Patient/f001"},"prescriber":{"display":"R.A. van den Berk","reference":"Practitioner/f006"},"reasonCodeableConcept":{"coding":[{"code":"28036006","display":"High density lipoprotein cholesterol level","system":"http://snomed.info/sct"}]},"resourceType":"MedicationPrescription","status":"active"}