{
  "resourceType": "Medication",
  "id": "f004",
  "name": "Metoprolol",
  "code": {
    "coding": [
      {
        "system": "http://snomed.info/sct",
        "code": "318475005",
        "display": "Metoprolol tartrate 50mg tablet"
      }
    ]
  },
  "isBrand": true,
  "kind": "product",
  "package": {
    "container": {
      "coding": [
        {
          "system": "http://snomed.info/sct",
          "code": "398124009",
          "display": "drug container"
        }
      ]
    }
  }
}