{"authorizingPrescription":[{"reference":"MedicationPrescription/example"}],"dispense":[{"medication":{"reference":"Medication/example"},"quantity":{"code":"ml","system":"http://unitsofmeasure.org","units":"ml","value":10},"status":"completed","whenHandedOver":"2012-05-31T10:20:00","whenPrepared":"2012-05-30T16:20:00"}],"dispenser":{"reference":"Practitioner/example"},"id":"example","patient":{"reference":"Patient/example"},"resourceType":"MedicationDispense","substitution":{"type":{"coding":[{"code":"NoSub","display":"No substitution made or expected","system":"./MedDispSubType"}]}},"text":{"div":"<div>\n      \n      <p>Penicillin VK 10ml suspension</p>\n      \n      <p>dispensed 16:20 on 30 May 2012</p>\n      \n      <p>by Dr Carfeful</p>\n      \n      <p>picked up at 10:20 on 31 May 2012</p>\n      \n      <p>on the authority of prescription ref: example</p>\n      \n      <p>to patient ref: a23</p>\n    \n    </div>","status":"generated"}}