{
  "resourceType": "Profile",
  "id": "medicationadministration-daf-dafmedicationadministration",
  "text": {
    "status": "generated",
    "div": "<div>to do</div>"
  },
  "url": "http://hl7.org/fhir/Profile/medicationadministration-daf-dafmedicationadministration",
  "name": "U.S. Data Access Framework (DAF) Medication Administration Profile",
  "publisher": "U.S. Office of the National Coordinator (ONC)",
  "telecom": [
    {
      "system": "url",
      "value": "http://www.healthit.gov"
    }
  ],
  "description": "Defines constraints and extensions on the MedicationAdministration resource for use in querying and retrieving patient's medication information that was administered. : U.S. Data Access Framework (DAF) Medication Administration Profile",
  "status": "draft",
  "date": "2014-08-21",
  "type": "MedicationAdministration",
  "base": "http://hl7.org/fhir/Profile/MedicationAdministration",
  "snapshot": {
    "element": [
      {
        "path": "MedicationAdministration",
        "name": "DAFMedicationAdministration",
        "short": "Profile of MedicationAdministration for clinical quality rules and measures.",
        "formal": "Profile of MedicationAdministration for clinical quality rules and measures.",
        "min": 1,
        "max": "1",
        "constraint": [
          {
            "key": "2",
            "name": "Not given reason",
            "severity": "error",
            "human": "Reason not given is only permitted if wasNotGiven is true",
            "xpath": "not(exists(f:reasonNotGiven)) or f:wasNotGiven='true'"
          }
        ],
        "isSummary": false,
        "mapping": [
          {
            "identity": "rim",
            "map": "SubstanceAdministration"
          },
          {
            "identity": "rim",
            "map": "SubstanceAdministration"
          }
        ]
      },
      {
        "path": "MedicationAdministration.id",
        "short": "Logical id of this artefact",
        "formal": "The logical id of the resource, as used in the url for the resoure. Once assigned, this value never changes.",
        "comments": "The only time that a resource does not have an id is when it is being submitted to the server using a create operation. Bundles always have an id, though it is usually a generated UUID.",
        "min": 0,
        "max": "1",
        "type": [
          {
            "code": "id"
          }
        ],
        "isSummary": false
      },
      {
        "path": "MedicationAdministration.meta",
        "short": "Metadata about the resource",
        "formal": "The metadata about the resource. This is content that is maintained by the infrastructure. Changes to the content may not always be associated with version changes to the resource.",
        "min": 0,
        "max": "1",
        "isSummary": false
      },
      {
        "path": "MedicationAdministration.meta.id",
        "representation": [
          "xmlAttr"
        ],
        "short": "xml:id (or equivalent in JSON)",
        "formal": "unique id for the element within a resource (for internal references).",
        "min": 0,
        "max": "1",
        "type": [
          {
            "code": "id"
          }
        ],
        "isSummary": false,
        "mapping": [
          {
            "identity": "rim",
            "map": "n/a"
          },
          {
            "identity": "rim",
            "map": "n/a"
          }
        ]
      },
      {
        "path": "MedicationAdministration.meta.extension",
        "short": "Additional Content defined by implementations",
        "formal": "May be used to represent additional information that is not part of the basic definition of the element. In order to make the use of extensions safe and manageable, there is a strict set of governance  applied to the definition and use of extensions. Though any implementer is allowed to define an extension, there is a set of requirements that SHALL be met as part of the definition of the extension.",
        "comments": "There can be no stigma associated with the use of extensions by any application, project, or standard - regardless of the institution or jurisdiction that uses or defines the extensions.  The use of extensions is what allows the FHIR specification to retain a core level of simplicity for everyone.",
        "synonym": [
          "extensions",
          "user content"
        ],
        "min": 0,
        "max": "*",
        "type": [
          {
            "code": "Extension"
          }
        ],
        "isSummary": false,
        "mapping": [
          {
            "identity": "rim",
            "map": "n/a"
          },
          {
            "identity": "rim",
            "map": "n/a"
          }
        ]
      },
      {
        "path": "MedicationAdministration.meta.modifierExtension",
        "short": "Extensions that cannot be ignored",
        "formal": "May be used to represent additional information that is not part of the basic definition of the element, and that modifies the understanding of the element that contains it. Usually modifier elements provide negation or qualification. In order to make the use of extensions safe and manageable, there is a strict set of governance applied to the definition and use of extensions. Though any implementer is allowed to define an extension, there is a set of requirements that SHALL be met as part of the definition of the extension. Applications processing a resource are required to check for modifier extensions.",
        "comments": "There can be no stigma associated with the use of extensions by any application, project, or standard - regardless of the institution or jurisdiction that uses or defines the extensions.  The use of extensions is what allows the FHIR specification to retain a core level of simplicity for everyone.",
        "synonym": [
          "extensions",
          "user content",
          "modifiers"
        ],
        "min": 0,
        "max": "*",
        "type": [
          {
            "code": "Extension"
          }
        ],
        "isSummary": false,
        "mapping": [
          {
            "identity": "rim",
            "map": "N/A"
          },
          {
            "identity": "rim",
            "map": "N/A"
          }
        ]
      },
      {
        "path": "MedicationAdministration.meta.versionId",
        "short": "Version specific identifier",
        "formal": "The version specific identifier, as it appears in the version portion of the url. This values changes when the resource is created, updated, or deleted.",
        "comments": "The server assigns this value, and ignores what the client specifies, except in the case that the server is imposing version integrity on updates/deletes.",
        "min": 0,
        "max": "1",
        "type": [
          {
            "code": "id"
          }
        ],
        "isSummary": false
      },
      {
        "path": "MedicationAdministration.meta.lastUpdated",
        "short": "When the resource version last changed",
        "formal": "When the resource last changed - e.g. when the version changed.",
        "comments": "This value is always populated except when the resource is first being created. The server / resource manager sets this value; what a client provides is irrelevant.",
        "min": 0,
        "max": "1",
        "type": [
          {
            "code": "instant"
          }
        ],
        "isSummary": false
      },
      {
        "path": "MedicationAdministration.meta.profile",
        "short": "Profiles this resource claims to conform to",
        "formal": "A list of profiles that this resource claims to conform to. The URL is a reference to Profile.url.",
        "comments": "It is up to the server and/or other infrastruture of policy to determine whether/how these claims are verified and/or updated over tiem.",
        "min": 0,
        "max": "*",
        "type": [
          {
            "code": "uri"
          }
        ],
        "isSummary": false
      },
      {
        "path": "MedicationAdministration.meta.security",
        "short": "Security Labels applied to this resource",
        "formal": "Security labels applied to this resource. These tags connect specific resources to the overall security policy and infrastructure.",
        "comments": "The security labels can be updated without changing the stated version of the resource.",
        "min": 0,
        "max": "*",
        "type": [
          {
            "code": "Coding"
          }
        ],
        "isSummary": false
      },
      {
        "path": "MedicationAdministration.meta.tag",
        "short": "Tags applied",
        "formal": "Tags applied to this resource. Tags are intended to to be used to identify and relate resources to process and workflow, and applications are not required to consider the tags when interpreting the meaning of a resource.",
        "comments": "The tags can be updated without changing the stated version of the resource.",
        "min": 0,
        "max": "*",
        "type": [
          {
            "code": "Coding"
          }
        ],
        "isSummary": false
      },
      {
        "path": "MedicationAdministration.implicitRules",
        "short": "A set of rules under which this content was created",
        "formal": "A reference to a set of rules that were followed when the resource was constructed, and which must be understood when processing the content.",
        "comments": "Asserting this rule set restricts the content to be only understood by a limited set of trading partners. This inherently limits the usefulness of the data in the long term. However the existing health eco-system is highly fractured, and not yet ready to define, collect, and exchange data in a generally computable sense. Wherever possible, implementers and/or specification writers should avoid using this element as much as possible.",
        "min": 0,
        "max": "1",
        "type": [
          {
            "code": "uri"
          }
        ],
        "isModifier": true,
        "isSummary": false
      },
      {
        "path": "MedicationAdministration.language",
        "short": "Language of the resource content",
        "formal": "The base language in which the resource is written.",
        "comments": "Language is provided to support indexing and accessibility (typically, services such as text to speech use the language tag). The html language tag in the narrative applies  to the narrative. The language tag on the resource may be used to specify the language of other presentations generated from the data in the resource\n\nNot all the content has to be in the base language. The Resource.language should not be assumed to apply to the narrative automatically. If a language is specified, it should it also be specified on the div element in the html (see rules in HTML5 for information about the relationship between xml:lang and the html lang attribute).",
        "min": 0,
        "max": "1",
        "type": [
          {
            "code": "code"
          }
        ],
        "isSummary": false,
        "binding": {
          "name": "Language",
          "isExtensible": false,
          "conformance": "required",
          "description": "A human language",
          "referenceUri": "http://tools.ietf.org/html/bcp47"
        }
      },
      {
        "path": "MedicationAdministration.text",
        "short": "Text summary of the resource, for human interpretation",
        "formal": "A human-readable narrative that contains a summary of the resource, and may be used to represent the content of the resource to a human. The narrative need not encode all the structured data, but is required to contain sufficient detail to make it \"clinically safe\" for a human to just read the narrative. Resource definitions may define what content should be represented in the narrative to ensure clinical safety.",
        "comments": "Contained resources do not have narrative. Resources that are not contained SHOULD have a narrative.",
        "synonym": [
          "narrative",
          "html",
          "xhtml",
          "display"
        ],
        "min": 0,
        "max": "1",
        "type": [
          {
            "code": "Narrative"
          }
        ],
        "condition": [
          "1"
        ],
        "isSummary": false,
        "mapping": [
          {
            "identity": "rim",
            "map": "Act.text?"
          },
          {
            "identity": "rim",
            "map": "Act.text?"
          }
        ]
      },
      {
        "path": "MedicationAdministration.contained",
        "short": "Contained, inline Resources",
        "formal": "These resources do not have an independent existence apart from the resource that contains them - they cannot be identified independently, and nor can they have their own independent transaction scope.",
        "comments": "This should never be done when the content can be identified properly, as once identification is lost, it is extremely difficult (and context dependent) to restore it again.",
        "synonym": [
          "inline resources",
          "anonymous resources",
          "contained resources"
        ],
        "min": 0,
        "max": "*",
        "type": [
          {
            "code": "Resource"
          }
        ],
        "isSummary": false,
        "mapping": [
          {
            "identity": "rim",
            "map": "N/A"
          },
          {
            "identity": "rim",
            "map": "N/A"
          }
        ]
      },
      {
        "path": "MedicationAdministration.extension",
        "short": "Additional Content defined by implementations",
        "formal": "May be used to represent additional information that is not part of the basic definition of the resource. In order to make the use of extensions safe and manageable, there is a strict set of governance  applied to the definition and use of extensions. Though any implementer is allowed to define an extension, there is a set of requirements that SHALL be met as part of the definition of the extension.",
        "comments": "There can be no stigma associated with the use of extensions by any application, project, or standard - regardless of the institution or jurisdiction that uses or defines the extensions.  The use of extensions is what allows the FHIR specification to retain a core level of simplicity for everyone.",
        "synonym": [
          "extensions",
          "user content"
        ],
        "min": 0,
        "max": "*",
        "type": [
          {
            "code": "Extension"
          }
        ],
        "isSummary": false,
        "mapping": [
          {
            "identity": "rim",
            "map": "N/A"
          },
          {
            "identity": "rim",
            "map": "N/A"
          }
        ]
      },
      {
        "path": "MedicationAdministration.modifierExtension",
        "short": "Extensions that cannot be ignored",
        "formal": "May be used to represent additional information that is not part of the basic definition of the resource, and that modifies the understanding of the element that contains it. Usually modifier elements provide negation or qualification. In order to make the use of extensions safe and manageable, there is a strict set of governance applied to the definition and use of extensions. Though any implementer is allowed to define an extension, there is a set of requirements that SHALL be met as part of the definition of the extension. Applications processing a resource are required to check for modifier extensions.",
        "comments": "There can be no stigma associated with the use of extensions by any application, project, or standard - regardless of the institution or jurisdiction that uses or defines the extensions.  The use of extensions is what allows the FHIR specification to retain a core level of simplicity for everyone.",
        "synonym": [
          "extensions",
          "user content"
        ],
        "min": 0,
        "max": "*",
        "type": [
          {
            "code": "Extension"
          }
        ],
        "isSummary": false,
        "mapping": [
          {
            "identity": "rim",
            "map": "N/A"
          },
          {
            "identity": "rim",
            "map": "N/A"
          }
        ]
      },
      {
        "path": "MedicationAdministration.identifier",
        "short": "External identifier",
        "formal": "External identifier - FHIR will generate its own internal IDs (probably URLs) which do not need to be explicitly managed by the resource.  The identifier here is one that would be used by another non-FHIR system - for example an automated medication pump would provide a record each time it operated; an administration while the patient was off the ward might be made with a different system and entered after the event.  Particularly important if these records have to be updated.",
        "min": 0,
        "max": "*",
        "type": [
          {
            "code": "Identifier"
          }
        ],
        "isModifier": true,
        "isSummary": false,
        "mapping": [
          {
            "identity": "v2",
            "map": "RXA-25-Administered Barcode Identifier? (V2 def'n of RXA-25 refers to the 'give' occurrence; appears not to discuss 'administer' cardinality which would seem to be 0..*)"
          },
          {
            "identity": "rim",
            "map": "id"
          },
          {
            "identity": "v2",
            "map": "RXA-25-Administered Barcode Identifier? (V2 def'n of RXA-25 refers to the 'give' occurrence; appears not to discuss 'administer' cardinality which would seem to be 0..*)"
          },
          {
            "identity": "rim",
            "map": "id"
          }
        ]
      },
      {
        "path": "MedicationAdministration.status",
        "short": "in progress | on hold | completed | entered in error | stopped",
        "formal": "Will generally be set to show that the administration has been completed.  For some long running administrations such as infusions it is possible for an administration to be started but not completed or it may be paused while some other process is under way.",
        "min": 1,
        "max": "1",
        "type": [
          {
            "code": "code"
          }
        ],
        "mustSupport": true,
        "isModifier": true,
        "isSummary": false,
        "binding": {
          "name": "MedicationAdministrationStatus",
          "isExtensible": false,
          "conformance": "required",
          "description": "A set of codes indicating the current status of a MedicationAdministration",
          "referenceReference": {
            "reference": "http://hl7.org/fhir/vs/medication-admin-status"
          }
        },
        "mapping": [
          {
            "identity": "v2",
            "map": "RXA-20-Completion Status"
          },
          {
            "identity": "rim",
            "map": "statusCode"
          },
          {
            "identity": "v2",
            "map": "RXA-20-Completion Status"
          },
          {
            "identity": "rim",
            "map": "statusCode"
          }
        ]
      },
      {
        "path": "MedicationAdministration.patient",
        "short": "Who received medication?",
        "formal": "The person or animal to whom the medication was given.",
        "min": 1,
        "max": "1",
        "type": [
          {
            "code": "Reference",
            "profile": "http://hl7.org/fhir/Profile/Patient"
          }
        ],
        "mustSupport": true,
        "isSummary": false,
        "mapping": [
          {
            "identity": "v2",
            "map": "PID-3-Patient ID List"
          },
          {
            "identity": "rim",
            "map": "subject->Patient"
          },
          {
            "identity": "v2",
            "map": "PID-3-Patient ID List"
          },
          {
            "identity": "rim",
            "map": "subject->Patient"
          }
        ]
      },
      {
        "path": "MedicationAdministration.practitioner",
        "short": "Who administered substance?",
        "formal": "The individual who was responsible for giving the medication to the patient.",
        "min": 0,
        "max": "1",
        "type": [
          {
            "code": "Reference",
            "profile": "http://hl7.org/fhir/Profile/Practitioner"
          }
        ],
        "mustSupport": true,
        "isSummary": false,
        "mapping": [
          {
            "identity": "v2",
            "map": "RXA-10-Administering Provider / PRT-5-Participation Person: PRT-4-Participation='AP' (RXA-10 is deprecated)"
          },
          {
            "identity": "rim",
            "map": "performer->Role"
          },
          {
            "identity": "v2",
            "map": "RXA-10-Administering Provider / PRT-5-Participation Person: PRT-4-Participation='AP' (RXA-10 is deprecated)"
          },
          {
            "identity": "rim",
            "map": "performer->Role"
          }
        ]
      },
      {
        "path": "MedicationAdministration.encounter",
        "short": "Encounter administered as part of",
        "formal": "The visit or admission the or other contact between patient and health care provider the medication administration was performed as part of.",
        "min": 0,
        "max": "1",
        "type": [
          {
            "code": "Reference",
            "profile": "http://hl7.org/fhir/Profile/Encounter"
          }
        ],
        "mustSupport": true,
        "isSummary": false,
        "mapping": [
          {
            "identity": "v2",
            "map": "PV1-19-Visit Number"
          },
          {
            "identity": "rim",
            "map": "component->EncounterEvent"
          },
          {
            "identity": "v2",
            "map": "PV1-19-Visit Number"
          },
          {
            "identity": "rim",
            "map": "component->EncounterEvent"
          }
        ]
      },
      {
        "path": "MedicationAdministration.prescription",
        "short": "Order administration performed against",
        "formal": "The original request, instruction or authority to perform the administration.",
        "min": 0,
        "max": "1",
        "type": [
          {
            "code": "Reference",
            "profile": "http://hl7.org/fhir/Profile/MedicationPrescription"
          }
        ],
        "mustSupport": true,
        "isSummary": false,
        "mapping": [
          {
            "identity": "v2",
            "map": "ORC-3-Filler Order Number / ORC-2-Placer Order Number"
          },
          {
            "identity": "rim",
            "map": "InFullfillmentOf->SubstanceAdministration"
          },
          {
            "identity": "v2",
            "map": "ORC-3-Filler Order Number / ORC-2-Placer Order Number"
          },
          {
            "identity": "rim",
            "map": "InFullfillmentOf->SubstanceAdministration"
          }
        ]
      },
      {
        "path": "MedicationAdministration.wasNotGiven",
        "short": "True if medication not administered",
        "formal": "Set this to true if the record is saying that the medication was NOT administered.",
        "min": 0,
        "max": "1",
        "type": [
          {
            "code": "boolean"
          }
        ],
        "mustSupport": true,
        "isModifier": true,
        "isSummary": false,
        "mapping": [
          {
            "identity": "v2",
            "map": "RXA-20-Completion Status='NA'"
          },
          {
            "identity": "rim",
            "map": "actionNegationInd"
          },
          {
            "identity": "v2",
            "map": "RXA-20-Completion Status='NA'"
          },
          {
            "identity": "rim",
            "map": "actionNegationInd"
          }
        ]
      },
      {
        "path": "MedicationAdministration.reasonNotGiven",
        "short": "Reason administration not performed",
        "formal": "A code indicating why the administration was not performed.",
        "min": 0,
        "max": "1",
        "type": [
          {
            "code": "CodeableConcept"
          }
        ],
        "condition": [
          "2"
        ],
        "mustSupport": true,
        "isSummary": false,
        "binding": {
          "name": "MedicationAdministrationNegationReason",
          "isExtensible": true,
          "conformance": "example",
          "description": "A set of codes indicating the reason why the MedicationAdministration is negated.",
          "referenceReference": {
            "reference": "http://hl7.org/fhir/vs/reason-medication-not-given-codes"
          }
        },
        "mapping": [
          {
            "identity": "v2",
            "map": "RXA-9-Administration Notes:RXA-20-Completion Status='NA'"
          },
          {
            "identity": "rim",
            "map": "Reason->Observation->Value"
          },
          {
            "identity": "v2",
            "map": "RXA-9-Administration Notes:RXA-20-Completion Status='NA'"
          },
          {
            "identity": "rim",
            "map": "Reason->Observation->Value"
          }
        ]
      },
      {
        "path": "MedicationAdministration.effectiveTime[x]",
        "short": "Start and end time of administration",
        "formal": "An interval of time during which the administration took place.  For many administrations, such as swallowing a tablet the lower and upper values of the interval will be the same.",
        "min": 1,
        "max": "1",
        "type": [
          {
            "code": "dateTime"
          },
          {
            "code": "Period"
          }
        ],
        "mustSupport": true,
        "isSummary": false,
        "mapping": [
          {
            "identity": "v2",
            "map": "RXA-3-Date/Time Start of Administration / RXA-4-Date/Time End of Administration"
          },
          {
            "identity": "rim",
            "map": "effectiveTime"
          },
          {
            "identity": "v2",
            "map": "RXA-3-Date/Time Start of Administration / RXA-4-Date/Time End of Administration"
          },
          {
            "identity": "rim",
            "map": "effectiveTime"
          }
        ]
      },
      {
        "path": "MedicationAdministration.medication",
        "short": "What was administered?",
        "formal": "Identifies the medication that was administered. This is either a link to a resource representing the details of the medication or a simple attribute carrying a code that identifies the medication from a known list of medications.",
        "comments": "Note: do not use Medication.name to describe the administered medication. When the only available information is a text description of the medication, Medication.code.text should be used.",
        "min": 1,
        "max": "1",
        "type": [
          {
            "code": "Reference",
            "profile": "http://hl7.org/fhir/Profile/Medication"
          }
        ],
        "mustSupport": true,
        "isSummary": false,
        "mapping": [
          {
            "identity": "v2",
            "map": "RXA-5-Administered Code"
          },
          {
            "identity": "rim",
            "map": "Consumeable->AdministerableMedication"
          },
          {
            "identity": "v2",
            "map": "RXA-5-Administered Code"
          },
          {
            "identity": "rim",
            "map": "Consumeable->AdministerableMedication"
          }
        ]
      },
      {
        "path": "MedicationAdministration.device",
        "short": "Device used to administer",
        "formal": "The device used in administering the medication to the patient.  E.g. a particular infusion pump.",
        "min": 0,
        "max": "*",
        "type": [
          {
            "code": "Reference",
            "profile": "http://hl7.org/fhir/Profile/Device"
          }
        ],
        "mustSupport": true,
        "isSummary": false,
        "mapping": [
          {
            "identity": "v2",
            "map": "PRT-10-Participation Device"
          },
          {
            "identity": "rim",
            "map": "device->Access  OR device->AssignedDevice"
          },
          {
            "identity": "v2",
            "map": "PRT-10-Participation Device"
          },
          {
            "identity": "rim",
            "map": "device->Access  OR device->AssignedDevice"
          }
        ]
      },
      {
        "path": "MedicationAdministration.dosage",
        "short": "Medicine administration instructions to the patient/carer",
        "formal": "Provides details of how much of the medication was administered.",
        "min": 0,
        "max": "*",
        "constraint": [
          {
            "key": "1",
            "name": "Dose",
            "severity": "error",
            "human": "SHALL have at least one of dosage.quantity and dosage.rate",
            "xpath": "exists(f:quantity) or exists(f:rate)"
          }
        ],
        "mustSupport": true,
        "isSummary": false,
        "mapping": [
          {
            "identity": "rim",
            "map": "component->SubstanceAdministrationEvent"
          },
          {
            "identity": "rim",
            "map": "component->SubstanceAdministrationEvent"
          }
        ]
      },
      {
        "path": "MedicationAdministration.dosage.id",
        "representation": [
          "xmlAttr"
        ],
        "short": "xml:id (or equivalent in JSON)",
        "formal": "unique id for the element within a resource (for internal references).",
        "min": 0,
        "max": "1",
        "type": [
          {
            "code": "id"
          }
        ],
        "isSummary": false,
        "mapping": [
          {
            "identity": "rim",
            "map": "n/a"
          },
          {
            "identity": "rim",
            "map": "n/a"
          }
        ]
      },
      {
        "path": "MedicationAdministration.dosage.extension",
        "short": "Additional Content defined by implementations",
        "formal": "May be used to represent additional information that is not part of the basic definition of the element. In order to make the use of extensions safe and manageable, there is a strict set of governance  applied to the definition and use of extensions. Though any implementer is allowed to define an extension, there is a set of requirements that SHALL be met as part of the definition of the extension.",
        "comments": "There can be no stigma associated with the use of extensions by any application, project, or standard - regardless of the institution or jurisdiction that uses or defines the extensions.  The use of extensions is what allows the FHIR specification to retain a core level of simplicity for everyone.",
        "synonym": [
          "extensions",
          "user content"
        ],
        "min": 0,
        "max": "*",
        "type": [
          {
            "code": "Extension"
          }
        ],
        "isSummary": false,
        "mapping": [
          {
            "identity": "rim",
            "map": "n/a"
          },
          {
            "identity": "rim",
            "map": "n/a"
          }
        ]
      },
      {
        "path": "MedicationAdministration.dosage.modifierExtension",
        "short": "Extensions that cannot be ignored",
        "formal": "May be used to represent additional information that is not part of the basic definition of the element, and that modifies the understanding of the element that contains it. Usually modifier elements provide negation or qualification. In order to make the use of extensions safe and manageable, there is a strict set of governance applied to the definition and use of extensions. Though any implementer is allowed to define an extension, there is a set of requirements that SHALL be met as part of the definition of the extension. Applications processing a resource are required to check for modifier extensions.",
        "comments": "There can be no stigma associated with the use of extensions by any application, project, or standard - regardless of the institution or jurisdiction that uses or defines the extensions.  The use of extensions is what allows the FHIR specification to retain a core level of simplicity for everyone.",
        "synonym": [
          "extensions",
          "user content",
          "modifiers"
        ],
        "min": 0,
        "max": "*",
        "type": [
          {
            "code": "Extension"
          }
        ],
        "isSummary": false,
        "mapping": [
          {
            "identity": "rim",
            "map": "N/A"
          },
          {
            "identity": "rim",
            "map": "N/A"
          }
        ]
      },
      {
        "path": "MedicationAdministration.dosage.timing[x]",
        "short": "When dose(s) were given",
        "formal": "The timing schedule for giving the medication to the patient.  This may be a single time point (using dateTime) or it may be a start and end dateTime (Period).",
        "comments": "This is generally only relevant if the administration record represents a summary of multiple administrations.",
        "min": 0,
        "max": "1",
        "type": [
          {
            "code": "dateTime"
          },
          {
            "code": "Period"
          }
        ],
        "mustSupport": true,
        "isSummary": false,
        "mapping": [
          {
            "identity": "v2",
            "map": "RAS:TQ1"
          },
          {
            "identity": "rim",
            "map": "effectiveTime[TS or IVL_TS)"
          },
          {
            "identity": "v2",
            "map": "RAS:TQ1"
          },
          {
            "identity": "rim",
            "map": "effectiveTime[TS or IVL_TS)"
          }
        ]
      },
      {
        "path": "MedicationAdministration.dosage.asNeeded[x]",
        "short": "Take \"as needed\" f(or x)",
        "formal": "If set to true or if specified as a CodeableConcept, indicates that the medication is only taken when needed within the specified schedule rather than at every scheduled dose.  If a CodeableConcept is present, it indicates the pre-condition for taking the Medication.",
        "min": 0,
        "max": "1",
        "type": [
          {
            "code": "boolean"
          },
          {
            "code": "CodeableConcept"
          }
        ],
        "mustSupport": true,
        "isSummary": false,
        "binding": {
          "name": "MedicationAsNeededReason",
          "isExtensible": true,
          "conformance": "preferred",
          "description": "A coded concept identifying the pre-condition that should hold prior to consuming a medication dose.  For example \"pain\", \"30 minutes prior to sexual intercourse\", \"on flare-up\", etc."
        },
        "mapping": [
          {
            "identity": "rim",
            "map": "boolean: precondition.negationInd (inversed - so negationInd = true means asNeeded=false\n\nCodeableConcept: precondition.observationEventCriterion[code=\"Assertion\"].value"
          },
          {
            "identity": "rim",
            "map": "boolean: precondition.negationInd (inversed - so negationInd = true means asNeeded=false\n\nCodeableConcept: precondition.observationEventCriterion[code=\"Assertion\"].value"
          }
        ]
      },
      {
        "path": "MedicationAdministration.dosage.site",
        "short": "Body site administered to",
        "formal": "A coded specification of the anatomic site where the medication first entered the body.  E.g. \"left arm\".",
        "min": 0,
        "max": "1",
        "type": [
          {
            "code": "CodeableConcept"
          }
        ],
        "mustSupport": true,
        "isSummary": false,
        "binding": {
          "name": "MedicationAdministrationSite",
          "isExtensible": true,
          "conformance": "example",
          "description": "A coded concept describing the site location the medicine enters into or onto the body",
          "referenceReference": {
            "reference": "http://hl7.org/fhir/vs/approach-site-codes"
          }
        },
        "mapping": [
          {
            "identity": "v2",
            "map": "RXR-2-Administration Site"
          },
          {
            "identity": "rim",
            "map": "approachSiteCode"
          },
          {
            "identity": "v2",
            "map": "RXR-2-Administration Site"
          },
          {
            "identity": "rim",
            "map": "approachSiteCode"
          }
        ]
      },
      {
        "path": "MedicationAdministration.dosage.route",
        "short": "Path of substance into body",
        "formal": "A code specifying the route or physiological path of administration of a therapeutic agent into or onto the patient.   E.g. topical, intravenous, etc.",
        "min": 0,
        "max": "1",
        "type": [
          {
            "code": "CodeableConcept"
          }
        ],
        "mustSupport": true,
        "isSummary": false,
        "binding": {
          "name": "RouteOfAdministration",
          "isExtensible": true,
          "conformance": "example",
          "description": "A coded concept describing the route or physiological path of administration of a therapeutic agent into or onto the body of a subject.",
          "referenceReference": {
            "reference": "http://hl7.org/fhir/vs/route-codes"
          }
        },
        "mapping": [
          {
            "identity": "v2",
            "map": "RXR-1-Route"
          },
          {
            "identity": "rim",
            "map": "routeCode"
          },
          {
            "identity": "v2",
            "map": "RXR-1-Route"
          },
          {
            "identity": "rim",
            "map": "routeCode"
          }
        ]
      },
      {
        "path": "MedicationAdministration.dosage.method",
        "short": "How drug was administered",
        "formal": "A coded value indicating the method by which the medication was introduced into or onto the body. Most commonly used for injections.  Examples:  Slow Push; Deep IV.\n\nTerminologies used often pre-coordinate this term with the route and or form of administration.",
        "min": 0,
        "max": "1",
        "type": [
          {
            "code": "CodeableConcept"
          }
        ],
        "mustSupport": true,
        "isSummary": false,
        "binding": {
          "name": "MedicationAdministrationMethod",
          "isExtensible": true,
          "conformance": "example",
          "description": "A coded concept describing the technique by which the medicine is administered",
          "referenceReference": {
            "reference": "http://hl7.org/fhir/vs/administration-method-codes"
          }
        },
        "mapping": [
          {
            "identity": "v2",
            "map": "RXR-4-Administration Method"
          },
          {
            "identity": "rim",
            "map": "methodCode"
          },
          {
            "identity": "v2",
            "map": "RXR-4-Administration Method"
          },
          {
            "identity": "rim",
            "map": "methodCode"
          }
        ]
      },
      {
        "path": "MedicationAdministration.dosage.quantity",
        "short": "Amount administered in one dose",
        "formal": "The amount of the medication given at one administration event.   Use this value when the administration is essentially an instantaneous event such as a swallowing a tablet or giving an injection.",
        "comments": "If the administration is not instantaneous (rate is present or timing has a duration), this can be specified to convey the total amount administered over period of time of a single administration (as indicated by schedule).",
        "min": 0,
        "max": "1",
        "type": [
          {
            "code": "Quantity"
          }
        ],
        "mustSupport": true,
        "isSummary": false,
        "mapping": [
          {
            "identity": "v2",
            "map": "RXA-6-Administered Amount / RXA-7.1-Administered Units.code / RXA-7.3-Administered Units.name of coding system (uri<->code system mapping required)"
          },
          {
            "identity": "rim",
            "map": "doseQuantity"
          },
          {
            "identity": "v2",
            "map": "RXA-6-Administered Amount / RXA-7.1-Administered Units.code / RXA-7.3-Administered Units.name of coding system (uri<->code system mapping required)"
          },
          {
            "identity": "rim",
            "map": "doseQuantity"
          }
        ]
      },
      {
        "path": "MedicationAdministration.dosage.rate",
        "short": "Dose quantity per unit of time",
        "formal": "Identifies the speed with which the medication was introduced into the patient. Typically the rate for an infusion e.g. 200ml in 2 hours.  May also expressed as a rate per unit of time such as 100ml per hour - the duration is then not specified, or is specified in the quantity.",
        "comments": "If the rate changes over time, each change should be captured as a distinct \"dosage\" repetition.  This element should *not* be used to convey an average rate.",
        "min": 0,
        "max": "1",
        "type": [
          {
            "code": "Ratio"
          }
        ],
        "mustSupport": true,
        "isSummary": false,
        "mapping": [
          {
            "identity": "v2",
            "map": "RXA-12-Administered Per (Time Unit)"
          },
          {
            "identity": "rim",
            "map": "rateQuantity"
          },
          {
            "identity": "v2",
            "map": "RXA-12-Administered Per (Time Unit)"
          },
          {
            "identity": "rim",
            "map": "rateQuantity"
          }
        ]
      },
      {
        "path": "MedicationAdministration.dosage.maxDosePerPeriod",
        "short": "Total dose that was consumed per unit of time",
        "formal": "The maximum total quantity of a therapeutic substance that was administered to the patient over the specified period of time. E.g. 1000mg in 24 hours.",
        "min": 0,
        "max": "1",
        "type": [
          {
            "code": "Ratio"
          }
        ],
        "mustSupport": true,
        "isSummary": false,
        "mapping": [
          {
            "identity": "v2",
            "map": "RXE-4-Give Amount - Maximum / RXE-5-Give Units"
          },
          {
            "identity": "rim",
            "map": "maxDoseQuantity"
          },
          {
            "identity": "v2",
            "map": "RXE-4-Give Amount - Maximum / RXE-5-Give Units"
          },
          {
            "identity": "rim",
            "map": "maxDoseQuantity"
          }
        ]
      }
    ]
  },
  "differential": {
    "element": [
      {
        "path": "MedicationAdministration",
        "name": "DAFMedicationAdministration",
        "short": "Profile of MedicationAdministration for clinical quality rules and measures.",
        "formal": "Profile of MedicationAdministration for clinical quality rules and measures.",
        "min": 1,
        "max": "1",
        "isSummary": false
      },
      {
        "path": "MedicationAdministration.identifier",
        "min": 0,
        "max": "*",
        "type": [
          {
            "code": "Identifier"
          }
        ],
        "isSummary": false
      },
      {
        "path": "MedicationAdministration.status",
        "min": 1,
        "max": "1",
        "type": [
          {
            "code": "code"
          }
        ],
        "mustSupport": true,
        "isSummary": false
      },
      {
        "path": "MedicationAdministration.patient",
        "min": 1,
        "max": "1",
        "type": [
          {
            "code": "Reference",
            "profile": "http://hl7.org/fhir/Profile/patient-daf-dafpatient"
          }
        ],
        "mustSupport": true,
        "isSummary": false
      },
      {
        "path": "MedicationAdministration.practitioner",
        "min": 0,
        "max": "1",
        "type": [
          {
            "code": "Reference",
            "profile": "http://hl7.org/fhir/Profile/Practitioner"
          }
        ],
        "mustSupport": true,
        "isSummary": false
      },
      {
        "path": "MedicationAdministration.encounter",
        "min": 0,
        "max": "1",
        "type": [
          {
            "code": "Reference",
            "profile": "http://hl7.org/fhir/Profile/encounter-daf-dafencounter"
          }
        ],
        "mustSupport": true,
        "isSummary": false
      },
      {
        "path": "MedicationAdministration.prescription",
        "min": 0,
        "max": "1",
        "type": [
          {
            "code": "Reference",
            "profile": "http://hl7.org/fhir/Profile/MedicationPrescription"
          }
        ],
        "mustSupport": true,
        "isSummary": false
      },
      {
        "path": "MedicationAdministration.wasNotGiven",
        "min": 0,
        "max": "1",
        "type": [
          {
            "code": "boolean"
          }
        ],
        "mustSupport": true,
        "isSummary": false
      },
      {
        "path": "MedicationAdministration.reasonNotGiven",
        "min": 0,
        "max": "1",
        "type": [
          {
            "code": "CodeableConcept"
          }
        ],
        "mustSupport": true,
        "isSummary": false
      },
      {
        "path": "MedicationAdministration.effectiveTime[x]",
        "min": 1,
        "max": "1",
        "type": [
          {
            "code": "dateTime"
          },
          {
            "code": "Period"
          }
        ],
        "mustSupport": true,
        "isSummary": false
      },
      {
        "path": "MedicationAdministration.medication",
        "min": 1,
        "max": "1",
        "type": [
          {
            "code": "Reference",
            "profile": "http://hl7.org/fhir/Profile/medication-daf-dafmedication"
          }
        ],
        "mustSupport": true,
        "isSummary": false
      },
      {
        "path": "MedicationAdministration.device",
        "min": 0,
        "max": "*",
        "type": [
          {
            "code": "Reference",
            "profile": "http://hl7.org/fhir/Profile/Device"
          }
        ],
        "mustSupport": true,
        "isSummary": false
      },
      {
        "path": "MedicationAdministration.dosage",
        "min": 0,
        "max": "*",
        "mustSupport": true,
        "isSummary": false
      },
      {
        "path": "MedicationAdministration.dosage.timing[x]",
        "min": 0,
        "max": "1",
        "type": [
          {
            "code": "dateTime"
          },
          {
            "code": "Period"
          }
        ],
        "mustSupport": true,
        "isSummary": false
      },
      {
        "path": "MedicationAdministration.dosage.asNeeded[x]",
        "min": 0,
        "max": "1",
        "type": [
          {
            "code": "boolean"
          },
          {
            "code": "CodeableConcept"
          }
        ],
        "mustSupport": true,
        "isSummary": false
      },
      {
        "path": "MedicationAdministration.dosage.site",
        "min": 0,
        "max": "1",
        "type": [
          {
            "code": "CodeableConcept"
          }
        ],
        "mustSupport": true,
        "isSummary": false
      },
      {
        "path": "MedicationAdministration.dosage.route",
        "min": 0,
        "max": "1",
        "type": [
          {
            "code": "CodeableConcept"
          }
        ],
        "mustSupport": true,
        "isSummary": false
      },
      {
        "path": "MedicationAdministration.dosage.method",
        "min": 0,
        "max": "1",
        "type": [
          {
            "code": "CodeableConcept"
          }
        ],
        "mustSupport": true,
        "isSummary": false
      },
      {
        "path": "MedicationAdministration.dosage.quantity",
        "min": 0,
        "max": "1",
        "type": [
          {
            "code": "Quantity"
          }
        ],
        "mustSupport": true,
        "isSummary": false
      },
      {
        "path": "MedicationAdministration.dosage.rate",
        "min": 0,
        "max": "1",
        "type": [
          {
            "code": "Ratio"
          }
        ],
        "mustSupport": true,
        "isSummary": false
      },
      {
        "path": "MedicationAdministration.dosage.maxDosePerPeriod",
        "min": 0,
        "max": "1",
        "type": [
          {
            "code": "Ratio"
          }
        ],
        "mustSupport": true,
        "isSummary": false
      }
    ]
  }
}