{
  "resourceType": "Questionnaire",
  "id": "qs1",
  "contained": [
    {
      "resourceType": "ValueSet",
      "id": "vs2",
      "identifier": "urn:uuid:6077ecbd-a467-41cd-8d31-05ad5609673e",
      "name": "Type options for MedicationStatement.dosage.asNeeded[x]",
      "description": "Type options for MedicationStatement.dosage.asNeeded[x]",
      "status": "active",
      "expansion": {
        "timestamp": "2014-12-30T11:02:27+00:00",
        "contains": [
          {
            "system": "http://hl7.org/fhir/data-types",
            "code": "boolean",
            "display": "boolean"
          },
          {
            "system": "http://hl7.org/fhir/data-types",
            "code": "CodeableConcept",
            "display": "CodeableConcept"
          }
        ]
      }
    }
  ],
  "identifier": [
    {
      "system": "urn:ietf:rfc:3986"
    }
  ],
  "status": "draft",
  "date": "2014-12-30T10:55:31",
  "publisher": "HL7 FHIR Project (Pharmacy)",
  "group": {
    "http://hl7.org/fhir/Profile/questionnaire-extensions#flyover": [
      {
        "valueString": "A record of medication being taken by a patient, or that the medication has been given to a patient where the record is the result of a report from the patient or another clinician."
      }
    ],
    "linkId": "MedicationStatement",
    "title": "Administration of medication to a patient",
    "required": true,
    "group": [
      {
        "http://hl7.org/fhir/Profile/questionnaire-extensions#flyover": [
          {
            "valueString": "The logical id of the resource, as used in the url for the resoure. Once assigned, this value never changes. The only time that a resource does not have an id is when it is being submitted to the server using a create operation. Bundles always have an id, though it is usually a generated UUID."
          }
        ],
        "http://www.healthintersections.com.au/fhir/Profile/metadata#type": [
          {
            "valueString": "string"
          }
        ],
        "linkId": "MedicationStatement.id",
        "repeats": true,
        "question": [
          {
            "linkId": "MedicationStatement.id.value",
            "text": "Logical id of this artefact",
            "type": "string"
          }
        ]
      },
      {
        "http://hl7.org/fhir/Profile/questionnaire-extensions#flyover": [
          {
            "valueString": "The metadata about the resource. This is content that is maintained by the infrastructure. Changes to the content may not always be associated with version changes to the resource."
          }
        ],
        "linkId": "MedicationStatement.meta",
        "title": "Metadata about the resource",
        "group": [
          {
            "http://hl7.org/fhir/Profile/questionnaire-extensions#flyover": [
              {
                "valueString": "unique id for the element within a resource (for internal references)."
              }
            ],
            "http://www.healthintersections.com.au/fhir/Profile/metadata#type": [
              {
                "valueString": "string"
              }
            ],
            "linkId": "MedicationStatement.meta.id",
            "repeats": true,
            "question": [
              {
                "linkId": "MedicationStatement.meta.id.value",
                "text": "xml:id (or equivalent in JSON)",
                "type": "string"
              }
            ]
          },
          {
            "http://hl7.org/fhir/Profile/questionnaire-extensions#flyover": [
              {
                "valueString": "The version specific identifier, as it appears in the version portion of the url. This values changes when the resource is created, updated, or deleted. The server assigns this value, and ignores what the client specifies, except in the case that the server is imposing version integrity on updates/deletes."
              }
            ],
            "http://www.healthintersections.com.au/fhir/Profile/metadata#type": [
              {
                "valueString": "string"
              }
            ],
            "linkId": "MedicationStatement.meta.versionId",
            "repeats": true,
            "question": [
              {
                "linkId": "MedicationStatement.meta.versionId.value",
                "text": "Version specific identifier",
                "type": "string"
              }
            ]
          },
          {
            "http://hl7.org/fhir/Profile/questionnaire-extensions#flyover": [
              {
                "valueString": "When the resource last changed - e.g. when the version changed. This value is always populated except when the resource is first being created. The server / resource manager sets this value; what a client provides is irrelevant."
              }
            ],
            "http://www.healthintersections.com.au/fhir/Profile/metadata#type": [
              {
                "valueString": "instant"
              }
            ],
            "linkId": "MedicationStatement.meta.lastUpdated",
            "repeats": true,
            "question": [
              {
                "linkId": "MedicationStatement.meta.lastUpdated.value",
                "text": "When the resource version last changed",
                "type": "instant"
              }
            ]
          },
          {
            "http://hl7.org/fhir/Profile/questionnaire-extensions#flyover": [
              {
                "valueString": "A list of profiles that this resource claims to conform to. The URL is a reference to Profile.url. It is up to the server and/or other infrastruture of policy to determine whether/how these claims are verified and/or updated over tiem."
              }
            ],
            "http://www.healthintersections.com.au/fhir/Profile/metadata#type": [
              {
                "valueString": "uri"
              }
            ],
            "linkId": "MedicationStatement.meta.profile",
            "repeats": true,
            "question": [
              {
                "linkId": "MedicationStatement.meta.profile.value",
                "text": "Profiles this resource claims to conform to",
                "type": "string"
              }
            ]
          },
          {
            "http://hl7.org/fhir/Profile/questionnaire-extensions#flyover": [
              {
                "valueString": "Security labels applied to this resource. These tags connect specific resources to the overall security policy and infrastructure. The security labels can be updated without changing the stated version of the resource."
              }
            ],
            "http://www.healthintersections.com.au/fhir/Profile/metadata#type": [
              {
                "valueString": "Coding"
              }
            ],
            "linkId": "MedicationStatement.meta.security",
            "repeats": true,
            "question": [
              {
                "linkId": "MedicationStatement.meta.security.value",
                "text": "Security Labels applied to this resource",
                "type": "open-choice"
              }
            ]
          },
          {
            "http://hl7.org/fhir/Profile/questionnaire-extensions#flyover": [
              {
                "valueString": "Tags applied to this resource. Tags are intended to to be used to identify and relate resources to process and workflow, and applications are not required to consider the tags when interpreting the meaning of a resource. The tags can be updated without changing the stated version of the resource."
              }
            ],
            "http://www.healthintersections.com.au/fhir/Profile/metadata#type": [
              {
                "valueString": "Coding"
              }
            ],
            "linkId": "MedicationStatement.meta.tag",
            "repeats": true,
            "question": [
              {
                "linkId": "MedicationStatement.meta.tag.value",
                "text": "Tags applied",
                "type": "open-choice"
              }
            ]
          }
        ]
      },
      {
        "http://hl7.org/fhir/Profile/questionnaire-extensions#flyover": [
          {
            "valueString": "A reference to a set of rules that were followed when the resource was constructed, and which must be understood when processing the content. Asserting this rule set restricts the content to be only understood by a limited set of trading partners. This inherently limits the usefulness of the data in the long term. However the existing health eco-system is highly fractured, and not yet ready to define, collect, and exchange data in a generally computable sense. Wherever possible, implementers and/or specification writers should avoid using this element as much as possible."
          }
        ],
        "http://www.healthintersections.com.au/fhir/Profile/metadata#type": [
          {
            "valueString": "uri"
          }
        ],
        "linkId": "MedicationStatement.implicitRules",
        "repeats": true,
        "question": [
          {
            "linkId": "MedicationStatement.implicitRules.value",
            "text": "A set of rules under which this content was created",
            "type": "string"
          }
        ]
      },
      {
        "http://hl7.org/fhir/Profile/questionnaire-extensions#flyover": [
          {
            "valueString": "The base language in which the resource is written. Language is provided to support indexing and accessibility (typically, services such as text to speech use the language tag). The html language tag in the narrative applies  to the narrative. The language tag on the resource may be used to specify the language of other presentations generated from the data in the resource\n\nNot all the content has to be in the base language. The Resource.language should not be assumed to apply to the narrative automatically. If a language is specified, it should it also be specified on the div element in the html (see rules in HTML5 for information about the relationship between xml:lang and the html lang attribute)."
          }
        ],
        "http://www.healthintersections.com.au/fhir/Profile/metadata#type": [
          {
            "valueString": "code"
          }
        ],
        "linkId": "MedicationStatement.language",
        "repeats": true,
        "question": [
          {
            "linkId": "MedicationStatement.language.value",
            "text": "language",
            "type": "choice"
          }
        ]
      },
      {
        "http://hl7.org/fhir/Profile/questionnaire-extensions#flyover": [
          {
            "valueString": "A human-readable narrative that contains a summary of the resource, and may be used to represent the content of the resource to a human. The narrative need not encode all the structured data, but is required to contain sufficient detail to make it \"clinically safe\" for a human to just read the narrative. Resource definitions may define what content should be represented in the narrative to ensure clinical safety. Contained resources do not have narrative. Resources that are not contained SHOULD have a narrative."
          }
        ],
        "linkId": "MedicationStatement.text",
        "text": "Text summary of the resource, for human interpretation",
        "repeats": true
      },
      {
        "http://hl7.org/fhir/Profile/questionnaire-extensions#flyover": [
          {
            "valueString": "These resources do not have an independent existence apart from the resource that contains them - they cannot be identified independently, and nor can they have their own independent transaction scope. This should never be done when the content can be identified properly, as once identification is lost, it is extremely difficult (and context dependent) to restore it again."
          }
        ],
        "linkId": "MedicationStatement.contained",
        "text": "Contained, inline Resources",
        "repeats": true
      },
      {
        "http://hl7.org/fhir/Profile/questionnaire-extensions#flyover": [
          {
            "valueString": "External identifier - FHIR will generate its own internal IDs (probably URLs) which do not need to be explicitly managed by the resource.  The identifier here is one that would be used by another non-FHIR system - for example an automated medication pump would provide a record each time it operated; an administration while the patient was off the ward might be made with a different system and entered after the event.  Particularly important if these records have to be updated."
          }
        ],
        "http://www.healthintersections.com.au/fhir/Profile/metadata#type": [
          {
            "valueString": "Identifier"
          }
        ],
        "linkId": "MedicationStatement.identifier",
        "text": "External Identifier",
        "repeats": true,
        "question": [
          {
            "linkId": "MedicationStatement.identifier.label",
            "text": "label:",
            "type": "string"
          },
          {
            "linkId": "MedicationStatement.identifier.system",
            "text": "system:",
            "type": "string"
          },
          {
            "linkId": "MedicationStatement.identifier.value",
            "text": "value:",
            "type": "string"
          }
        ]
      },
      {
        "http://hl7.org/fhir/Profile/questionnaire-extensions#flyover": [
          {
            "valueString": "The person or animal who is /was taking the medication."
          }
        ],
        "http://www.healthintersections.com.au/fhir/Profile/metadata#type": [
          {
            "valueString": "Reference"
          }
        ],
        "linkId": "MedicationStatement.patient",
        "repeats": true,
        "question": [
          {
            "http://www.healthintersections.com.au/fhir/Profile/metadata#reference": [
              {
                "valueString": "/Patient?subject=$subj&patient=$subj&encounter=$encounter"
              }
            ],
            "linkId": "MedicationStatement.patient.value",
            "text": "Who was/is taking medication",
            "type": "reference"
          }
        ]
      },
      {
        "http://hl7.org/fhir/Profile/questionnaire-extensions#flyover": [
          {
            "valueString": "Set this to true if the record is saying that the medication was NOT taken."
          }
        ],
        "http://www.healthintersections.com.au/fhir/Profile/metadata#type": [
          {
            "valueString": "boolean"
          }
        ],
        "linkId": "MedicationStatement.wasNotGiven",
        "repeats": true,
        "question": [
          {
            "linkId": "MedicationStatement.wasNotGiven.value",
            "text": "True if medication is/was not being taken",
            "type": "boolean"
          }
        ]
      },
      {
        "http://hl7.org/fhir/Profile/questionnaire-extensions#flyover": [
          {
            "valueString": "A code indicating why the medication was not taken."
          }
        ],
        "http://www.healthintersections.com.au/fhir/Profile/metadata#type": [
          {
            "valueString": "CodeableConcept"
          }
        ],
        "linkId": "MedicationStatement.reasonNotGiven",
        "text": "True if asserting medication was not given",
        "repeats": true,
        "question": [
          {
            "linkId": "MedicationStatement.reasonNotGiven.coding",
            "text": "code:",
            "type": "open-choice"
          },
          {
            "linkId": "MedicationStatement.reasonNotGiven.text",
            "text": "text:",
            "type": "string"
          }
        ]
      },
      {
        "http://hl7.org/fhir/Profile/questionnaire-extensions#flyover": [
          {
            "valueString": "The interval of time during which it is being asserted that the patient was taking the medication. If the medication is still being taken at the time the statement is recorded, the \"end\" date will be omitted."
          }
        ],
        "http://www.healthintersections.com.au/fhir/Profile/metadata#type": [
          {
            "valueString": "Period"
          }
        ],
        "linkId": "MedicationStatement.whenGiven",
        "text": "Over what period was medication consumed?",
        "repeats": true,
        "question": [
          {
            "linkId": "MedicationStatement.whenGiven.low",
            "text": "start:",
            "type": "dateTime"
          },
          {
            "linkId": "MedicationStatement.whenGiven.end",
            "text": "end:",
            "type": "dateTime"
          }
        ]
      },
      {
        "http://hl7.org/fhir/Profile/questionnaire-extensions#flyover": [
          {
            "valueString": "Identifies the medication being administered. This is either a link to a resource representing the details of the medication or a simple attribute carrying a code that identifies the medication from a known list of medications. Note: do not use Medication.name to describe the medication this statement concerns. When the only available information is a text description of the medication, Medication.code.text should be used."
          }
        ],
        "http://www.healthintersections.com.au/fhir/Profile/metadata#type": [
          {
            "valueString": "Reference"
          }
        ],
        "linkId": "MedicationStatement.medication",
        "repeats": true,
        "question": [
          {
            "http://www.healthintersections.com.au/fhir/Profile/metadata#reference": [
              {
                "valueString": "/Medication?subject=$subj&patient=$subj&encounter=$encounter"
              }
            ],
            "linkId": "MedicationStatement.medication.value",
            "text": "What medication was taken?",
            "type": "reference"
          }
        ]
      },
      {
        "http://hl7.org/fhir/Profile/questionnaire-extensions#flyover": [
          {
            "valueString": "An identifier or a link to a resource that identifies a device used in administering the medication to the patient."
          }
        ],
        "http://www.healthintersections.com.au/fhir/Profile/metadata#type": [
          {
            "valueString": "Reference"
          }
        ],
        "linkId": "MedicationStatement.device",
        "repeats": true,
        "question": [
          {
            "http://www.healthintersections.com.au/fhir/Profile/metadata#reference": [
              {
                "valueString": "/Device?subject=$subj&patient=$subj&encounter=$encounter"
              }
            ],
            "linkId": "MedicationStatement.device.value",
            "text": "E.g. infusion pump",
            "type": "reference"
          }
        ]
      },
      {
        "http://hl7.org/fhir/Profile/questionnaire-extensions#flyover": [
          {
            "valueString": "Indicates how the medication is/was used by the patient."
          }
        ],
        "linkId": "MedicationStatement.dosage",
        "title": "Details of how medication was taken",
        "repeats": true,
        "group": [
          {
            "http://hl7.org/fhir/Profile/questionnaire-extensions#flyover": [
              {
                "valueString": "unique id for the element within a resource (for internal references)."
              }
            ],
            "http://www.healthintersections.com.au/fhir/Profile/metadata#type": [
              {
                "valueString": "string"
              }
            ],
            "linkId": "MedicationStatement.dosage.id",
            "repeats": true,
            "question": [
              {
                "linkId": "MedicationStatement.dosage.id.value",
                "text": "xml:id (or equivalent in JSON)",
                "type": "string"
              }
            ]
          },
          {
            "http://hl7.org/fhir/Profile/questionnaire-extensions#flyover": [
              {
                "valueString": "The timing schedule for giving the medication to the patient.  The Schedule data type allows many different expressions, for example.  \"Every  8 hours\"; \"Three times a day\"; \"1/2 an hour before breakfast for 10 days from 23-Dec 2011:\";  \"15 Oct 2013, 17 Oct 2013 and 1 Nov 2013\"."
              }
            ],
            "http://www.healthintersections.com.au/fhir/Profile/metadata#type": [
              {
                "valueString": "Schedule"
              }
            ],
            "linkId": "MedicationStatement.dosage.schedule",
            "text": "When/how often was medication taken?",
            "repeats": true
          },
          {
            "http://hl7.org/fhir/Profile/questionnaire-extensions#flyover": [
              {
                "valueString": "If set to true or if specified as a CodeableConcept, indicates that the medication is only taken when needed within the specified schedule rather than at every scheduled dose.  If a CodeableConcept is present, it indicates the pre-condition for taking the Medication."
              }
            ],
            "linkId": "MedicationStatement.dosage.asNeeded[x]",
            "text": "Take \"as needed\" f(or x)",
            "repeats": true,
            "question": [
              {
                "linkId": "MedicationStatement.dosage.asNeeded[x]._type",
                "text": "type",
                "type": "choice",
                "options": {
                  "reference": "#vs2"
                },
                "group": [
                  {
                    "http://www.healthintersections.com.au/fhir/Profile/metadata#type": [
                      {
                        "valueString": "boolean"
                      }
                    ],
                    "linkId": "MedicationStatement.dosage.asNeeded[x]._boolean",
                    "question": [
                      {
                        "linkId": "MedicationStatement.dosage.asNeeded[x]._boolean.value",
                        "text": "boolean",
                        "type": "boolean"
                      }
                    ]
                  },
                  {
                    "http://www.healthintersections.com.au/fhir/Profile/metadata#type": [
                      {
                        "valueString": "CodeableConcept"
                      }
                    ],
                    "linkId": "MedicationStatement.dosage.asNeeded[x]._CodeableConcept",
                    "text": "CodeableConcept",
                    "question": [
                      {
                        "linkId": "MedicationStatement.dosage.asNeeded[x]._CodeableConcept.coding",
                        "text": "code:",
                        "type": "open-choice"
                      },
                      {
                        "linkId": "MedicationStatement.dosage.asNeeded[x]._CodeableConcept.text",
                        "text": "text:",
                        "type": "string"
                      }
                    ]
                  }
                ]
              }
            ]
          },
          {
            "http://hl7.org/fhir/Profile/questionnaire-extensions#flyover": [
              {
                "valueString": "A coded specification of the anatomic site where the medication first enters the body."
              }
            ],
            "http://www.healthintersections.com.au/fhir/Profile/metadata#type": [
              {
                "valueString": "CodeableConcept"
              }
            ],
            "linkId": "MedicationStatement.dosage.site",
            "text": "Where on body was medication administered?",
            "repeats": true,
            "question": [
              {
                "linkId": "MedicationStatement.dosage.site.coding",
                "text": "code:",
                "type": "open-choice"
              },
              {
                "linkId": "MedicationStatement.dosage.site.text",
                "text": "text:",
                "type": "string"
              }
            ]
          },
          {
            "http://hl7.org/fhir/Profile/questionnaire-extensions#flyover": [
              {
                "valueString": "A code specifying the route or physiological path of administration of a therapeutic agent into or onto a subject."
              }
            ],
            "http://www.healthintersections.com.au/fhir/Profile/metadata#type": [
              {
                "valueString": "CodeableConcept"
              }
            ],
            "linkId": "MedicationStatement.dosage.route",
            "text": "How did the medication enter the body?",
            "repeats": true,
            "question": [
              {
                "linkId": "MedicationStatement.dosage.route.coding",
                "text": "code:",
                "type": "open-choice"
              },
              {
                "linkId": "MedicationStatement.dosage.route.text",
                "text": "text:",
                "type": "string"
              }
            ]
          },
          {
            "http://hl7.org/fhir/Profile/questionnaire-extensions#flyover": [
              {
                "valueString": "A coded value indicating the method by which the medication is introduced into or onto the body. Most commonly used for injections.  Examples:  Slow Push; Deep IV.\n\nTerminologies used often pre-coordinate this term with the route and or form of administration."
              }
            ],
            "http://www.healthintersections.com.au/fhir/Profile/metadata#type": [
              {
                "valueString": "CodeableConcept"
              }
            ],
            "linkId": "MedicationStatement.dosage.method",
            "text": "Technique used to administer medication",
            "repeats": true,
            "question": [
              {
                "linkId": "MedicationStatement.dosage.method.coding",
                "text": "code:",
                "type": "open-choice"
              },
              {
                "linkId": "MedicationStatement.dosage.method.text",
                "text": "text:",
                "type": "string"
              }
            ]
          },
          {
            "http://hl7.org/fhir/Profile/questionnaire-extensions#flyover": [
              {
                "valueString": "The amount of therapeutic or other substance given at one administration event."
              }
            ],
            "http://www.healthintersections.com.au/fhir/Profile/metadata#type": [
              {
                "valueString": "Quantity"
              }
            ],
            "linkId": "MedicationStatement.dosage.quantity",
            "text": "Amount administered in one dose",
            "repeats": true,
            "question": [
              {
                "linkId": "MedicationStatement.dosage.quantity.comparator",
                "text": "comp:",
                "type": "choice"
              },
              {
                "linkId": "MedicationStatement.dosage.quantity.value",
                "text": "value:",
                "type": "decimal"
              },
              {
                "linkId": "MedicationStatement.dosage.quantity.units",
                "text": "units:",
                "type": "string"
              },
              {
                "linkId": "MedicationStatement.dosage.quantity.code",
                "text": "coded units:",
                "type": "string"
              },
              {
                "linkId": "MedicationStatement.dosage.quantity.system",
                "text": "units system:",
                "type": "string"
              }
            ]
          },
          {
            "http://hl7.org/fhir/Profile/questionnaire-extensions#flyover": [
              {
                "valueString": "Identifies the speed with which the substance is introduced into the subject. Typically the rate for an infusion. 200ml in 2 hours."
              }
            ],
            "http://www.healthintersections.com.au/fhir/Profile/metadata#type": [
              {
                "valueString": "Ratio"
              }
            ],
            "linkId": "MedicationStatement.dosage.rate",
            "text": "Dose quantity per unit of time",
            "repeats": true,
            "question": [
              {
                "linkId": "MedicationStatement.dosage.rate.numerator",
                "text": "numerator:",
                "type": "decimal"
              },
              {
                "linkId": "MedicationStatement.dosage.rate.denominator",
                "text": "denominator:",
                "type": "decimal"
              },
              {
                "linkId": "MedicationStatement.dosage.rate.units",
                "text": "units:",
                "type": "string"
              }
            ]
          },
          {
            "http://hl7.org/fhir/Profile/questionnaire-extensions#flyover": [
              {
                "valueString": "The maximum total quantity of a therapeutic substance that may be administered to a subject over the period of time. E.g. 1000mg in 24 hours."
              }
            ],
            "http://www.healthintersections.com.au/fhir/Profile/metadata#type": [
              {
                "valueString": "Ratio"
              }
            ],
            "linkId": "MedicationStatement.dosage.maxDosePerPeriod",
            "text": "Maximum dose that was consumed per unit of time",
            "repeats": true,
            "question": [
              {
                "linkId": "MedicationStatement.dosage.maxDosePerPeriod.numerator",
                "text": "numerator:",
                "type": "decimal"
              },
              {
                "linkId": "MedicationStatement.dosage.maxDosePerPeriod.denominator",
                "text": "denominator:",
                "type": "decimal"
              },
              {
                "linkId": "MedicationStatement.dosage.maxDosePerPeriod.units",
                "text": "units:",
                "type": "string"
              }
            ]
          }
        ]
      }
    ]
  }
}