{
  "resourceType": "MedicationStatement",
  "id": "example",
  "text": {
    "status": "generated",
    "div": "<div>\n      \n      <p>Penicillin VK 10ml suspension administered by oral route at 14:30 on 1 June 2012</p>\n      \n      <p>to patient ref: a23</p>\n    \n    </div>"
  },
  "patient": {
    "reference": "Patient/example"
  },
  "whenGiven": {
    "start": "2012-06-01T14:30:00",
    "end": "2012-06-01T14:30:00"
  },
  "medication": {
    "reference": "Medication/example"
  },
  "dosage": [
    {
      "route": {
        "coding": [
          {
            "system": "http://snomed.info/sct",
            "code": "394899003",
            "display": "oral administration of treatment"
          }
        ]
      },
      "quantity": {
        "value": 10,
        "units": "ml",
        "system": "http://unitsofmeasure.org",
        "code": "ml"
      }
    }
  ]
}