{"dateWritten":"2013-03-11","dosageInstruction":[{"doseQuantity":{"code":"PUFF","system":"http://hl7.org/fhir/v3/orderableDrugForm","value":1},"maxDosePerPeriod":{"denominator":{"code":"259032004","system":"http://snomed.info/sct","units":"daily","value":1},"numerator":{"code":"415215001","system":"http://snomed.info/sct","units":"puffs","value":2}},"method":{"coding":[{"code":"320276009","display":"Salmeterol+fluticasone 25/250ug inhaler","system":"http://snomed.info/sct"}]},"route":{"coding":[{"code":"321667001","display":"Respiratory tract","system":"http://snomed.info/sct"}]},"scheduledTiming":{"event":[{"end":"2013-05-11","start":"2013-03-11"}],"repeat":{"duration":1,"frequency":2,"units":"d"}},"site":{"coding":[{"code":"74262004","display":"Oral cavity","system":"http://snomed.info/sct"}]},"text":"aerosol 25/250ug/do 120do 2x - 1 dose - daily"}],"id":"f201","medication":{"display":"25ug Salmeterol + 250ug Fluticasone","reference":"Medication/f201"},"patient":{"display":"Roel","reference":"Patient/f201"},"prescriber":{"display":"Dokter Bonsig","reference":"Practitioner/f201"},"reasonReference":{"display":"fever","reference":"Condition/f201"},"resourceType":"MedicationPrescription","status":"active"}