{"dateWritten":"2013-03-11","dosageInstruction":[{"maxDosePerPeriod":{"denominator":{"code":"258702006","system":"http://snomed.info/sct","units":"hours","value":24},"numerator":{"code":"258682000","system":"http://snomed.info/sct","units":"gram","value":12}},"method":{"coding":[{"code":"323493005","display":"Injected floxacillin","system":"http://snomed.info/sct"}]},"route":{"coding":[{"code":"47625008","display":"Intravenous route","system":"http://snomed.info/sct"}]},"scheduledTiming":{"event":[{"end":"2013-03-21","start":"2013-03-11"}]},"text":"Flucloxacilline 12g/24h"}],"encounter":{"display":"Roel's encounter on March eleventh 2013","reference":"Encounter/f203"},"id":"f202","medication":{"display":"Flucloxacilline","reference":"Medication/f202"},"patient":{"display":"Roel","reference":"Patient/f201"},"prescriber":{"reference":"Practitioner/f201"},"reasonReference":{"display":"sepsis","reference":"Condition/f203"},"resourceType":"MedicationPrescription","status":"completed"}