{
  "resourceType": "Profile",
  "id": "medicationstatement-daf-dafmedicationstatement",
  "text": {
    "status": "generated",
    "div": "<div>to do</div>"
  },
  "url": "http://hl7.org/fhir/Profile/medicationstatement-daf-dafmedicationstatement",
  "name": "U.S. Data Access Framework (DAF) MedicationStatement Profile",
  "publisher": "U.S. Office of the National Coordinator (ONC)",
  "telecom": [
    {
      "system": "url",
      "value": "http://www.healthit.gov"
    }
  ],
  "description": "Defines constraints and extensions on the MedicationStatement resource for use in querying and retrieving patient's medication information. : U.S. Data Access Framework (DAF) MedicationStatement Profile",
  "status": "draft",
  "date": "2014-08-21",
  "type": "MedicationStatement",
  "base": "http://hl7.org/fhir/Profile/MedicationStatement",
  "snapshot": {
    "element": [
      {
        "path": "MedicationStatement",
        "name": "DAFMedicationStatement",
        "short": "Statement that a medication is/was actively taken by a patient.",
        "formal": "Statement that a medication is/was actively taken by a patient.",
        "min": 1,
        "max": "1",
        "constraint": [
          {
            "key": "1",
            "name": "Not given reason",
            "severity": "error",
            "human": "Reason not given is only permitted if wasNotGiven is true",
            "xpath": "not(exists(f:reasonNotGiven)) or f:wasNotGiven='true'"
          }
        ],
        "isSummary": false,
        "mapping": [
          {
            "identity": "rim",
            "map": "SubstanceAdministration"
          },
          {
            "identity": "rim",
            "map": "SubstanceAdministration"
          }
        ]
      },
      {
        "path": "MedicationStatement.id",
        "short": "Logical id of this artefact",
        "formal": "The logical id of the resource, as used in the url for the resoure. Once assigned, this value never changes.",
        "comments": "The only time that a resource does not have an id is when it is being submitted to the server using a create operation. Bundles always have an id, though it is usually a generated UUID.",
        "min": 0,
        "max": "1",
        "type": [
          {
            "code": "id"
          }
        ],
        "isSummary": false
      },
      {
        "path": "MedicationStatement.meta",
        "short": "Metadata about the resource",
        "formal": "The metadata about the resource. This is content that is maintained by the infrastructure. Changes to the content may not always be associated with version changes to the resource.",
        "min": 0,
        "max": "1",
        "isSummary": false
      },
      {
        "path": "MedicationStatement.meta.id",
        "representation": [
          "xmlAttr"
        ],
        "short": "xml:id (or equivalent in JSON)",
        "formal": "unique id for the element within a resource (for internal references).",
        "min": 0,
        "max": "1",
        "type": [
          {
            "code": "id"
          }
        ],
        "isSummary": false,
        "mapping": [
          {
            "identity": "rim",
            "map": "n/a"
          },
          {
            "identity": "rim",
            "map": "n/a"
          }
        ]
      },
      {
        "path": "MedicationStatement.meta.extension",
        "short": "Additional Content defined by implementations",
        "formal": "May be used to represent additional information that is not part of the basic definition of the element. In order to make the use of extensions safe and manageable, there is a strict set of governance  applied to the definition and use of extensions. Though any implementer is allowed to define an extension, there is a set of requirements that SHALL be met as part of the definition of the extension.",
        "comments": "There can be no stigma associated with the use of extensions by any application, project, or standard - regardless of the institution or jurisdiction that uses or defines the extensions.  The use of extensions is what allows the FHIR specification to retain a core level of simplicity for everyone.",
        "synonym": [
          "extensions",
          "user content"
        ],
        "min": 0,
        "max": "*",
        "type": [
          {
            "code": "Extension"
          }
        ],
        "isSummary": false,
        "mapping": [
          {
            "identity": "rim",
            "map": "n/a"
          },
          {
            "identity": "rim",
            "map": "n/a"
          }
        ]
      },
      {
        "path": "MedicationStatement.meta.modifierExtension",
        "short": "Extensions that cannot be ignored",
        "formal": "May be used to represent additional information that is not part of the basic definition of the element, and that modifies the understanding of the element that contains it. Usually modifier elements provide negation or qualification. In order to make the use of extensions safe and manageable, there is a strict set of governance applied to the definition and use of extensions. Though any implementer is allowed to define an extension, there is a set of requirements that SHALL be met as part of the definition of the extension. Applications processing a resource are required to check for modifier extensions.",
        "comments": "There can be no stigma associated with the use of extensions by any application, project, or standard - regardless of the institution or jurisdiction that uses or defines the extensions.  The use of extensions is what allows the FHIR specification to retain a core level of simplicity for everyone.",
        "synonym": [
          "extensions",
          "user content",
          "modifiers"
        ],
        "min": 0,
        "max": "*",
        "type": [
          {
            "code": "Extension"
          }
        ],
        "isSummary": false,
        "mapping": [
          {
            "identity": "rim",
            "map": "N/A"
          },
          {
            "identity": "rim",
            "map": "N/A"
          }
        ]
      },
      {
        "path": "MedicationStatement.meta.versionId",
        "short": "Version specific identifier",
        "formal": "The version specific identifier, as it appears in the version portion of the url. This values changes when the resource is created, updated, or deleted.",
        "comments": "The server assigns this value, and ignores what the client specifies, except in the case that the server is imposing version integrity on updates/deletes.",
        "min": 0,
        "max": "1",
        "type": [
          {
            "code": "id"
          }
        ],
        "isSummary": false
      },
      {
        "path": "MedicationStatement.meta.lastUpdated",
        "short": "When the resource version last changed",
        "formal": "When the resource last changed - e.g. when the version changed.",
        "comments": "This value is always populated except when the resource is first being created. The server / resource manager sets this value; what a client provides is irrelevant.",
        "min": 0,
        "max": "1",
        "type": [
          {
            "code": "instant"
          }
        ],
        "isSummary": false
      },
      {
        "path": "MedicationStatement.meta.profile",
        "short": "Profiles this resource claims to conform to",
        "formal": "A list of profiles that this resource claims to conform to. The URL is a reference to Profile.url.",
        "comments": "It is up to the server and/or other infrastruture of policy to determine whether/how these claims are verified and/or updated over tiem.",
        "min": 0,
        "max": "*",
        "type": [
          {
            "code": "uri"
          }
        ],
        "isSummary": false
      },
      {
        "path": "MedicationStatement.meta.security",
        "short": "Security Labels applied to this resource",
        "formal": "Security labels applied to this resource. These tags connect specific resources to the overall security policy and infrastructure.",
        "comments": "The security labels can be updated without changing the stated version of the resource.",
        "min": 0,
        "max": "*",
        "type": [
          {
            "code": "Coding"
          }
        ],
        "isSummary": false
      },
      {
        "path": "MedicationStatement.meta.tag",
        "short": "Tags applied",
        "formal": "Tags applied to this resource. Tags are intended to to be used to identify and relate resources to process and workflow, and applications are not required to consider the tags when interpreting the meaning of a resource.",
        "comments": "The tags can be updated without changing the stated version of the resource.",
        "min": 0,
        "max": "*",
        "type": [
          {
            "code": "Coding"
          }
        ],
        "isSummary": false
      },
      {
        "path": "MedicationStatement.implicitRules",
        "short": "A set of rules under which this content was created",
        "formal": "A reference to a set of rules that were followed when the resource was constructed, and which must be understood when processing the content.",
        "comments": "Asserting this rule set restricts the content to be only understood by a limited set of trading partners. This inherently limits the usefulness of the data in the long term. However the existing health eco-system is highly fractured, and not yet ready to define, collect, and exchange data in a generally computable sense. Wherever possible, implementers and/or specification writers should avoid using this element as much as possible.",
        "min": 0,
        "max": "1",
        "type": [
          {
            "code": "uri"
          }
        ],
        "isModifier": true,
        "isSummary": false
      },
      {
        "path": "MedicationStatement.language",
        "short": "Language of the resource content",
        "formal": "The base language in which the resource is written.",
        "comments": "Language is provided to support indexing and accessibility (typically, services such as text to speech use the language tag). The html language tag in the narrative applies  to the narrative. The language tag on the resource may be used to specify the language of other presentations generated from the data in the resource\n\nNot all the content has to be in the base language. The Resource.language should not be assumed to apply to the narrative automatically. If a language is specified, it should it also be specified on the div element in the html (see rules in HTML5 for information about the relationship between xml:lang and the html lang attribute).",
        "min": 0,
        "max": "1",
        "type": [
          {
            "code": "code"
          }
        ],
        "isSummary": false,
        "binding": {
          "name": "Language",
          "isExtensible": false,
          "conformance": "required",
          "description": "A human language",
          "referenceUri": "http://tools.ietf.org/html/bcp47"
        }
      },
      {
        "path": "MedicationStatement.text",
        "short": "Text summary of the resource, for human interpretation",
        "formal": "A human-readable narrative that contains a summary of the resource, and may be used to represent the content of the resource to a human. The narrative need not encode all the structured data, but is required to contain sufficient detail to make it \"clinically safe\" for a human to just read the narrative. Resource definitions may define what content should be represented in the narrative to ensure clinical safety.",
        "comments": "Contained resources do not have narrative. Resources that are not contained SHOULD have a narrative.",
        "synonym": [
          "narrative",
          "html",
          "xhtml",
          "display"
        ],
        "min": 0,
        "max": "1",
        "type": [
          {
            "code": "Narrative"
          }
        ],
        "condition": [
          "1"
        ],
        "isSummary": false,
        "mapping": [
          {
            "identity": "rim",
            "map": "Act.text?"
          },
          {
            "identity": "rim",
            "map": "Act.text?"
          }
        ]
      },
      {
        "path": "MedicationStatement.contained",
        "short": "Contained, inline Resources",
        "formal": "These resources do not have an independent existence apart from the resource that contains them - they cannot be identified independently, and nor can they have their own independent transaction scope.",
        "comments": "This should never be done when the content can be identified properly, as once identification is lost, it is extremely difficult (and context dependent) to restore it again.",
        "synonym": [
          "inline resources",
          "anonymous resources",
          "contained resources"
        ],
        "min": 0,
        "max": "*",
        "type": [
          {
            "code": "Resource"
          }
        ],
        "isSummary": false,
        "mapping": [
          {
            "identity": "rim",
            "map": "N/A"
          },
          {
            "identity": "rim",
            "map": "N/A"
          }
        ]
      },
      {
        "path": "MedicationStatement.extension",
        "short": "Additional Content defined by implementations",
        "formal": "May be used to represent additional information that is not part of the basic definition of the resource. In order to make the use of extensions safe and manageable, there is a strict set of governance  applied to the definition and use of extensions. Though any implementer is allowed to define an extension, there is a set of requirements that SHALL be met as part of the definition of the extension.",
        "comments": "There can be no stigma associated with the use of extensions by any application, project, or standard - regardless of the institution or jurisdiction that uses or defines the extensions.  The use of extensions is what allows the FHIR specification to retain a core level of simplicity for everyone.",
        "synonym": [
          "extensions",
          "user content"
        ],
        "min": 0,
        "max": "*",
        "type": [
          {
            "code": "Extension"
          }
        ],
        "isSummary": false,
        "mapping": [
          {
            "identity": "rim",
            "map": "N/A"
          },
          {
            "identity": "rim",
            "map": "N/A"
          }
        ]
      },
      {
        "path": "MedicationStatement.modifierExtension",
        "short": "Extensions that cannot be ignored",
        "formal": "May be used to represent additional information that is not part of the basic definition of the resource, and that modifies the understanding of the element that contains it. Usually modifier elements provide negation or qualification. In order to make the use of extensions safe and manageable, there is a strict set of governance applied to the definition and use of extensions. Though any implementer is allowed to define an extension, there is a set of requirements that SHALL be met as part of the definition of the extension. Applications processing a resource are required to check for modifier extensions.",
        "comments": "There can be no stigma associated with the use of extensions by any application, project, or standard - regardless of the institution or jurisdiction that uses or defines the extensions.  The use of extensions is what allows the FHIR specification to retain a core level of simplicity for everyone.",
        "synonym": [
          "extensions",
          "user content"
        ],
        "min": 0,
        "max": "*",
        "type": [
          {
            "code": "Extension"
          }
        ],
        "isSummary": false,
        "mapping": [
          {
            "identity": "rim",
            "map": "N/A"
          },
          {
            "identity": "rim",
            "map": "N/A"
          }
        ]
      },
      {
        "path": "MedicationStatement.identifier",
        "short": "External Identifier",
        "formal": "External identifier - FHIR will generate its own internal IDs (probably URLs) which do not need to be explicitly managed by the resource.  The identifier here is one that would be used by another non-FHIR system - for example an automated medication pump would provide a record each time it operated; an administration while the patient was off the ward might be made with a different system and entered after the event.  Particularly important if these records have to be updated.",
        "min": 0,
        "max": "*",
        "type": [
          {
            "code": "Identifier"
          }
        ],
        "isModifier": true,
        "isSummary": false,
        "mapping": [
          {
            "identity": "v2",
            "map": "RXA-25-Administered Barcode Identifier?"
          },
          {
            "identity": "rim",
            "map": "SubstanceAdministration.id"
          },
          {
            "identity": "v2",
            "map": "RXA-25-Administered Barcode Identifier?"
          },
          {
            "identity": "rim",
            "map": "SubstanceAdministration.id"
          }
        ]
      },
      {
        "path": "MedicationStatement.patient",
        "short": "Who was/is taking medication",
        "formal": "The person or animal who is /was taking the medication.",
        "min": 1,
        "max": "1",
        "type": [
          {
            "code": "Reference",
            "profile": "http://hl7.org/fhir/Profile/Patient"
          }
        ],
        "mustSupport": true,
        "isSummary": false,
        "mapping": [
          {
            "identity": "v2",
            "map": "PID-3-Patient ID List"
          },
          {
            "identity": "rim",
            "map": "SubstanceAdministration->subject->Patient"
          },
          {
            "identity": "v2",
            "map": "PID-3-Patient ID List"
          },
          {
            "identity": "rim",
            "map": "SubstanceAdministration->subject->Patient"
          }
        ]
      },
      {
        "path": "MedicationStatement.wasNotGiven",
        "short": "True if medication is/was not being taken",
        "formal": "Set this to true if the record is saying that the medication was NOT taken.",
        "min": 0,
        "max": "0",
        "type": [
          {
            "code": "boolean"
          }
        ],
        "isSummary": false,
        "mapping": [
          {
            "identity": "v2",
            "map": "RXA-20-Completion Status='NA'"
          },
          {
            "identity": "rim",
            "map": "SubstanceAdministration.actionNegationInd"
          },
          {
            "identity": "v2",
            "map": "RXA-20-Completion Status='NA'"
          },
          {
            "identity": "rim",
            "map": "SubstanceAdministration.actionNegationInd"
          }
        ]
      },
      {
        "path": "MedicationStatement.reasonNotGiven",
        "short": "True if asserting medication was not given",
        "formal": "A code indicating why the medication was not taken.",
        "min": 0,
        "max": "0",
        "type": [
          {
            "code": "CodeableConcept"
          }
        ],
        "condition": [
          "1"
        ],
        "isSummary": false,
        "binding": {
          "name": "MedicationAdministrationNegationReason",
          "isExtensible": true,
          "conformance": "example",
          "description": "A set of codes indicating the reason why the MedicationAdministration is negated.",
          "referenceReference": {
            "reference": "http://hl7.org/fhir/vs/reason-medication-not-given-codes"
          }
        },
        "mapping": [
          {
            "identity": "v2",
            "map": "RXA-9-Administration Notes:RXA-20-Completion Status='NA'"
          },
          {
            "identity": "rim",
            "map": "SubstanceAdministration->Reason->Observation->Value"
          },
          {
            "identity": "v2",
            "map": "RXA-9-Administration Notes:RXA-20-Completion Status='NA'"
          },
          {
            "identity": "rim",
            "map": "SubstanceAdministration->Reason->Observation->Value"
          }
        ]
      },
      {
        "path": "MedicationStatement.whenGiven",
        "short": "Over what period was medication consumed?",
        "formal": "The interval of time during which it is being asserted that the patient was taking the medication.",
        "comments": "If the medication is still being taken at the time the statement is recorded, the \"end\" date will be omitted.",
        "min": 0,
        "max": "1",
        "type": [
          {
            "code": "Period"
          }
        ],
        "mustSupport": true,
        "isSummary": false,
        "mapping": [
          {
            "identity": "v2",
            "map": "RXA-3-Date/Time Start of Administration / RXA-4-Date/Time End of Administration"
          },
          {
            "identity": "rim",
            "map": "SubstanceAdministration.effectiveTime"
          },
          {
            "identity": "v2",
            "map": "RXA-3-Date/Time Start of Administration / RXA-4-Date/Time End of Administration"
          },
          {
            "identity": "rim",
            "map": "SubstanceAdministration.effectiveTime"
          }
        ]
      },
      {
        "path": "MedicationStatement.medication",
        "short": "What medication was taken?",
        "formal": "Identifies the medication being administered. This is either a link to a resource representing the details of the medication or a simple attribute carrying a code that identifies the medication from a known list of medications.",
        "comments": "Note: do not use Medication.name to describe the medication this statement concerns. When the only available information is a text description of the medication, Medication.code.text should be used.",
        "min": 1,
        "max": "1",
        "type": [
          {
            "code": "Reference",
            "profile": "http://hl7.org/fhir/Profile/Medication"
          }
        ],
        "mustSupport": true,
        "isSummary": false,
        "mapping": [
          {
            "identity": "v2",
            "map": "RXA-5-Administered Code"
          },
          {
            "identity": "rim",
            "map": "SubstanceAdministration>Component>SubstanceAdministrationRequest.consumable"
          },
          {
            "identity": "v2",
            "map": "RXA-5-Administered Code"
          },
          {
            "identity": "rim",
            "map": "SubstanceAdministration>Component>SubstanceAdministrationRequest.consumable"
          }
        ]
      },
      {
        "path": "MedicationStatement.device",
        "short": "E.g. infusion pump",
        "formal": "An identifier or a link to a resource that identifies a device used in administering the medication to the patient.",
        "min": 0,
        "max": "*",
        "type": [
          {
            "code": "Reference",
            "profile": "http://hl7.org/fhir/Profile/Device"
          }
        ],
        "isSummary": false,
        "mapping": [
          {
            "identity": "v2",
            "map": "PRT-10-Participation Device"
          },
          {
            "identity": "rim",
            "map": "SubstanceAdministration->device->Access  OR SubstanceAdministration->device->AssignedDevice"
          },
          {
            "identity": "v2",
            "map": "PRT-10-Participation Device"
          },
          {
            "identity": "rim",
            "map": "SubstanceAdministration->device->Access  OR SubstanceAdministration->device->AssignedDevice"
          }
        ]
      },
      {
        "path": "MedicationStatement.dosage",
        "short": "Details of how medication was taken",
        "formal": "Indicates how the medication is/was used by the patient.",
        "min": 0,
        "max": "*",
        "mustSupport": true,
        "isSummary": false,
        "mapping": [
          {
            "identity": "rim",
            "map": "SubstanceAdministration>Component>SubstanceAdministrationRequest"
          },
          {
            "identity": "rim",
            "map": "SubstanceAdministration>Component>SubstanceAdministrationRequest"
          }
        ]
      },
      {
        "path": "MedicationStatement.dosage.id",
        "representation": [
          "xmlAttr"
        ],
        "short": "xml:id (or equivalent in JSON)",
        "formal": "unique id for the element within a resource (for internal references).",
        "min": 0,
        "max": "1",
        "type": [
          {
            "code": "id"
          }
        ],
        "isSummary": false,
        "mapping": [
          {
            "identity": "rim",
            "map": "n/a"
          },
          {
            "identity": "rim",
            "map": "n/a"
          }
        ]
      },
      {
        "path": "MedicationStatement.dosage.extension",
        "short": "Additional Content defined by implementations",
        "formal": "May be used to represent additional information that is not part of the basic definition of the element. In order to make the use of extensions safe and manageable, there is a strict set of governance  applied to the definition and use of extensions. Though any implementer is allowed to define an extension, there is a set of requirements that SHALL be met as part of the definition of the extension.",
        "comments": "There can be no stigma associated with the use of extensions by any application, project, or standard - regardless of the institution or jurisdiction that uses or defines the extensions.  The use of extensions is what allows the FHIR specification to retain a core level of simplicity for everyone.",
        "synonym": [
          "extensions",
          "user content"
        ],
        "min": 0,
        "max": "*",
        "type": [
          {
            "code": "Extension"
          }
        ],
        "isSummary": false,
        "mapping": [
          {
            "identity": "rim",
            "map": "n/a"
          },
          {
            "identity": "rim",
            "map": "n/a"
          }
        ]
      },
      {
        "path": "MedicationStatement.dosage.modifierExtension",
        "short": "Extensions that cannot be ignored",
        "formal": "May be used to represent additional information that is not part of the basic definition of the element, and that modifies the understanding of the element that contains it. Usually modifier elements provide negation or qualification. In order to make the use of extensions safe and manageable, there is a strict set of governance applied to the definition and use of extensions. Though any implementer is allowed to define an extension, there is a set of requirements that SHALL be met as part of the definition of the extension. Applications processing a resource are required to check for modifier extensions.",
        "comments": "There can be no stigma associated with the use of extensions by any application, project, or standard - regardless of the institution or jurisdiction that uses or defines the extensions.  The use of extensions is what allows the FHIR specification to retain a core level of simplicity for everyone.",
        "synonym": [
          "extensions",
          "user content",
          "modifiers"
        ],
        "min": 0,
        "max": "*",
        "type": [
          {
            "code": "Extension"
          }
        ],
        "isSummary": false,
        "mapping": [
          {
            "identity": "rim",
            "map": "N/A"
          },
          {
            "identity": "rim",
            "map": "N/A"
          }
        ]
      },
      {
        "path": "MedicationStatement.dosage.schedule",
        "short": "When/how often was medication taken?",
        "formal": "The timing schedule for giving the medication to the patient.  The Schedule data type allows many different expressions, for example.  \"Every  8 hours\"; \"Three times a day\"; \"1/2 an hour before breakfast for 10 days from 23-Dec 2011:\";  \"15 Oct 2013, 17 Oct 2013 and 1 Nov 2013\".",
        "min": 0,
        "max": "1",
        "type": [
          {
            "code": "Timing"
          }
        ],
        "mustSupport": true,
        "isSummary": false,
        "mapping": [
          {
            "identity": "v2",
            "map": "RAS:TQ1"
          },
          {
            "identity": "rim",
            "map": ".effectiveTime"
          },
          {
            "identity": "v2",
            "map": "RAS:TQ1"
          },
          {
            "identity": "rim",
            "map": ".effectiveTime"
          }
        ]
      },
      {
        "path": "MedicationStatement.dosage.asNeeded[x]",
        "short": "Take \"as needed\" f(or x)",
        "formal": "If set to true or if specified as a CodeableConcept, indicates that the medication is only taken when needed within the specified schedule rather than at every scheduled dose.  If a CodeableConcept is present, it indicates the pre-condition for taking the Medication.",
        "min": 0,
        "max": "1",
        "type": [
          {
            "code": "boolean"
          },
          {
            "code": "CodeableConcept"
          }
        ],
        "mustSupport": true,
        "isSummary": false,
        "binding": {
          "name": "MedicationAsNeededReason",
          "isExtensible": true,
          "conformance": "preferred",
          "description": "A coded concept identifying the pre-condition that should hold prior to consuming a medication dose.  For example \"pain\", \"30 minutes prior to sexual intercourse\", \"on flare-up\", etc."
        },
        "mapping": [
          {
            "identity": "rim",
            "map": "boolean: .outboundRelationship[typeCode=PRCN].negationInd (inversed - so negationInd = true means asNeeded=false\n\nCodeableConcept: .outboundRelationship[typCode=PRCN].target[classCode=OBS, moodCode=EVN, isCriterionInd=true, code=\"Assertion\"].value"
          },
          {
            "identity": "rim",
            "map": "boolean: .outboundRelationship[typeCode=PRCN].negationInd (inversed - so negationInd = true means asNeeded=false\n\nCodeableConcept: .outboundRelationship[typCode=PRCN].target[classCode=OBS, moodCode=EVN, isCriterionInd=true, code=\"Assertion\"].value"
          }
        ]
      },
      {
        "path": "MedicationStatement.dosage.site",
        "short": "Where on body was medication administered?",
        "formal": "A coded specification of the anatomic site where the medication first enters the body.",
        "min": 0,
        "max": "1",
        "type": [
          {
            "code": "CodeableConcept"
          }
        ],
        "mustSupport": true,
        "isSummary": false,
        "binding": {
          "name": "MedicationAdministrationSite",
          "isExtensible": true,
          "conformance": "example",
          "description": "A coded concept describing the site location the medicine enters into or onto the body",
          "referenceReference": {
            "reference": "http://hl7.org/fhir/vs/approach-site-codes"
          }
        },
        "mapping": [
          {
            "identity": "v2",
            "map": "RXR-2-Administration Site"
          },
          {
            "identity": "rim",
            "map": ".approachSiteCode"
          },
          {
            "identity": "v2",
            "map": "RXR-2-Administration Site"
          },
          {
            "identity": "rim",
            "map": ".approachSiteCode"
          }
        ]
      },
      {
        "path": "MedicationStatement.dosage.route",
        "short": "How did the medication enter the body?",
        "formal": "A code specifying the route or physiological path of administration of a therapeutic agent into or onto a subject.",
        "min": 0,
        "max": "1",
        "type": [
          {
            "code": "CodeableConcept"
          }
        ],
        "mustSupport": true,
        "isSummary": false,
        "binding": {
          "name": "RouteOfAdministration",
          "isExtensible": true,
          "conformance": "example",
          "description": "A coded concept describing the route or physiological path of administration of a therapeutic agent into or onto the body of a subject.",
          "referenceReference": {
            "reference": "http://hl7.org/fhir/vs/route-codes"
          }
        },
        "mapping": [
          {
            "identity": "v2",
            "map": "RXR-1-Route"
          },
          {
            "identity": "rim",
            "map": ".routeCode"
          },
          {
            "identity": "v2",
            "map": "RXR-1-Route"
          },
          {
            "identity": "rim",
            "map": ".routeCode"
          }
        ]
      },
      {
        "path": "MedicationStatement.dosage.method",
        "short": "Technique used to administer medication",
        "formal": "A coded value indicating the method by which the medication is introduced into or onto the body. Most commonly used for injections.  Examples:  Slow Push; Deep IV.\n\nTerminologies used often pre-coordinate this term with the route and or form of administration.",
        "min": 0,
        "max": "1",
        "type": [
          {
            "code": "CodeableConcept"
          }
        ],
        "mustSupport": true,
        "isSummary": false,
        "binding": {
          "name": "MedicationAdministrationMethod",
          "isExtensible": true,
          "conformance": "example",
          "description": "A coded concept describing the technique by which the medicine is administered",
          "referenceReference": {
            "reference": "http://hl7.org/fhir/vs/administration-method-codes"
          }
        },
        "mapping": [
          {
            "identity": "v2",
            "map": "RXR-4-Administration Method"
          },
          {
            "identity": "rim",
            "map": ".methodCode"
          },
          {
            "identity": "v2",
            "map": "RXR-4-Administration Method"
          },
          {
            "identity": "rim",
            "map": ".methodCode"
          }
        ]
      },
      {
        "path": "MedicationStatement.dosage.quantity",
        "short": "Amount administered in one dose",
        "formal": "The amount of therapeutic or other substance given at one administration event.",
        "min": 0,
        "max": "1",
        "type": [
          {
            "code": "Quantity"
          }
        ],
        "mustSupport": true,
        "isSummary": false,
        "mapping": [
          {
            "identity": "v2",
            "map": "RXA-6-Administered Amount / RXA-7.1-Administered Units.code / RXA-7.3-Administered Units.name of coding system"
          },
          {
            "identity": "rim",
            "map": ".doseQuantity"
          },
          {
            "identity": "v2",
            "map": "RXA-6-Administered Amount / RXA-7.1-Administered Units.code / RXA-7.3-Administered Units.name of coding system"
          },
          {
            "identity": "rim",
            "map": ".doseQuantity"
          }
        ]
      },
      {
        "path": "MedicationStatement.dosage.rate",
        "short": "Dose quantity per unit of time",
        "formal": "Identifies the speed with which the substance is introduced into the subject. Typically the rate for an infusion. 200ml in 2 hours.",
        "min": 0,
        "max": "1",
        "type": [
          {
            "code": "Ratio"
          }
        ],
        "mustSupport": true,
        "isSummary": false,
        "mapping": [
          {
            "identity": "v2",
            "map": "RXA-12-Administered Per (Time Unit)"
          },
          {
            "identity": "rim",
            "map": ".rateQuantity"
          },
          {
            "identity": "v2",
            "map": "RXA-12-Administered Per (Time Unit)"
          },
          {
            "identity": "rim",
            "map": ".rateQuantity"
          }
        ]
      },
      {
        "path": "MedicationStatement.dosage.maxDosePerPeriod",
        "short": "Maximum dose that was consumed per unit of time",
        "formal": "The maximum total quantity of a therapeutic substance that may be administered to a subject over the period of time. E.g. 1000mg in 24 hours.",
        "min": 0,
        "max": "1",
        "type": [
          {
            "code": "Ratio"
          }
        ],
        "mustSupport": true,
        "isSummary": false,
        "mapping": [
          {
            "identity": "v2",
            "map": "RXE-4-Give Amount - Maximum / RXE-5-Give Units"
          },
          {
            "identity": "rim",
            "map": ".maxDoseQuantity"
          },
          {
            "identity": "v2",
            "map": "RXE-4-Give Amount - Maximum / RXE-5-Give Units"
          },
          {
            "identity": "rim",
            "map": ".maxDoseQuantity"
          }
        ]
      }
    ]
  },
  "differential": {
    "element": [
      {
        "path": "MedicationStatement",
        "name": "DAFMedicationStatement",
        "short": "Statement that a medication is/was actively taken by a patient.",
        "formal": "Statement that a medication is/was actively taken by a patient.",
        "min": 1,
        "max": "1",
        "isSummary": false
      },
      {
        "path": "MedicationStatement.identifier",
        "min": 0,
        "max": "*",
        "type": [
          {
            "code": "Identifier"
          }
        ],
        "isSummary": false
      },
      {
        "path": "MedicationStatement.patient",
        "min": 1,
        "max": "1",
        "type": [
          {
            "code": "Reference",
            "profile": "http://hl7.org/fhir/Profile/patient-daf-dafpatient"
          }
        ],
        "mustSupport": true,
        "isSummary": false
      },
      {
        "path": "MedicationStatement.wasNotGiven",
        "min": 0,
        "max": "0",
        "type": [
          {
            "code": "boolean"
          }
        ],
        "isSummary": false
      },
      {
        "path": "MedicationStatement.reasonNotGiven",
        "min": 0,
        "max": "0",
        "type": [
          {
            "code": "CodeableConcept"
          }
        ],
        "isSummary": false
      },
      {
        "path": "MedicationStatement.whenGiven",
        "min": 0,
        "max": "1",
        "type": [
          {
            "code": "Period"
          }
        ],
        "mustSupport": true,
        "isSummary": false
      },
      {
        "path": "MedicationStatement.medication",
        "min": 1,
        "max": "1",
        "type": [
          {
            "code": "Reference",
            "profile": "http://hl7.org/fhir/Profile/Medication"
          }
        ],
        "mustSupport": true,
        "isSummary": false
      },
      {
        "path": "MedicationStatement.device",
        "min": 0,
        "max": "*",
        "type": [
          {
            "code": "Reference",
            "profile": "http://hl7.org/fhir/Profile/Device"
          }
        ],
        "isSummary": false
      },
      {
        "path": "MedicationStatement.dosage",
        "min": 0,
        "max": "*",
        "mustSupport": true,
        "isSummary": false
      },
      {
        "path": "MedicationStatement.dosage.schedule",
        "min": 0,
        "max": "1",
        "type": [
          {
            "code": "Timing"
          }
        ],
        "mustSupport": true,
        "isSummary": false
      },
      {
        "path": "MedicationStatement.dosage.asNeeded[x]",
        "min": 0,
        "max": "1",
        "type": [
          {
            "code": "boolean"
          },
          {
            "code": "CodeableConcept"
          }
        ],
        "mustSupport": true,
        "isSummary": false
      },
      {
        "path": "MedicationStatement.dosage.site",
        "min": 0,
        "max": "1",
        "type": [
          {
            "code": "CodeableConcept"
          }
        ],
        "mustSupport": true,
        "isSummary": false
      },
      {
        "path": "MedicationStatement.dosage.route",
        "min": 0,
        "max": "1",
        "type": [
          {
            "code": "CodeableConcept"
          }
        ],
        "mustSupport": true,
        "isSummary": false
      },
      {
        "path": "MedicationStatement.dosage.method",
        "min": 0,
        "max": "1",
        "type": [
          {
            "code": "CodeableConcept"
          }
        ],
        "mustSupport": true,
        "isSummary": false
      },
      {
        "path": "MedicationStatement.dosage.quantity",
        "min": 0,
        "max": "1",
        "type": [
          {
            "code": "Quantity"
          }
        ],
        "mustSupport": true,
        "isSummary": false
      },
      {
        "path": "MedicationStatement.dosage.rate",
        "min": 0,
        "max": "1",
        "type": [
          {
            "code": "Ratio"
          }
        ],
        "mustSupport": true,
        "isSummary": false
      },
      {
        "path": "MedicationStatement.dosage.maxDosePerPeriod",
        "min": 0,
        "max": "1",
        "type": [
          {
            "code": "Ratio"
          }
        ],
        "mustSupport": true,
        "isSummary": false
      }
    ]
  }
}