{
  "resourceType": "MedicationPrescription",
  "id": "f202",
  "dateWritten": "2013-03-11",
  "status": "completed",
  "patient": {
    "reference": "Patient/f201",
    "display": "Roel"
  },
  "prescriber": {
    "reference": "Practitioner/f201"
  },
  "encounter": {
    "reference": "Encounter/f203",
    "display": "Roel's encounter on March eleventh 2013"
  },
  "reasonReference": {
    "reference": "Condition/f203",
    "display": "sepsis"
  },
  "medication": {
    "reference": "Medication/f202",
    "display": "Flucloxacilline"
  },
  "dosageInstruction": [
    {
      "text": "Flucloxacilline 12g/24h",
      "scheduledTiming": {
        "event": [
          {
            "start": "2013-03-11",
            "end": "2013-03-21"
          }
        ]
      },
      "route": {
        "coding": [
          {
            "system": "http://snomed.info/sct",
            "code": "47625008",
            "display": "Intravenous route"
          }
        ]
      },
      "method": {
        "coding": [
          {
            "system": "http://snomed.info/sct",
            "code": "323493005",
            "display": "Injected floxacillin"
          }
        ]
      },
      "maxDosePerPeriod": {
        "numerator": {
          "value": 12,
          "units": "gram",
          "system": "http://snomed.info/sct",
          "code": "258682000"
        },
        "denominator": {
          "value": 24,
          "units": "hours",
          "system": "http://snomed.info/sct",
          "code": "258702006"
        }
      }
    }
  ]
}