{"dateWritten":"2011-05-01","dispense":{"quantity":{"code":"46992007","system":"http://snomed.info/sct","value":90},"validityPeriod":{"start":"2011-05-01"}},"dosageInstruction":[{"doseQuantity":{"code":"mg","system":"http://unitsofmeasure.org","units":"mg","value":500},"route":{"coding":[{"code":"386359008","display":"Administration of drug or medicament via oral route","system":"http://snomed.info/sct"}]},"scheduledTiming":{"event":[{"start":"2011-05-01"}],"repeat":{"duration":1,"frequency":3,"units":"d"}},"site":{"coding":[{"code":"181220002","display":"Entire oral cavity","system":"http://snomed.info/sct"}]}}],"encounter":{"display":"encounter who leads to this priscription","reference":"Encounter/f002"},"id":"f003","identifier":[{"system":"http://www.bmc.nl/portal/prescriptions","use":"official","value":"order9845343"}],"medication":{"display":"prescribed medication","reference":"Medication/f003"},"patient":{"display":"P. van den Heuvel","reference":"Patient/f001"},"prescriber":{"display":"S.M. Heps","reference":"Practitioner/f007"},"reasonCodeableConcept":{"coding":[{"code":"444780001","display":"High glucose level in blood","system":"http://snomed.info/sct"}]},"resourceType":"MedicationPrescription","status":"active"}