{"contained":[{"code":{"coding":[{"code":"B01AA03","display":"Warfarin 1 MG TAB","system":"urn:oid:2.16.840.1.113883.6.73"}]},"id":"1","resourceType":"Medication"}],"dateWritten":"2014-01-05","dispense":{"expectedSupplyDuration":{"code":"d","system":"http://unitsofmeasure.org","units":"days","value":60},"numberOfRepeatsAllowed":2,"quantity":{"code":"TAB","system":"http://hl7.org/fhir/v3/orderableDrugForm","units":"tablets","value":100}},"dosageInstruction":[{"additionalInstructions":{"text":"Take as directed"},"route":{"coding":[{"code":"394899003","display":"oral administration of treatment","system":"http://snomed.info/sct"}]}}],"id":"warfarin","medication":{"reference":"#1"},"patient":{"reference":"Patient/example"},"prescriber":{"display":"Dr. Adam Careful","reference":"Practitioner/example"},"reasonCodeableConcept":{"coding":[{"code":"49436004","system":"http://snomed.info/sct"}]},"resourceType":"MedicationPrescription","status":"active","text":{"div":"<div>\n      \n      <p>Warfarin 1 MG TAB - Take as directed, by mouth</p>\n      \n      <p>Dispense 100 tablets, 1 refill</p>\n      \n      <p>Prescribed by Dr. Adam Careful on Jan. 5, 2014</p>\n    \n    </div>","status":"generated"}}