{"dosage":[{"quantity":{"code":"ml","system":"http://unitsofmeasure.org","units":"ml","value":10},"route":{"coding":[{"code":"394899003","display":"oral administration of treatment","system":"http://snomed.info/sct"}]}}],"id":"example","medication":{"reference":"Medication/example"},"patient":{"reference":"Patient/example"},"resourceType":"MedicationStatement","text":{"div":"<div>\n      \n      <p>Penicillin VK 10ml suspension administered by oral route at 14:30 on 1 June 2012</p>\n      \n      <p>to patient ref: a23</p>\n    \n    </div>","status":"generated"},"whenGiven":{"end":"2012-06-01T14:30:00","start":"2012-06-01T14:30:00"}}