{"dispense":{"quantity":{"code":"ml","system":"http://unitsofmeasure.org","units":"ml","value":100}},"dosageInstruction":[{"doseQuantity":{"code":"ml","system":"http://unitsofmeasure.org","units":"ml","value":5},"route":{"coding":[{"code":"394899003","display":"oral administration of treatment","system":"http://snomed.info/sct"}]},"scheduledTiming":{"repeat":{"duration":1,"frequency":3,"units":"d"}}}],"id":"example","medication":{"reference":"Medication/example"},"patient":{"reference":"Patient/example"},"prescriber":{"reference":"Practitioner/example"},"resourceType":"MedicationPrescription","status":"active","text":{"div":"<div>\n      \n      <p>Penicillin VK 5ml suspension to be administered by oral route</p>\n      \n      <p>ONE 5ml spoonful to be taken THREE times a day</p>\n      \n      <p>100ml bottle</p>\n      \n      <p>to patient ref: a23</p>\n      \n      <p>by doctor X</p>\n    \n    </div>","status":"generated"}}