{
  "resourceType": "Questionnaire",
  "id": "qs1",
  "identifier": [
    {
      "system": "urn:ietf:rfc:3986"
    }
  ],
  "status": "draft",
  "date": "2014-12-30T10:55:31",
  "publisher": "HL7 FHIR Project (FHIR Management Group)",
  "group": {
    "http://hl7.org/fhir/Profile/questionnaire-extensions#flyover": [
      {
        "valueString": "A curated namespace that issues unique symbols within that namespace for the identification of concepts, people, devices, etc.  Represents a \"System\" used within the Identifier and Coding data types."
      }
    ],
    "linkId": "NamingSystem",
    "title": "System of unique identification",
    "required": true,
    "group": [
      {
        "http://hl7.org/fhir/Profile/questionnaire-extensions#flyover": [
          {
            "valueString": "The logical id of the resource, as used in the url for the resoure. Once assigned, this value never changes. The only time that a resource does not have an id is when it is being submitted to the server using a create operation. Bundles always have an id, though it is usually a generated UUID."
          }
        ],
        "http://www.healthintersections.com.au/fhir/Profile/metadata#type": [
          {
            "valueString": "string"
          }
        ],
        "linkId": "NamingSystem.id",
        "repeats": true,
        "question": [
          {
            "linkId": "NamingSystem.id.value",
            "text": "Logical id of this artefact",
            "type": "string"
          }
        ]
      },
      {
        "http://hl7.org/fhir/Profile/questionnaire-extensions#flyover": [
          {
            "valueString": "The metadata about the resource. This is content that is maintained by the infrastructure. Changes to the content may not always be associated with version changes to the resource."
          }
        ],
        "linkId": "NamingSystem.meta",
        "title": "Metadata about the resource",
        "group": [
          {
            "http://hl7.org/fhir/Profile/questionnaire-extensions#flyover": [
              {
                "valueString": "unique id for the element within a resource (for internal references)."
              }
            ],
            "http://www.healthintersections.com.au/fhir/Profile/metadata#type": [
              {
                "valueString": "string"
              }
            ],
            "linkId": "NamingSystem.meta.id",
            "repeats": true,
            "question": [
              {
                "linkId": "NamingSystem.meta.id.value",
                "text": "xml:id (or equivalent in JSON)",
                "type": "string"
              }
            ]
          },
          {
            "http://hl7.org/fhir/Profile/questionnaire-extensions#flyover": [
              {
                "valueString": "The version specific identifier, as it appears in the version portion of the url. This values changes when the resource is created, updated, or deleted. The server assigns this value, and ignores what the client specifies, except in the case that the server is imposing version integrity on updates/deletes."
              }
            ],
            "http://www.healthintersections.com.au/fhir/Profile/metadata#type": [
              {
                "valueString": "string"
              }
            ],
            "linkId": "NamingSystem.meta.versionId",
            "repeats": true,
            "question": [
              {
                "linkId": "NamingSystem.meta.versionId.value",
                "text": "Version specific identifier",
                "type": "string"
              }
            ]
          },
          {
            "http://hl7.org/fhir/Profile/questionnaire-extensions#flyover": [
              {
                "valueString": "When the resource last changed - e.g. when the version changed. This value is always populated except when the resource is first being created. The server / resource manager sets this value; what a client provides is irrelevant."
              }
            ],
            "http://www.healthintersections.com.au/fhir/Profile/metadata#type": [
              {
                "valueString": "instant"
              }
            ],
            "linkId": "NamingSystem.meta.lastUpdated",
            "repeats": true,
            "question": [
              {
                "linkId": "NamingSystem.meta.lastUpdated.value",
                "text": "When the resource version last changed",
                "type": "instant"
              }
            ]
          },
          {
            "http://hl7.org/fhir/Profile/questionnaire-extensions#flyover": [
              {
                "valueString": "A list of profiles that this resource claims to conform to. The URL is a reference to Profile.url. It is up to the server and/or other infrastruture of policy to determine whether/how these claims are verified and/or updated over tiem."
              }
            ],
            "http://www.healthintersections.com.au/fhir/Profile/metadata#type": [
              {
                "valueString": "uri"
              }
            ],
            "linkId": "NamingSystem.meta.profile",
            "repeats": true,
            "question": [
              {
                "linkId": "NamingSystem.meta.profile.value",
                "text": "Profiles this resource claims to conform to",
                "type": "string"
              }
            ]
          },
          {
            "http://hl7.org/fhir/Profile/questionnaire-extensions#flyover": [
              {
                "valueString": "Security labels applied to this resource. These tags connect specific resources to the overall security policy and infrastructure. The security labels can be updated without changing the stated version of the resource."
              }
            ],
            "http://www.healthintersections.com.au/fhir/Profile/metadata#type": [
              {
                "valueString": "Coding"
              }
            ],
            "linkId": "NamingSystem.meta.security",
            "repeats": true,
            "question": [
              {
                "linkId": "NamingSystem.meta.security.value",
                "text": "Security Labels applied to this resource",
                "type": "open-choice"
              }
            ]
          },
          {
            "http://hl7.org/fhir/Profile/questionnaire-extensions#flyover": [
              {
                "valueString": "Tags applied to this resource. Tags are intended to to be used to identify and relate resources to process and workflow, and applications are not required to consider the tags when interpreting the meaning of a resource. The tags can be updated without changing the stated version of the resource."
              }
            ],
            "http://www.healthintersections.com.au/fhir/Profile/metadata#type": [
              {
                "valueString": "Coding"
              }
            ],
            "linkId": "NamingSystem.meta.tag",
            "repeats": true,
            "question": [
              {
                "linkId": "NamingSystem.meta.tag.value",
                "text": "Tags applied",
                "type": "open-choice"
              }
            ]
          }
        ]
      },
      {
        "http://hl7.org/fhir/Profile/questionnaire-extensions#flyover": [
          {
            "valueString": "A reference to a set of rules that were followed when the resource was constructed, and which must be understood when processing the content. Asserting this rule set restricts the content to be only understood by a limited set of trading partners. This inherently limits the usefulness of the data in the long term. However the existing health eco-system is highly fractured, and not yet ready to define, collect, and exchange data in a generally computable sense. Wherever possible, implementers and/or specification writers should avoid using this element as much as possible."
          }
        ],
        "http://www.healthintersections.com.au/fhir/Profile/metadata#type": [
          {
            "valueString": "uri"
          }
        ],
        "linkId": "NamingSystem.implicitRules",
        "repeats": true,
        "question": [
          {
            "linkId": "NamingSystem.implicitRules.value",
            "text": "A set of rules under which this content was created",
            "type": "string"
          }
        ]
      },
      {
        "http://hl7.org/fhir/Profile/questionnaire-extensions#flyover": [
          {
            "valueString": "The base language in which the resource is written. Language is provided to support indexing and accessibility (typically, services such as text to speech use the language tag). The html language tag in the narrative applies  to the narrative. The language tag on the resource may be used to specify the language of other presentations generated from the data in the resource\n\nNot all the content has to be in the base language. The Resource.language should not be assumed to apply to the narrative automatically. If a language is specified, it should it also be specified on the div element in the html (see rules in HTML5 for information about the relationship between xml:lang and the html lang attribute)."
          }
        ],
        "http://www.healthintersections.com.au/fhir/Profile/metadata#type": [
          {
            "valueString": "code"
          }
        ],
        "linkId": "NamingSystem.language",
        "repeats": true,
        "question": [
          {
            "linkId": "NamingSystem.language.value",
            "text": "language",
            "type": "choice"
          }
        ]
      },
      {
        "http://hl7.org/fhir/Profile/questionnaire-extensions#flyover": [
          {
            "valueString": "A human-readable narrative that contains a summary of the resource, and may be used to represent the content of the resource to a human. The narrative need not encode all the structured data, but is required to contain sufficient detail to make it \"clinically safe\" for a human to just read the narrative. Resource definitions may define what content should be represented in the narrative to ensure clinical safety. Contained resources do not have narrative. Resources that are not contained SHOULD have a narrative."
          }
        ],
        "linkId": "NamingSystem.text",
        "text": "Text summary of the resource, for human interpretation",
        "repeats": true
      },
      {
        "http://hl7.org/fhir/Profile/questionnaire-extensions#flyover": [
          {
            "valueString": "These resources do not have an independent existence apart from the resource that contains them - they cannot be identified independently, and nor can they have their own independent transaction scope. This should never be done when the content can be identified properly, as once identification is lost, it is extremely difficult (and context dependent) to restore it again."
          }
        ],
        "linkId": "NamingSystem.contained",
        "text": "Contained, inline Resources",
        "repeats": true
      },
      {
        "http://hl7.org/fhir/Profile/questionnaire-extensions#flyover": [
          {
            "valueString": "Indicates the purpose for the namingsystem - what kinds of things does it make unique?."
          }
        ],
        "http://www.healthintersections.com.au/fhir/Profile/metadata#type": [
          {
            "valueString": "code"
          }
        ],
        "linkId": "NamingSystem.type",
        "required": true,
        "repeats": true,
        "question": [
          {
            "linkId": "NamingSystem.type.value",
            "text": "type",
            "type": "choice"
          }
        ]
      },
      {
        "http://hl7.org/fhir/Profile/questionnaire-extensions#flyover": [
          {
            "valueString": "The descriptive name of this particular identifier type or code system. The\"symbolic name\" for an OID would be captured as an extension."
          }
        ],
        "http://www.healthintersections.com.au/fhir/Profile/metadata#type": [
          {
            "valueString": "string"
          }
        ],
        "linkId": "NamingSystem.name",
        "required": true,
        "repeats": true,
        "question": [
          {
            "linkId": "NamingSystem.name.value",
            "text": "Human-readable label",
            "type": "string"
          }
        ]
      },
      {
        "http://hl7.org/fhir/Profile/questionnaire-extensions#flyover": [
          {
            "valueString": "Indicates whether the namingsystem is \"ready for use\" or not."
          }
        ],
        "http://www.healthintersections.com.au/fhir/Profile/metadata#type": [
          {
            "valueString": "code"
          }
        ],
        "linkId": "NamingSystem.status",
        "required": true,
        "repeats": true,
        "question": [
          {
            "linkId": "NamingSystem.status.value",
            "text": "status",
            "type": "choice"
          }
        ]
      },
      {
        "http://hl7.org/fhir/Profile/questionnaire-extensions#flyover": [
          {
            "valueString": "If present, indicates that the identifier or code system is principally intended for use or applies to entities within the specified country.  For example, the country associated with a national code system."
          }
        ],
        "http://www.healthintersections.com.au/fhir/Profile/metadata#type": [
          {
            "valueString": "code"
          }
        ],
        "linkId": "NamingSystem.country",
        "repeats": true,
        "question": [
          {
            "linkId": "NamingSystem.country.value",
            "text": "country",
            "type": "choice"
          }
        ]
      },
      {
        "http://hl7.org/fhir/Profile/questionnaire-extensions#flyover": [
          {
            "valueString": "Categorizes a namingsystem for easier search by grouping related namingsystems. This will most commonly be used for identifier namespaces, but categories could potentially be useful for code systems and authorities as well."
          }
        ],
        "http://www.healthintersections.com.au/fhir/Profile/metadata#type": [
          {
            "valueString": "CodeableConcept"
          }
        ],
        "linkId": "NamingSystem.category",
        "text": "driver | provider | patient | bank",
        "repeats": true,
        "question": [
          {
            "linkId": "NamingSystem.category.coding",
            "text": "code:",
            "type": "open-choice"
          },
          {
            "linkId": "NamingSystem.category.text",
            "text": "text:",
            "type": "string"
          }
        ]
      },
      {
        "http://hl7.org/fhir/Profile/questionnaire-extensions#flyover": [
          {
            "valueString": "The name of the organization that is responsible for issuing identifiers or codes for this namespace and ensuring their non-collision. This is the primary organization.  Responsibility for some aspects of a namespace may be delegated."
          }
        ],
        "http://www.healthintersections.com.au/fhir/Profile/metadata#type": [
          {
            "valueString": "string"
          }
        ],
        "linkId": "NamingSystem.responsible",
        "repeats": true,
        "question": [
          {
            "linkId": "NamingSystem.responsible.value",
            "text": "Who maintains system namespace?",
            "type": "string"
          }
        ]
      },
      {
        "http://hl7.org/fhir/Profile/questionnaire-extensions#flyover": [
          {
            "valueString": "Details about what the namespace identifies including scope, granularity, version labeling, etc."
          }
        ],
        "http://www.healthintersections.com.au/fhir/Profile/metadata#type": [
          {
            "valueString": "string"
          }
        ],
        "linkId": "NamingSystem.description",
        "repeats": true,
        "question": [
          {
            "linkId": "NamingSystem.description.value",
            "text": "What does namingsystem identify?",
            "type": "string"
          }
        ]
      },
      {
        "http://hl7.org/fhir/Profile/questionnaire-extensions#flyover": [
          {
            "valueString": "Provides guidance on the use of the namespace, including the handling of formatting characters, use of upper vs. lower case, etc."
          }
        ],
        "http://www.healthintersections.com.au/fhir/Profile/metadata#type": [
          {
            "valueString": "string"
          }
        ],
        "linkId": "NamingSystem.usage",
        "repeats": true,
        "question": [
          {
            "linkId": "NamingSystem.usage.value",
            "text": "How/where is it used",
            "type": "string"
          }
        ]
      },
      {
        "http://hl7.org/fhir/Profile/questionnaire-extensions#flyover": [
          {
            "valueString": "Indicates how the system may be identified when referenced in electronic exchange."
          }
        ],
        "linkId": "NamingSystem.uniqueId",
        "title": "Unique identifiers used for system",
        "text": "Multiple identifiers may exist, either due to duplicate registration, regional rules, needs of different communication technologies, etc.",
        "required": true,
        "repeats": true,
        "group": [
          {
            "http://hl7.org/fhir/Profile/questionnaire-extensions#flyover": [
              {
                "valueString": "unique id for the element within a resource (for internal references)."
              }
            ],
            "http://www.healthintersections.com.au/fhir/Profile/metadata#type": [
              {
                "valueString": "string"
              }
            ],
            "linkId": "NamingSystem.uniqueId.id",
            "repeats": true,
            "question": [
              {
                "linkId": "NamingSystem.uniqueId.id.value",
                "text": "xml:id (or equivalent in JSON)",
                "type": "string"
              }
            ]
          },
          {
            "http://hl7.org/fhir/Profile/questionnaire-extensions#flyover": [
              {
                "valueString": "Identifies the unique identifier scheme used for this particular identifier. Different identifier types may be used in different types of communications (OIDs for v3, URIs for FHIR, etc.).  Other includes RUIDs from v3, standard v2 code name strings, etc."
              }
            ],
            "http://www.healthintersections.com.au/fhir/Profile/metadata#type": [
              {
                "valueString": "code"
              }
            ],
            "linkId": "NamingSystem.uniqueId.type",
            "required": true,
            "repeats": true,
            "question": [
              {
                "linkId": "NamingSystem.uniqueId.type.value",
                "text": "type",
                "type": "choice"
              }
            ]
          },
          {
            "http://hl7.org/fhir/Profile/questionnaire-extensions#flyover": [
              {
                "valueString": "The string that should be sent over the wire to identify the code system or identifier system."
              }
            ],
            "http://www.healthintersections.com.au/fhir/Profile/metadata#type": [
              {
                "valueString": "string"
              }
            ],
            "linkId": "NamingSystem.uniqueId.value",
            "required": true,
            "repeats": true,
            "question": [
              {
                "linkId": "NamingSystem.uniqueId.value.value",
                "text": "The unique identifier",
                "type": "string"
              }
            ]
          },
          {
            "http://hl7.org/fhir/Profile/questionnaire-extensions#flyover": [
              {
                "valueString": "Indicates whether this identifier is the \"preferred\" identifier of this type."
              }
            ],
            "http://www.healthintersections.com.au/fhir/Profile/metadata#type": [
              {
                "valueString": "boolean"
              }
            ],
            "linkId": "NamingSystem.uniqueId.preferred",
            "repeats": true,
            "question": [
              {
                "linkId": "NamingSystem.uniqueId.preferred.value",
                "text": "Is this the id that should be used for this type",
                "type": "boolean"
              }
            ]
          },
          {
            "http://hl7.org/fhir/Profile/questionnaire-extensions#flyover": [
              {
                "valueString": "Identifies the period of time over which this identifier is considered appropriate to refer to the namingsystem.  Outside of this window, the identifier might be non-deterministic. Within a registry, a given identifier should only be \"active\" for a single namespace at a time.  (Ideally, an identifier should only ever be associated with a single namespace across all time)."
              }
            ],
            "http://www.healthintersections.com.au/fhir/Profile/metadata#type": [
              {
                "valueString": "Period"
              }
            ],
            "linkId": "NamingSystem.uniqueId.period",
            "text": "When is identifier valid?",
            "repeats": true,
            "question": [
              {
                "linkId": "NamingSystem.uniqueId.period.low",
                "text": "start:",
                "type": "dateTime"
              },
              {
                "linkId": "NamingSystem.uniqueId.period.end",
                "text": "end:",
                "type": "dateTime"
              }
            ]
          }
        ]
      },
      {
        "http://hl7.org/fhir/Profile/questionnaire-extensions#flyover": [
          {
            "valueString": "The person who can be contacted about this system registration entry."
          }
        ],
        "linkId": "NamingSystem.contact",
        "title": "Who should be contacted for questions about namingsystem",
        "group": [
          {
            "http://hl7.org/fhir/Profile/questionnaire-extensions#flyover": [
              {
                "valueString": "unique id for the element within a resource (for internal references)."
              }
            ],
            "http://www.healthintersections.com.au/fhir/Profile/metadata#type": [
              {
                "valueString": "string"
              }
            ],
            "linkId": "NamingSystem.contact.id",
            "repeats": true,
            "question": [
              {
                "linkId": "NamingSystem.contact.id.value",
                "text": "xml:id (or equivalent in JSON)",
                "type": "string"
              }
            ]
          },
          {
            "http://hl7.org/fhir/Profile/questionnaire-extensions#flyover": [
              {
                "valueString": "Names of the person who can be contacted."
              }
            ],
            "http://www.healthintersections.com.au/fhir/Profile/metadata#type": [
              {
                "valueString": "Name"
              }
            ],
            "linkId": "NamingSystem.contact.name",
            "text": "Name of person",
            "repeats": true,
            "question": [
              {
                "linkId": "NamingSystem.contact.name.text",
                "text": "text:",
                "type": "string"
              },
              {
                "linkId": "NamingSystem.contact.name.family",
                "text": "family:",
                "type": "string",
                "repeats": true
              },
              {
                "linkId": "NamingSystem.contact.name.given",
                "text": "given:",
                "type": "string",
                "repeats": true
              }
            ]
          },
          {
            "http://hl7.org/fhir/Profile/questionnaire-extensions#flyover": [
              {
                "valueString": "Identifies the mechanism(s) by which they can be contacted."
              }
            ],
            "http://www.healthintersections.com.au/fhir/Profile/metadata#type": [
              {
                "valueString": "ContactPoint"
              }
            ],
            "linkId": "NamingSystem.contact.telecom",
            "text": "Phone, email, etc.",
            "repeats": true,
            "question": [
              {
                "linkId": "NamingSystem.contact.telecom.system",
                "text": "type:",
                "type": "choice"
              },
              {
                "linkId": "NamingSystem.contact.telecom.value",
                "text": "value:",
                "type": "string"
              },
              {
                "linkId": "NamingSystem.contact.telecom.use",
                "text": "use:",
                "type": "choice"
              }
            ]
          }
        ]
      },
      {
        "http://hl7.org/fhir/Profile/questionnaire-extensions#flyover": [
          {
            "valueString": "For namingsystems that are retired, indicates the namingsystem that should be used in their place (if any)."
          }
        ],
        "http://www.healthintersections.com.au/fhir/Profile/metadata#type": [
          {
            "valueString": "Reference"
          }
        ],
        "linkId": "NamingSystem.replacedBy",
        "repeats": true,
        "question": [
          {
            "http://www.healthintersections.com.au/fhir/Profile/metadata#reference": [
              {
                "valueString": "/NamingSystem?subject=$subj&patient=$subj&encounter=$encounter"
              }
            ],
            "linkId": "NamingSystem.replacedBy.value",
            "text": "Use this instead",
            "type": "reference"
          }
        ]
      }
    ]
  }
}