{"allergyIntolerance":[{"display":"Cashew Nuts","reference":"AllergyIntolerance/example"}],"dateTime":"2014-09-17","encounter":{"display":"Inpatient","reference":"Encounter/example"},"excludeFoodModifier":[{"coding":[{"code":"227493005","display":"Cashew Nut","system":"http://snomed.info/sct","version":"20140730"}]}],"foodPreferenceModifier":[{"coding":[{"code":"dairy-free","system":"http://hl7.org/fhir/diet","valueSet":{"display":"PatientDiet","reference":"http://hl7.org/fhir/vs/encounter-diet"}}]}],"id":"enteralbolus","identifier":[{"system":"http://www.acme.org/nutritionorders","value":"123"}],"item":[{"enteralFormula":{"additiveName":"Acme Additive","additiveType":{"coding":[{"code":"427298002","display":"Enteral dietary supplement","system":"http://snomed.info/sct","valueSet":{"display":"EnteralFormulaAdditiveType","reference":"http://hl7.org/fhir/vs/entformula-additive"}}]},"baseFormulaName":"Acme High Protein Formula","baseFormulaType":{"coding":[{"code":"659311000124118","display":"Adult high protein formula","system":"http://usextension/snomed.info/sct"}]},"caloricDensity":{"code":"cal/mL","system":"http://unitsofmeasure.org","units":"calories per milliliter","value":1.5},"maxVolumeToDeliver":{"code":"mL","system":"http://unitsofmeasure.org","units":"milliliter","value":1440},"quantity":{"code":"mL","system":"http://unitsofmeasure.org","units":"milliliters","value":240},"rate":{"denominator":{"code":"h","system":"http://unitsofmeasure.org","units":"hr","value":4},"numerator":{"code":"mL","system":"http://unitsofmeasure.org","units":"milliliters","value":240}},"routeofAdministration":{"coding":[{"code":"GT","display":"Instillation, gastrostomy tube","system":"http://hl7.org/fhir/v3/RouteOfAdministration","valueSet":{"display":"EnteralRouteOfAdministration","reference":"http://hl7.org/fhir/vs/enteral-route"}}]}},"isInEffect":true,"scheduledPeriod":{"start":"2014-09-17"}}],"orderer":{"display":"Dr Adam Careful","reference":"Practitioner/example"},"resourceType":"NutritionOrder","status":"active","subject":{"display":"Peter Chalmers","reference":"Patient/example"},"text":{"div":"<div> Description = Nutrition Order Infant Enteral Feeding Canonical Example</div>","status":"generated"}}