{"allergyIntolerance":[{"display":"Cashew Nuts","reference":"AllergyIntolerance/example"}],"dateTime":"2014-09-17","encounter":{"display":"Inpatient","reference":"Encounter/example"},"excludeFoodModifier":[{"coding":[{"code":"227493005","display":"Cashew Nut","system":"http://snomed.info/sct","version":"20140730"}]}],"foodPreferenceModifier":[{"coding":[{"code":"nut-free","system":"http://hl7.org/fhir/diet","valueSet":{"display":"PatientDiet","reference":"http://hl7.org/fhir/vs/encounter-diet"}}]}],"id":"infantenteral","identifier":[{"system":"http://www.acme.org/nutritionorders","value":"123"}],"item":[{"enteralFormula":{"additiveName":"Acme High Carbohydrate Additive","additiveType":{"coding":[{"code":"226307009","display":"Carbohydrate supplement","system":"http://snomed.info/sct","valueSet":{"display":"EnteralFormulaAdditiveType","reference":"http://hl7.org/fhir/vs/entformula-additive"}}]},"administrationInstructions":"Add high calorie high carbohydrate additive to increase cal/oz from 24 cal/oz to 27 cal/oz.","baseFormulaName":"Acme Infant Formula + Iron","baseFormulaType":{"coding":[{"code":"412414007","display":"infant formula + iron","system":"http://snomed.info/sct"}]},"caloricDensity":{"code":"cal/[foz_us]","system":"http://unitsofmeasure.org","units":"calories per ounce","value":20},"maxVolumeToDeliver":{"code":"[foz_us]","system":"http://unitsofmeasure.org","units":"ounces","value":32},"rate":{"denominator":{"code":"h","system":"http://unitsofmeasure.org","units":"hr","value":3},"numerator":{"code":"[foz_us]","system":"http://unitsofmeasure.org","units":"oz","value":4}},"routeofAdministration":{"coding":[{"code":"PO","display":"Swallow, oral","primary":true,"system":"http://hl7.org/fhir/v3/RouteOfAdministration","valueSet":{"display":"EnteralRouteOfAdministration","reference":"http://hl7.org/fhir/vs/enteral-route"}}]}},"isInEffect":true,"scheduledPeriod":{"start":"2014-09-17"}}],"orderer":{"display":"Peter Chalmers","reference":"Patient/example"},"resourceType":"NutritionOrder","status":"active","subject":{"display":"Dr Adam Careful","reference":"Practitioner/example"},"text":{"div":"<div> Description = Nutrition Order Infant Enteral Feeding Canonical Example</div>","status":"generated"}}