{
  "resourceType": "NutritionOrder",
  "id": "enteralbolus",
  "text": {
    "status": "generated",
    "div": "<div> Description = Nutrition Order Infant Enteral Feeding Canonical Example</div>"
  },
  "subject": {
    "reference": "Patient/example",
    "display": "Peter Chalmers"
  },
  "orderer": {
    "reference": "Practitioner/example",
    "display": "Dr Adam Careful"
  },
  "identifier": [
    {
      "system": "http://www.acme.org/nutritionorders",
      "value": "123"
    }
  ],
  "encounter": {
    "reference": "Encounter/example",
    "display": "Inpatient"
  },
  "dateTime": "2014-09-17",
  "allergyIntolerance": [
    {
      "reference": "AllergyIntolerance/example",
      "display": "Cashew Nuts"
    }
  ],
  "foodPreferenceModifier": [
    {
      "coding": [
        {
          "system": "http://hl7.org/fhir/diet",
          "code": "dairy-free",
          "valueSet": {
            "reference": "http://hl7.org/fhir/vs/encounter-diet",
            "display": "PatientDiet"
          }
        }
      ]
    }
  ],
  "excludeFoodModifier": [
    {
      "coding": [
        {
          "system": "http://snomed.info/sct",
          "version": "20140730",
          "code": "227493005",
          "display": "Cashew Nut"
        }
      ]
    }
  ],
  "item": [
    {
      "scheduledPeriod": {
        "start": "2014-09-17"
      },
      "isInEffect": true,
      "enteralFormula": {
        "baseFormulaType": {
          "coding": [
            {
              "system": "http://usextension/snomed.info/sct",
              "code": "659311000124118",
              "display": "Adult high protein formula"
            }
          ]
        },
        "baseFormulaName": "Acme High Protein Formula",
        "additiveType": {
          "coding": [
            {
              "system": "http://snomed.info/sct",
              "code": "427298002",
              "display": "Enteral dietary supplement",
              "valueSet": {
                "reference": "http://hl7.org/fhir/vs/entformula-additive",
                "display": "EnteralFormulaAdditiveType"
              }
            }
          ]
        },
        "additiveName": "Acme Additive",
        "caloricDensity": {
          "value": 1.5,
          "units": "calories per milliliter",
          "system": "http://unitsofmeasure.org",
          "code": "cal/mL"
        },
        "routeofAdministration": {
          "coding": [
            {
              "system": "http://hl7.org/fhir/v3/RouteOfAdministration",
              "code": "GT",
              "display": "Instillation, gastrostomy tube",
              "valueSet": {
                "reference": "http://hl7.org/fhir/vs/enteral-route",
                "display": "EnteralRouteOfAdministration"
              }
            }
          ]
        },
        "quantity": {
          "value": 240,
          "units": "milliliters",
          "system": "http://unitsofmeasure.org",
          "code": "mL"
        },
        "rate": {
          "numerator": {
            "value": 240,
            "units": "milliliters",
            "system": "http://unitsofmeasure.org",
            "code": "mL"
          },
          "denominator": {
            "value": 4,
            "units": "hr",
            "system": "http://unitsofmeasure.org",
            "code": "h"
          }
        },
        "maxVolumeToDeliver": {
          "value": 1440,
          "units": "milliliter",
          "system": "http://unitsofmeasure.org",
          "code": "mL"
        }
      }
    }
  ],
  "status": "active"
}