{"appliesDateTime":"2014-12-05","http://hl7.org/fhir/ExtensionDefinition/uslabobservationkind":[{"valueCode":"result"}],"id":"uslab-example3","identifier":{"label":"lab test result ID","system":"http://lis.acmelabs.org/identifiers/labtestresult","use":"official","value":"3456"},"interpretation":{"coding":[{"code":"A","system":"http://hl7.org/fhir/v2/0078"}]},"issued":"2014-12-06T15:42:15-08:00","name":{"coding":[{"code":"6463-4","display":"Bacteria identified in Unspecified specimen by Culture","system":"http://loinc.org"},{"code":"MSCBACT","display":"Misc Culture","system":"urn:oid:2.16.840.1.113883.3.72.5.24"}],"text":"Miscellaneous Culture"},"performer":[{"display":"Dr Leonard T Bloodraw Jr","reference":"uslab-example1"}],"resourceType":"Observation","specimen":{"display":"Blood sample","reference":"uslab-example1"},"status":"final","subject":{"display":"Todd Lerr","reference":"uslab-example1"},"text":{"div":"<div>\n\t\t\t\n      <ul>\n\t\t\t\t\n        <li>file: obs-uslab-example3.xml</li>\n\t\t\t\t\n        <li>id: uslab-example3</li>\n\t\t\t\t\n        <li>Name: USLab Observation Example3</li>\n\t\t\t\t\n        <li>Description: USLab Other (String) Observation Profile Canonical Example: S aureus</li>\n\t\t\t\n      </ul>\n\t\t\n    </div>","status":"generated"},"valueString":"Moderate Growth of gram-positive cocci bacteria"}