{"appliesDateTime":"2014-12-03","http://hl7.org/fhir/ExtensionDefinition/uslabobservationkind":[{"valueCode":"result"}],"id":"uslab-example1","identifier":{"label":"lab test result ID","system":"http://lis.acmelabs.org/identifiers/labtestresult","use":"official","value":"1234"},"interpretation":{"coding":[{"code":"H","system":"http://hl7.org/fhir/v2/0078"}]},"issued":"2014-12-04T15:42:15-08:00","name":{"coding":[{"code":"10368-9","display":"Lead [Mass/​volume] in Capillary blood","system":"http://loinc.org"},{"code":"CAPLD","display":"Blood Lead, Capillary","system":"urn:oid:2.16.840.1.113883.3.72.5.24"}],"text":"Capillary Blood Lead Screen"},"performer":[{"display":"Dr Leonard T Bloodraw Jr","reference":"uslab-example1"}],"referenceRange":[{"high":{"code":"ug/dL","system":"http://unitsofmeasure.org","units":"microgram per deciliter","value":5.0}}],"resourceType":"Observation","specimen":{"display":"Blood sample","reference":"uslab-example1"},"status":"final","subject":{"display":"Todd Lerr","reference":"uslab-example1"},"text":{"div":"<div>\n\t\t\t\n      <ul>\n\t\t\t\t\n        <li> obs-uslab-example1.xml</li>\n\t\t\t\t\n        <li> id: uslab-example1</li>\n\t\t\t\t\n        <li> Name: USLab Observation Example1</li>\n\t\t\t\t\n        <li>Description: USLab Quantitative Observation Profile Canonical Example: Capillary Blood Lead</li>\n\t\t\t\n      </ul>\n\t\t\n    </div>","status":"generated"},"valueQuantity":{"code":"ug/dL","system":"http://unitsofmeasure.org","units":"microgram per deciliter","value":65}}