{"appliesDateTime":"2014-12-05","http://hl7.org/fhir/ExtensionDefinition/uslabobservationkind":[{"valueCode":"result"}],"id":"uslab-example2","identifier":{"label":"lab test result ID","system":"http://lis.acmelabs.org/identifiers/labtestresult","use":"official","value":"2345"},"interpretation":{"coding":[{"code":"A","system":"http://hl7.org/fhir/v2/0078"}]},"issued":"2014-12-06T15:42:15-08:00","name":{"coding":[{"code":"43305-2","display":"Neisseria gonorrhoeae rRNA [Presence] in Unspecified specimen by Probe and target amplification method","system":"http://loinc.org"},{"code":"GCPCR","display":"APTIMA GC","system":"urn:oid:2.16.840.1.113883.3.72.5.24"}],"text":"Neisseria gonorrhoeae by PCR"},"performer":[{"display":"Dr Leonard T Bloodraw Jr","reference":"uslab-example1"}],"resourceType":"Observation","specimen":{"display":"Blood sample","reference":"uslab-example1"},"status":"final","subject":{"display":"Todd Lerr","reference":"uslab-example1"},"text":{"div":"<div>\n\t\t\t\n      <ul>\n\t\t\t\t\n        <li>file: obs-uslab-example2.xml</li>\n\t\t\t\t\n        <li> id: uslab-example2</li>\n\t\t\t\t\n        <li> Name: USLab Observation Example2</li>\n\t\t\t\t\n        <li>Description: USLab Coded Observation Profile Canonical Example: N gonorrhoeae PCR</li>\n\t\t\t\n      </ul>\n\t\t\n    </div>","status":"generated"},"valueCodeableConcept":{"coding":[{"code":"10828004","display":"Positive","system":"http://snomed.info/sct"},{"code":"POS","display":"Positive","system":"urn:oid:2.16.840.1.113883.3.72.5.24"}],"text":"Positive for Neisseira gonorrheoea rRNA"}}