{"appliesDateTime":"2014-12-05","http://hl7.org/fhir/ExtensionDefinition/uslabobservationkind":[{"valueCode":"result"}],"id":"uslab-example4","identifier":{"label":"lab test result ID","system":"http://lis.acmelabs.org/identifiers/labtestresult","use":"official","value":"4567"},"interpretation":{"coding":[{"code":"H","system":"http://hl7.org/fhir/v2/0078"}]},"issued":"2014-12-06T15:42:15-08:00","name":{"coding":[{"code":"6812-2","display":"Dengue virus IgM Ab [Titer] in Serum","system":"http://loinc.org"},{"code":"DGIGM","display":"Dengue IgM QN","system":"urn:oid:2.16.840.1.113883.3.72.5.24"}],"text":"Dengue IgM Titer"},"performer":[{"display":"Dr Leonard T Bloodraw Jr","reference":"uslab-example1"}],"referenceRange":[{"text":"<1:64"}],"resourceType":"Observation","specimen":{"display":"Bloo sample","reference":"uslab-example1"},"status":"final","subject":{"display":"Todd Lerr","reference":"uslab-example1"},"text":{"div":"<div>\n\t\t\t\n      <ul>\n\t\t\t\t\n        <li> obs-uslab-example4.xml</li>\n\t\t\t\t\n        <li> id: uslab-example4</li>\n\t\t\t\t\n        <li> Name: USLab Observation Example4</li>\n\t\t\t\t\n        <li>Description: USLab Ratio Observation Profile Canonical Example: Dengue Virus</li>\n\t\t\t\n      </ul>\n\t\t\n    </div>","status":"generated"},"valueRatio":{"denominator":{"value":256},"numerator":{"value":1}}}