{
  "resourceType": "Observation",
  "id": "uslab-example1",
  "text": {
    "status": "generated",
    "div": "<div>\n\t\t\t\n      <ul>\n\t\t\t\t\n        <li> obs-uslab-example1.xml</li>\n\t\t\t\t\n        <li> id: uslab-example1</li>\n\t\t\t\t\n        <li> Name: USLab Observation Example1</li>\n\t\t\t\t\n        <li>Description: USLab Quantitative Observation Profile Canonical Example: Capillary Blood Lead</li>\n\t\t\t\n      </ul>\n\t\t\n    </div>"
  },
  "http://hl7.org/fhir/ExtensionDefinition/uslabobservationkind": [
    {
      "valueCode": "result"
    }
  ],
  "name": {
    "coding": [
      {
        "system": "http://loinc.org",
        "code": "10368-9",
        "display": "Lead [Mass/​volume] in Capillary blood"
      },
      {
        "system": "urn:oid:2.16.840.1.113883.3.72.5.24",
        "code": "CAPLD",
        "display": "Blood Lead, Capillary"
      }
    ],
    "text": "Capillary Blood Lead Screen"
  },
  "valueQuantity": {
    "value": 65,
    "units": "microgram per deciliter",
    "system": "http://unitsofmeasure.org",
    "code": "ug/dL"
  },
  "interpretation": {
    "coding": [
      {
        "system": "http://hl7.org/fhir/v2/0078",
        "code": "H"
      }
    ]
  },
  "appliesDateTime": "2014-12-03",
  "issued": "2014-12-04T15:42:15-08:00",
  "status": "final",
  "identifier": {
    "use": "official",
    "label": "lab test result ID",
    "system": "http://lis.acmelabs.org/identifiers/labtestresult",
    "value": "1234"
  },
  "subject": {
    "reference": "uslab-example1",
    "display": "Todd Lerr"
  },
  "specimen": {
    "reference": "uslab-example1",
    "display": "Blood sample"
  },
  "performer": [
    {
      "reference": "uslab-example1",
      "display": "Dr Leonard T Bloodraw Jr"
    }
  ],
  "referenceRange": [
    {
      "high": {
        "value": 5.0,
        "units": "microgram per deciliter",
        "system": "http://unitsofmeasure.org",
        "code": "ug/dL"
      }
    }
  ]
}