{
  "resourceType": "Observation",
  "id": "uslab-example2",
  "text": {
    "status": "generated",
    "div": "<div>\n\t\t\t\n      <ul>\n\t\t\t\t\n        <li>file: obs-uslab-example2.xml</li>\n\t\t\t\t\n        <li> id: uslab-example2</li>\n\t\t\t\t\n        <li> Name: USLab Observation Example2</li>\n\t\t\t\t\n        <li>Description: USLab Coded Observation Profile Canonical Example: N gonorrhoeae PCR</li>\n\t\t\t\n      </ul>\n\t\t\n    </div>"
  },
  "http://hl7.org/fhir/ExtensionDefinition/uslabobservationkind": [
    {
      "valueCode": "result"
    }
  ],
  "name": {
    "coding": [
      {
        "system": "http://loinc.org",
        "code": "43305-2",
        "display": "Neisseria gonorrhoeae rRNA [Presence] in Unspecified specimen by Probe and target amplification method"
      },
      {
        "system": "urn:oid:2.16.840.1.113883.3.72.5.24",
        "code": "GCPCR",
        "display": "APTIMA GC"
      }
    ],
    "text": "Neisseria gonorrhoeae by PCR"
  },
  "valueCodeableConcept": {
    "coding": [
      {
        "system": "http://snomed.info/sct",
        "code": "10828004",
        "display": "Positive"
      },
      {
        "system": "urn:oid:2.16.840.1.113883.3.72.5.24",
        "code": "POS",
        "display": "Positive"
      }
    ],
    "text": "Positive for Neisseira gonorrheoea rRNA"
  },
  "interpretation": {
    "coding": [
      {
        "system": "http://hl7.org/fhir/v2/0078",
        "code": "A"
      }
    ]
  },
  "appliesDateTime": "2014-12-05",
  "issued": "2014-12-06T15:42:15-08:00",
  "status": "final",
  "identifier": {
    "use": "official",
    "label": "lab test result ID",
    "system": "http://lis.acmelabs.org/identifiers/labtestresult",
    "value": "2345"
  },
  "subject": {
    "reference": "uslab-example1",
    "display": "Todd Lerr"
  },
  "specimen": {
    "reference": "uslab-example1",
    "display": "Blood sample"
  },
  "performer": [
    {
      "reference": "uslab-example1",
      "display": "Dr Leonard T Bloodraw Jr"
    }
  ]
}