{
  "resourceType": "Observation",
  "id": "uslab-example5",
  "text": {
    "status": "generated",
    "div": "<div>\n\t\t\t\n      <ul>\n\t\t\t\t\n        <li> obs-uslab-example5.xml</li>\n\t\t\t\t\n        <li> id: uslab-example5</li>\n\t\t\t\t\n        <li> Name: USLab Observation Example5</li>\n\t\t\t\t\n        <li>Description: USLab Quantitative Observation Profile Canonical Example: Blood Lead</li>\n\t\t\t\n      </ul>\n\t\t\n    </div>"
  },
  "http://hl7.org/fhir/ExtensionDefinition/uslabobservationkind": [
    {
      "valueCode": "result"
    }
  ],
  "name": {
    "coding": [
      {
        "system": "http://loinc.org",
        "code": "5671-3",
        "display": "Lead [Mass/volume] in Blood"
      },
      {
        "system": "urn:oid:2.16.840.1.113883.3.72.5.24",
        "code": "BLDLD",
        "display": "Blood Lead"
      }
    ],
    "text": "Blood Lead"
  },
  "valueQuantity": {
    "value": 65,
    "units": "microgram per deciliter",
    "system": "http://unitsofmeasure.org",
    "code": "ug/dL"
  },
  "interpretation": {
    "coding": [
      {
        "system": "http://hl7.org/fhir/v2/0078",
        "code": "H"
      }
    ]
  },
  "appliesDateTime": "2014-12-05",
  "issued": "2014-12-06T15:42:15-08:00",
  "status": "final",
  "identifier": {
    "use": "official",
    "label": "lab test result ID",
    "system": "http://lis.acmelabs.org/identifiers/labtestresult",
    "value": "1234"
  },
  "subject": {
    "reference": "uslab-example1",
    "display": "Todd Lerr"
  },
  "specimen": {
    "reference": "uslab-example1",
    "display": "Blood sample"
  },
  "performer": [
    {
      "reference": "uslab-example1",
      "display": "Dr Leonard T Bloodraw Jr"
    }
  ],
  "referenceRange": [
    {
      "high": {
        "value": 5.0,
        "units": "microgram per deciliter",
        "system": "http://unitsofmeasure.org",
        "code": "ug/dL"
      }
    }
  ]
}