{
  "resourceType": "Observation",
  "id": "f001",
  "name": {
    "coding": [
      {
        "system": "http://loinc.org",
        "code": "15074-8",
        "display": "Glucose [Moles/volume] in Blood"
      }
    ]
  },
  "valueQuantity": {
    "value": 6.3,
    "units": "mmol/l",
    "system": "http://unitsofmeasure.org",
    "code": "mmol/L"
  },
  "interpretation": {
    "coding": [
      {
        "system": "http://hl7.org/fhir/v2/0078",
        "code": "A",
        "display": "abnormal"
      }
    ]
  },
  "appliesPeriod": {
    "start": "2013-04-02T09:30:10+01:00",
    "end": "2013-04-05T09:30:10+01:00"
  },
  "issued": "2013-04-03T15:30:10+01:00",
  "status": "final",
  "reliability": "ok",
  "bodySite": {
    "coding": [
      {
        "system": "http://snomed.info/sct",
        "code": "308046002",
        "display": "Superficial forearm vein"
      }
    ]
  },
  "method": {
    "coding": [
      {
        "system": "http://snomed.info/sct",
        "code": "120220003",
        "display": "Injection to forearm"
      }
    ]
  },
  "identifier": {
    "use": "official",
    "system": "http://www.bmc.nl/zorgportal/identifiers/observations",
    "value": "6323"
  },
  "subject": {
    "reference": "Patient/f001",
    "display": "P. van de Heuvel"
  },
  "performer": [
    {
      "reference": "Practitioner/f005",
      "display": "A. Langeveld"
    }
  ],
  "referenceRange": [
    {
      "low": {
        "value": 3.1,
        "units": "mmol/l",
        "system": "http://unitsofmeasure.org",
        "code": "mmol/L"
      },
      "high": {
        "value": 6.2,
        "units": "mmol/l",
        "system": "http://unitsofmeasure.org",
        "code": "mmol/L"
      }
    }
  ]
}