{"id":"f204","identifier":{"label":"Creatinine value of Roel on April 2013 - 03720","system":"https://intranet.aumc.nl/labvalues","value":"1304-03720-Creatinine"},"interpretation":{"coding":[{"code":"166717003","display":"Serum creatinine raised","system":"http://snomed.info/sct"},{"code":"H","system":"http://hl7.org/fhir/v2/0078"}]},"issued":"2013-04-04T14:34:00+01:00","method":{"coding":[{"code":"113075003","display":"Creatinine measurement, serum","system":"http://snomed.info/sct"}]},"name":{"coding":[{"code":"365756002","display":"Creatinine level","system":"http://snomed.info/sct"}]},"performer":[{"display":"Luigi Maas","reference":"Practitioner/f202"}],"referenceRange":[{"high":{"value":104},"low":{"value":64},"meaning":{"coding":[{"code":"normal","display":"Normal Range","system":"http://hl7.org/fhir/referencerange-meaning"}]}}],"reliability":"ok","resourceType":"Observation","status":"final","subject":{"display":"Roel","reference":"Patient/f201"},"valueQuantity":{"code":"258814008","system":"http://snomed.info/sct","units":"umol/L","value":122}}