{
  "resourceType": "Observation",
  "id": "f004",
  "name": {
    "coding": [
      {
        "system": "http://loinc.org",
        "code": "789-8",
        "display": "Erythrocytes [#/volume] in Blood by Automated count"
      }
    ]
  },
  "valueQuantity": {
    "value": 4.12,
    "units": "10^12/L",
    "system": "http://unitsofmeasure.org",
    "code": "10*12/L"
  },
  "interpretation": {
    "coding": [
      {
        "system": "http://hl7.org/fhir/v2/0078",
        "code": "A",
        "display": "abnormal"
      }
    ]
  },
  "appliesPeriod": {
    "start": "2013-04-02T10:30:10+01:00",
    "end": "2013-04-05T10:30:10+01:00"
  },
  "issued": "2013-04-03T15:30:10+01:00",
  "status": "final",
  "reliability": "ok",
  "bodySite": {
    "coding": [
      {
        "system": "http://snomed.info/id",
        "code": "308046002",
        "display": "Superficial forearm vein"
      }
    ]
  },
  "method": {
    "coding": [
      {
        "system": "http://snomed.info/id",
        "code": "120220003",
        "display": "Injection to forearm"
      }
    ]
  },
  "identifier": {
    "use": "official",
    "system": "http://www.bmc.nl/zorgportal/identifiers/observations",
    "value": "6326"
  },
  "subject": {
    "reference": "Patient/f001",
    "display": "P. van de Heuvel"
  },
  "performer": [
    {
      "reference": "Practitioner/f005",
      "display": "A. Langeveld"
    }
  ],
  "referenceRange": [
    {
      "low": {
        "value": 4.4,
        "units": "10^12/L",
        "system": "http://unitsofmeasure.org",
        "code": "10*12/L"
      },
      "high": {
        "value": 5.8,
        "units": "10^12/L",
        "system": "http://unitsofmeasure.org",
        "code": "10*12/L"
      }
    }
  ]
}