{
  "resourceType": "Observation",
  "id": "f204",
  "name": {
    "coding": [
      {
        "system": "http://snomed.info/sct",
        "code": "365756002",
        "display": "Creatinine level"
      }
    ]
  },
  "valueQuantity": {
    "value": 122,
    "units": "umol/L",
    "system": "http://snomed.info/sct",
    "code": "258814008"
  },
  "interpretation": {
    "coding": [
      {
        "system": "http://snomed.info/sct",
        "code": "166717003",
        "display": "Serum creatinine raised"
      },
      {
        "system": "http://hl7.org/fhir/v2/0078",
        "code": "H"
      }
    ]
  },
  "issued": "2013-04-04T14:34:00+01:00",
  "status": "final",
  "reliability": "ok",
  "method": {
    "coding": [
      {
        "system": "http://snomed.info/sct",
        "code": "113075003",
        "display": "Creatinine measurement, serum"
      }
    ]
  },
  "identifier": {
    "label": "Creatinine value of Roel on April 2013 - 03720",
    "system": "https://intranet.aumc.nl/labvalues",
    "value": "1304-03720-Creatinine"
  },
  "subject": {
    "reference": "Patient/f201",
    "display": "Roel"
  },
  "performer": [
    {
      "reference": "Practitioner/f202",
      "display": "Luigi Maas"
    }
  ],
  "referenceRange": [
    {
      "low": {
        "value": 64
      },
      "high": {
        "value": 104
      },
      "meaning": {
        "coding": [
          {
            "system": "http://hl7.org/fhir/referencerange-meaning",
            "code": "normal",
            "display": "Normal Range"
          }
        ]
      }
    }
  ]
}