{"id":"f203","identifier":{"label":"Bicarbonaat value of Roel on April 2013 - 03720","system":"https://intranet.aumc.nl/labvalues","value":"1304-03720-Bicarbonate"},"interpretation":{"coding":[{"code":"166698001","display":"Serum bicarbonate level normal","system":"http://snomed.info/sct"},{"code":"N","system":"http://hl7.org/fhir/v2/0078"}]},"issued":"2013-04-04T14:34:00+01:00","method":{"coding":[{"code":"271239003","display":"Serum bicarbonate measurement","system":"http://snomed.info/sct"}]},"name":{"coding":[{"code":"365722008","display":"Bicarbonate level","system":"http://snomed.info/sct"}]},"performer":[{"display":"Luigi Maas","reference":"Practitioner/f202"}],"referenceRange":[{"high":{"value":29},"low":{"value":22},"meaning":{"coding":[{"code":"normal","display":"Normal Range","system":"http://hl7.org/fhir/referencerange-meaning"}]}}],"reliability":"ok","resourceType":"Observation","status":"final","subject":{"display":"Roel","reference":"Patient/f201"},"valueQuantity":{"code":"258813002","system":"http://snomed.info/sct","units":"mmol/L","value":28}}