{"bodySite":{"coding":[{"code":"38266002","display":"Entire body as a whole","system":"http://snomed.info/sct"}]},"id":"f202","interpretation":{"coding":[{"code":"H","system":"http://hl7.org/fhir/v2/0078"}]},"issued":"2013-04-04T13:27:00+01:00","method":{"coding":[{"code":"89003005","display":"Oral temperature taking","system":"http://snomed.info/sct"}]},"name":{"coding":[{"code":"415945006","display":"Oral temperature","system":"http://snomed.info/sct"},{"code":"8310-5","display":"Body temperature","system":"http://loinc.org"}],"text":"Body temperature"},"performer":[{"reference":"Practitioner/f201"}],"referenceRange":[{"low":{"units":"degrees C","value":37.5}}],"reliability":"questionable","resourceType":"Observation","status":"entered in error","subject":{"display":"Roel","reference":"Patient/f201"},"valueQuantity":{"code":"258710007","system":"http://snomed.info/sct","units":"degrees C","value":39}}