{
  "resourceType": "Observation",
  "id": "f206",
  "name": {
    "coding": [
      {
        "system": "http://snomed.info/sct",
        "code": "104177005",
        "display": "Blood culture for bacteria, including anaerobic screen"
      }
    ]
  },
  "valueCodeableConcept": {
    "coding": [
      {
        "system": "http://snomed.info/sct",
        "code": "3092008",
        "display": "Staphylococcus aureus"
      }
    ]
  },
  "interpretation": {
    "coding": [
      {
        "system": "http://hl7.org/fhir/v2/0078",
        "code": "POS"
      }
    ]
  },
  "issued": "2013-03-11T10:28:00+01:00",
  "status": "final",
  "reliability": "ok",
  "method": {
    "coding": [
      {
        "system": "http://snomed.info/sct",
        "code": "104177005",
        "display": "Blood culture for bacteria, including anaerobic screen"
      }
    ]
  },
  "subject": {
    "reference": "Patient/f201",
    "display": "Roel"
  },
  "performer": [
    {
      "reference": "Practitioner/f202",
      "display": "Luigi Maas"
    }
  ]
}