{"id":"f205","identifier":{"label":"eGFR value of Roel on April 2013 - 03720","system":"https://intranet.aumc.nl/labvalues","value":"1304-03720-eGFR"},"interpretation":{"coding":[{"code":"L","display":"low","system":"http://hl7.org/fhir/v2/0078"}]},"issued":"2013-04-04T14:34:00+01:00","method":{"coding":[{"code":"117337005","display":"Calculated laboratory test method","system":"http://snomed.info/id"}]},"name":{"coding":[{"code":"69405-9","display":"Glomerular filtration rate/1.73 sq M.predicted","system":"http://loinc.org"}]},"performer":[{"display":"Luigi Maas","reference":"Practitioner/f202"}],"referenceRange":[{"low":{"code":"mL/min/{1.73_m2}","system":"http://unitsofmeasure.org","units":"mL/min/1.73m2","value":60}}],"reliability":"ok","resourceType":"Observation","status":"final","subject":{"display":"Roel","reference":"Patient/f201"},"valueQuantity":{"code":"mL/min/{1.73_m2}","system":"http://unitsofmeasure.org","units":"mL/min/1.73m2","value":54}}