{"bodySite":{"coding":[{"code":"38266002","display":"Entire body as a whole","system":"http://snomed.info/sct"}]},"contained":[{"id":"height","name":{"coding":[{"code":"50373000","display":"Body height measure","system":"http://snomed.info/sct"}]},"reliability":"ok","resourceType":"Observation","status":"final","valueQuantity":{"code":"258672001","system":"http://snomed.info/sct","units":"centimeter","value":182}},{"id":"weight","name":{"coding":[{"code":"27113001","display":"Body weight","system":"http://snomed.info/sct"}]},"reliability":"ok","resourceType":"Observation","status":"final","valueQuantity":{"code":"258683005","system":"http://snomed.info/sct","units":"kilogram","value":103.7}}],"id":"f201","interpretation":{"coding":[{"code":"75540009","display":"High","system":"http://snomed.info/sct"},{"code":"H","system":"http://hl7.org/fhir/v2/0078"}]},"issued":"2013-04-04T13:27:00+01:00","method":{"coding":[{"code":"122869004","display":"Measurement procedure","system":"http://snomed.info/sct"}]},"name":{"coding":[{"code":"60621009","display":"Body mass index","system":"http://snomed.info/sct"},{"code":"39156-5","display":"Body mass index (BMI) [Ratio]","system":"http://loinc.org"}],"text":"BMI"},"performer":[{"reference":"Practitioner/f201"}],"referenceRange":[{"high":{"value":20},"meaning":{"coding":[{"code":"248342006","display":"Underweight","system":"http://snomed.info/sct"}]}},{"high":{"value":25},"low":{"value":20},"meaning":{"coding":[{"code":"43664005","display":"Normal weight","system":"http://snomed.info/sct"}]}},{"high":{"value":30},"low":{"value":25},"meaning":{"coding":[{"code":"238131007","display":"Overweight","system":"http://snomed.info/sct"}]}},{"high":{"value":40},"low":{"value":30},"meaning":{"coding":[{"code":"414915002","display":"Obese","system":"http://snomed.info/sct"}]}},{"low":{"value":40},"meaning":{"coding":[{"code":"238136002","display":"Morbid obesity","system":"http://snomed.info/sct"}]}}],"related":[{"target":{"reference":"#height"},"type":"derived-from"},{"target":{"reference":"#weight"},"type":"derived-from"}],"reliability":"ok","resourceType":"Observation","status":"final","subject":{"display":"Roel","reference":"Patient/f201"},"valueQuantity":{"value":31.31}}