{"appliesPeriod":{"end":"2013-04-05T10:30:10+01:00","start":"2013-04-02T10:30:10+01:00"},"bodySite":{"coding":[{"code":"308046002","display":"Superficial forearm vein","system":"http://snomed.info/sct"}]},"id":"f005","identifier":{"system":"http://www.bmc.nl/zorgportal/identifiers/observations","use":"official","value":"6327"},"interpretation":{"coding":[{"code":"L","display":"low","system":"http://hl7.org/fhir/v2/0078"}]},"issued":"2013-04-03T15:30:10+01:00","method":{"coding":[{"code":"120220003","display":"Injection to forearm","system":"http://snomed.info/sct"}]},"name":{"coding":[{"code":"30350-3","display":"Hemoglobin [Mass/volume] in Venous blood","system":"http://loinc.org"}]},"performer":[{"display":"A. Langeveld","reference":"Practitioner/f005"}],"referenceRange":[{"high":{"code":"g/dL","system":"http://unitsofmeasure.org","units":"g/dl","value":10},"low":{"code":"g/dL","system":"http://unitsofmeasure.org","units":"g/dl","value":7.5}}],"reliability":"ok","resourceType":"Observation","status":"final","subject":{"display":"P. van de Heuvel","reference":"Patient/f001"},"valueQuantity":{"code":"g/dL","system":"http://unitsofmeasure.org","units":"g/dl","value":7.2}}