{"entry":[{"resource":{"appliesDateTime":"2012-09-17","id":"34252345234","identifier":{"system":"urn:ietf:rfc:3986","value":"urn:uuid:187e0c12-8dd2-67e2-99b2-bf273c878281"},"interpretation":{"coding":[{"code":"L","display":"Below low normal","system":"http://hl7.org/fhir/v2/0078"}],"text":"low"},"meta":{"lastUpdated":"2014-01-30T22:35:23+11:00"},"name":{"coding":[{"code":"55284-4","display":"Blood pressure systolic & diastolic","system":"http://loinc.org"}]},"performer":[{"reference":"Practitioner/example"}],"related":[{"target":{"reference":"http://acme.org/ehr/observations/34252345234-s"},"type":"has-component"},{"target":{"reference":"http://acme.org/ehr/observations/34252345234-d"},"type":"has-component"}],"reliability":"ok","resourceType":"Observation","status":"final","subject":{"reference":"Patient/example"},"text":{"div":"<div>Sept 17, 2012: Systolic Blood pressure 107/60 mmHg (low)</div>","status":"generated"}}},{"resource":{"id":"34252345234-s","meta":{"lastUpdated":"2014-01-30T22:35:23+11:00"},"name":{"coding":[{"code":"8480-6","display":"Systolic blood pressure","system":"http://loinc.org"},{"code":"271649006","display":"Systolic blood pressure","system":"http://snomed.info/sct"},{"code":"bp-s","display":"Systolic Blood pressure","system":"http://acme.org/devices/clinical-codes"}]},"reliability":"ok","resourceType":"Observation","status":"final","text":{"div":"<div>Sept 17, 2012: Systolic Blood pressure 107 mmHg (low)</div>","status":"generated"},"valueQuantity":{"units":"mm[Hg]","value":107}}},{"resource":{"id":"34252345234-d","meta":{"lastUpdated":"2014-01-30T22:35:23+11:00"},"name":{"coding":[{"code":"8462-4","display":"Diastolic blood pressure","system":"http://loinc.org"}]},"reliability":"ok","resourceType":"Observation","status":"final","text":{"div":"<div>Sept 17, 2012: Diastolic Blood pressure 60 mmHg (low)</div>","status":"generated"},"valueQuantity":{"units":"mm[Hg]","value":60}}}],"id":"blood-pressure","meta":{"lastUpdated":"2014-01-30T22:35:23+11:00"},"resourceType":"Bundle","type":"collection"}