{"appliesPeriod":{"end":"2013-04-05T09:30:10+01:00","start":"2013-04-02T09:30:10+01:00"},"bodySite":{"coding":[{"code":"308046002","display":"Superficial forearm vein","system":"http://snomed.info/sct"}]},"id":"f001","identifier":{"system":"http://www.bmc.nl/zorgportal/identifiers/observations","use":"official","value":"6323"},"interpretation":{"coding":[{"code":"A","display":"abnormal","system":"http://hl7.org/fhir/v2/0078"}]},"issued":"2013-04-03T15:30:10+01:00","method":{"coding":[{"code":"120220003","display":"Injection to forearm","system":"http://snomed.info/sct"}]},"name":{"coding":[{"code":"15074-8","display":"Glucose [Moles/volume] in Blood","system":"http://loinc.org"}]},"performer":[{"display":"A. Langeveld","reference":"Practitioner/f005"}],"referenceRange":[{"high":{"code":"mmol/L","system":"http://unitsofmeasure.org","units":"mmol/l","value":6.2},"low":{"code":"mmol/L","system":"http://unitsofmeasure.org","units":"mmol/l","value":3.1}}],"reliability":"ok","resourceType":"Observation","status":"final","subject":{"display":"P. van de Heuvel","reference":"Patient/f001"},"valueQuantity":{"code":"mmol/L","system":"http://unitsofmeasure.org","units":"mmol/l","value":6.3}}