{
  "resourceType": "Observation",
  "id": "f005",
  "name": {
    "coding": [
      {
        "system": "http://loinc.org",
        "code": "30350-3",
        "display": "Hemoglobin [Mass/volume] in Venous blood"
      }
    ]
  },
  "valueQuantity": {
    "value": 7.2,
    "units": "g/dl",
    "system": "http://unitsofmeasure.org",
    "code": "g/dL"
  },
  "interpretation": {
    "coding": [
      {
        "system": "http://hl7.org/fhir/v2/0078",
        "code": "L",
        "display": "low"
      }
    ]
  },
  "appliesPeriod": {
    "start": "2013-04-02T10:30:10+01:00",
    "end": "2013-04-05T10:30:10+01:00"
  },
  "issued": "2013-04-03T15:30:10+01:00",
  "status": "final",
  "reliability": "ok",
  "bodySite": {
    "coding": [
      {
        "system": "http://snomed.info/sct",
        "code": "308046002",
        "display": "Superficial forearm vein"
      }
    ]
  },
  "method": {
    "coding": [
      {
        "system": "http://snomed.info/sct",
        "code": "120220003",
        "display": "Injection to forearm"
      }
    ]
  },
  "identifier": {
    "use": "official",
    "system": "http://www.bmc.nl/zorgportal/identifiers/observations",
    "value": "6327"
  },
  "subject": {
    "reference": "Patient/f001",
    "display": "P. van de Heuvel"
  },
  "performer": [
    {
      "reference": "Practitioner/f005",
      "display": "A. Langeveld"
    }
  ],
  "referenceRange": [
    {
      "low": {
        "value": 7.5,
        "units": "g/dl",
        "system": "http://unitsofmeasure.org",
        "code": "g/dL"
      },
      "high": {
        "value": 10,
        "units": "g/dl",
        "system": "http://unitsofmeasure.org",
        "code": "g/dL"
      }
    }
  ]
}