{
  "resourceType": "Observation",
  "id": "f202",
  "name": {
    "coding": [
      {
        "system": "http://snomed.info/sct",
        "code": "415945006",
        "display": "Oral temperature"
      },
      {
        "system": "http://loinc.org",
        "code": "8310-5",
        "display": "Body temperature"
      }
    ],
    "text": "Body temperature"
  },
  "valueQuantity": {
    "value": 39,
    "units": "degrees C",
    "system": "http://snomed.info/sct",
    "code": "258710007"
  },
  "interpretation": {
    "coding": [
      {
        "system": "http://hl7.org/fhir/v2/0078",
        "code": "H"
      }
    ]
  },
  "issued": "2013-04-04T13:27:00+01:00",
  "status": "entered in error",
  "reliability": "questionable",
  "bodySite": {
    "coding": [
      {
        "system": "http://snomed.info/sct",
        "code": "38266002",
        "display": "Entire body as a whole"
      }
    ]
  },
  "method": {
    "coding": [
      {
        "system": "http://snomed.info/sct",
        "code": "89003005",
        "display": "Oral temperature taking"
      }
    ]
  },
  "subject": {
    "reference": "Patient/f201",
    "display": "Roel"
  },
  "performer": [
    {
      "reference": "Practitioner/f201"
    }
  ],
  "referenceRange": [
    {
      "low": {
        "value": 37.5,
        "units": "degrees C"
      }
    }
  ]
}