{
  "resourceType": "Observation",
  "id": "example",
  "name": {
    "coding": [
      {
        "system": "http://loinc.org",
        "code": "3141-9",
        "display": "Weight Measured"
      },
      {
        "system": "http://snomed.info/sct",
        "code": "27113001",
        "display": "Body weight"
      },
      {
        "system": "http://acme.org/devices/clinical-codes",
        "code": "body-weight",
        "display": "Body Weight"
      }
    ]
  },
  "valueQuantity": {
    "value": 185,
    "units": "lbs",
    "system": "http://unitsofmeasure.org",
    "code": "[lb_av]"
  },
  "status": "final",
  "reliability": "ok",
  "subject": {
    "reference": "Patient/example"
  }
}