{
  "resourceType": "Profile",
  "id": "observation-daf-results-dafresultobsratio",
  "text": {
    "status": "generated",
    "div": "<div>to do</div>"
  },
  "url": "http://hl7.org/fhir/Profile/observation-daf-results-dafresultobsratio",
  "name": "U.S. Data Access Framework (DAF) Results Profile",
  "publisher": "U.S. Office of the National Coordinator (ONC)",
  "telecom": [
    {
      "system": "url",
      "value": "http://www.healthit.gov"
    }
  ],
  "description": "DAF laboratory result (value is ratio)",
  "status": "draft",
  "date": "2014-11-17",
  "type": "Observation",
  "base": "http://hl7.org/fhir/Profile/Observation",
  "snapshot": {
    "element": [
      {
        "path": "Observation",
        "name": "DAFResultObsRatio",
        "short": "DAF laboratory result (value is ratio)",
        "formal": "US Realm clinical quantitative laboratory results to ordering providers in the ambulatory care setting and \"reportable\" laboratory test results to local public health agencies.",
        "comments": "Used for simple observations such as device measurements, laboratory atomic results, vital signs, height, weight, smoking status, comments, etc.  Other resources are used to provide context for observations such as Lab reports, etc.",
        "requirements": "Observations are a key aspect of healthcare.  This resource is used to capture those that do not require more sophisticated mechanisms.",
        "synonym": [
          "Vital Signs",
          "Measurement",
          "Results",
          "Tests",
          "Obs"
        ],
        "min": 1,
        "max": "1",
        "isSummary": false,
        "mapping": [
          {
            "identity": "v2",
            "map": "OBX"
          },
          {
            "identity": "rim",
            "map": "Observation[classCode=OBS, moodCode=EVN]"
          },
          {
            "identity": "v2",
            "map": "OBX"
          },
          {
            "identity": "rim",
            "map": "Observation[classCode=OBS, moodCode=EVN]"
          }
        ]
      },
      {
        "path": "Observation.id",
        "short": "Logical id of this artefact",
        "formal": "The logical id of the resource, as used in the url for the resoure. Once assigned, this value never changes.",
        "comments": "The only time that a resource does not have an id is when it is being submitted to the server using a create operation. Bundles always have an id, though it is usually a generated UUID.",
        "min": 0,
        "max": "1",
        "type": [
          {
            "code": "id"
          }
        ],
        "isSummary": false
      },
      {
        "path": "Observation.meta",
        "short": "Metadata about the resource",
        "formal": "The metadata about the resource. This is content that is maintained by the infrastructure. Changes to the content may not always be associated with version changes to the resource.",
        "min": 0,
        "max": "1",
        "isSummary": false
      },
      {
        "path": "Observation.meta.id",
        "representation": [
          "xmlAttr"
        ],
        "short": "xml:id (or equivalent in JSON)",
        "formal": "unique id for the element within a resource (for internal references).",
        "min": 0,
        "max": "1",
        "type": [
          {
            "code": "id"
          }
        ],
        "isSummary": false,
        "mapping": [
          {
            "identity": "rim",
            "map": "n/a"
          },
          {
            "identity": "rim",
            "map": "n/a"
          }
        ]
      },
      {
        "path": "Observation.meta.extension",
        "short": "Additional Content defined by implementations",
        "formal": "May be used to represent additional information that is not part of the basic definition of the element. In order to make the use of extensions safe and manageable, there is a strict set of governance  applied to the definition and use of extensions. Though any implementer is allowed to define an extension, there is a set of requirements that SHALL be met as part of the definition of the extension.",
        "comments": "There can be no stigma associated with the use of extensions by any application, project, or standard - regardless of the institution or jurisdiction that uses or defines the extensions.  The use of extensions is what allows the FHIR specification to retain a core level of simplicity for everyone.",
        "synonym": [
          "extensions",
          "user content"
        ],
        "min": 0,
        "max": "*",
        "type": [
          {
            "code": "Extension"
          }
        ],
        "isSummary": false,
        "mapping": [
          {
            "identity": "rim",
            "map": "n/a"
          },
          {
            "identity": "rim",
            "map": "n/a"
          }
        ]
      },
      {
        "path": "Observation.meta.modifierExtension",
        "short": "Extensions that cannot be ignored",
        "formal": "May be used to represent additional information that is not part of the basic definition of the element, and that modifies the understanding of the element that contains it. Usually modifier elements provide negation or qualification. In order to make the use of extensions safe and manageable, there is a strict set of governance applied to the definition and use of extensions. Though any implementer is allowed to define an extension, there is a set of requirements that SHALL be met as part of the definition of the extension. Applications processing a resource are required to check for modifier extensions.",
        "comments": "There can be no stigma associated with the use of extensions by any application, project, or standard - regardless of the institution or jurisdiction that uses or defines the extensions.  The use of extensions is what allows the FHIR specification to retain a core level of simplicity for everyone.",
        "synonym": [
          "extensions",
          "user content",
          "modifiers"
        ],
        "min": 0,
        "max": "*",
        "type": [
          {
            "code": "Extension"
          }
        ],
        "isSummary": false,
        "mapping": [
          {
            "identity": "rim",
            "map": "N/A"
          },
          {
            "identity": "rim",
            "map": "N/A"
          }
        ]
      },
      {
        "path": "Observation.meta.versionId",
        "short": "Version specific identifier",
        "formal": "The version specific identifier, as it appears in the version portion of the url. This values changes when the resource is created, updated, or deleted.",
        "comments": "The server assigns this value, and ignores what the client specifies, except in the case that the server is imposing version integrity on updates/deletes.",
        "min": 0,
        "max": "1",
        "type": [
          {
            "code": "id"
          }
        ],
        "isSummary": false
      },
      {
        "path": "Observation.meta.lastUpdated",
        "short": "When the resource version last changed",
        "formal": "When the resource last changed - e.g. when the version changed.",
        "comments": "This value is always populated except when the resource is first being created. The server / resource manager sets this value; what a client provides is irrelevant.",
        "min": 0,
        "max": "1",
        "type": [
          {
            "code": "instant"
          }
        ],
        "isSummary": false
      },
      {
        "path": "Observation.meta.profile",
        "short": "Profiles this resource claims to conform to",
        "formal": "A list of profiles that this resource claims to conform to. The URL is a reference to Profile.url.",
        "comments": "It is up to the server and/or other infrastruture of policy to determine whether/how these claims are verified and/or updated over tiem.",
        "min": 0,
        "max": "*",
        "type": [
          {
            "code": "uri"
          }
        ],
        "isSummary": false
      },
      {
        "path": "Observation.meta.security",
        "short": "Security Labels applied to this resource",
        "formal": "Security labels applied to this resource. These tags connect specific resources to the overall security policy and infrastructure.",
        "comments": "The security labels can be updated without changing the stated version of the resource.",
        "min": 0,
        "max": "*",
        "type": [
          {
            "code": "Coding"
          }
        ],
        "isSummary": false
      },
      {
        "path": "Observation.meta.tag",
        "short": "Tags applied",
        "formal": "Tags applied to this resource. Tags are intended to to be used to identify and relate resources to process and workflow, and applications are not required to consider the tags when interpreting the meaning of a resource.",
        "comments": "The tags can be updated without changing the stated version of the resource.",
        "min": 0,
        "max": "*",
        "type": [
          {
            "code": "Coding"
          }
        ],
        "isSummary": false
      },
      {
        "path": "Observation.implicitRules",
        "short": "A set of rules under which this content was created",
        "formal": "A reference to a set of rules that were followed when the resource was constructed, and which must be understood when processing the content.",
        "comments": "Asserting this rule set restricts the content to be only understood by a limited set of trading partners. This inherently limits the usefulness of the data in the long term. However the existing health eco-system is highly fractured, and not yet ready to define, collect, and exchange data in a generally computable sense. Wherever possible, implementers and/or specification writers should avoid using this element as much as possible.",
        "min": 0,
        "max": "1",
        "type": [
          {
            "code": "uri"
          }
        ],
        "isModifier": true,
        "isSummary": false
      },
      {
        "path": "Observation.language",
        "short": "Language of the resource content",
        "formal": "The base language in which the resource is written.",
        "comments": "Language is provided to support indexing and accessibility (typically, services such as text to speech use the language tag). The html language tag in the narrative applies  to the narrative. The language tag on the resource may be used to specify the language of other presentations generated from the data in the resource\n\nNot all the content has to be in the base language. The Resource.language should not be assumed to apply to the narrative automatically. If a language is specified, it should it also be specified on the div element in the html (see rules in HTML5 for information about the relationship between xml:lang and the html lang attribute).",
        "min": 0,
        "max": "1",
        "type": [
          {
            "code": "code"
          }
        ],
        "isSummary": false,
        "binding": {
          "name": "Language",
          "isExtensible": false,
          "conformance": "required",
          "description": "A human language",
          "referenceUri": "http://tools.ietf.org/html/bcp47"
        }
      },
      {
        "path": "Observation.text",
        "short": "Text summary of the resource, for human interpretation",
        "formal": "A human-readable narrative that contains a summary of the resource, and may be used to represent the content of the resource to a human. The narrative need not encode all the structured data, but is required to contain sufficient detail to make it \"clinically safe\" for a human to just read the narrative. Resource definitions may define what content should be represented in the narrative to ensure clinical safety.",
        "comments": "Contained resources do not have narrative. Resources that are not contained SHOULD have a narrative.",
        "synonym": [
          "narrative",
          "html",
          "xhtml",
          "display"
        ],
        "min": 0,
        "max": "1",
        "type": [
          {
            "code": "Narrative"
          }
        ],
        "condition": [
          "1"
        ],
        "isSummary": false,
        "mapping": [
          {
            "identity": "rim",
            "map": "Act.text?"
          },
          {
            "identity": "rim",
            "map": "Act.text?"
          }
        ]
      },
      {
        "path": "Observation.contained",
        "short": "Contained, inline Resources",
        "formal": "These resources do not have an independent existence apart from the resource that contains them - they cannot be identified independently, and nor can they have their own independent transaction scope.",
        "comments": "This should never be done when the content can be identified properly, as once identification is lost, it is extremely difficult (and context dependent) to restore it again.",
        "synonym": [
          "inline resources",
          "anonymous resources",
          "contained resources"
        ],
        "min": 0,
        "max": "*",
        "type": [
          {
            "code": "Resource"
          }
        ],
        "isSummary": false,
        "mapping": [
          {
            "identity": "rim",
            "map": "N/A"
          },
          {
            "identity": "rim",
            "map": "N/A"
          }
        ]
      },
      {
        "path": "Observation.extension",
        "slicing": {
          "discriminator": [
            "url"
          ],
          "rules": "open"
        },
        "short": "Additional Content defined by implementations",
        "formal": "May be used to represent additional information that is not part of the basic definition of the resource. In order to make the use of extensions safe and manageable, there is a strict set of governance  applied to the definition and use of extensions. Though any implementer is allowed to define an extension, there is a set of requirements that SHALL be met as part of the definition of the extension.",
        "comments": "There can be no stigma associated with the use of extensions by any application, project, or standard - regardless of the institution or jurisdiction that uses or defines the extensions.  The use of extensions is what allows the FHIR specification to retain a core level of simplicity for everyone.",
        "synonym": [
          "extensions",
          "user content"
        ],
        "min": 0,
        "max": "*",
        "isSummary": false,
        "mapping": [
          {
            "identity": "rim",
            "map": "N/A"
          },
          {
            "identity": "rim",
            "map": "N/A"
          }
        ]
      },
      {
        "path": "Observation.extension",
        "name": "USLabSpecimenRejectReason",
        "short": "Specimen Rejection Reason",
        "formal": "Specimen Rejection Reason.",
        "comments": "There can be no stigma associated with the use of extensions by any application, project, or standard - regardless of the institution or jurisdiction that uses or defines the extensions.  The use of extensions is what allows the FHIR specification to retain a core level of simplicity for everyone.",
        "requirements": "CLIA require a reason when the test is not performed due to an unsatisfactory specimen.",
        "synonym": [
          "extensions",
          "user content"
        ],
        "min": 0,
        "max": "1",
        "type": [
          {
            "code": "Extension"
          }
        ],
        "mustSupport": true,
        "isSummary": false,
        "mapping": [
          {
            "identity": "rim",
            "map": "N/A"
          },
          {
            "identity": "rim",
            "map": "N/A"
          }
        ]
      },
      {
        "path": "Observation.extension.id",
        "representation": [
          "xmlAttr"
        ],
        "short": "xml:id (or equivalent in JSON)",
        "formal": "unique id for the element within a resource (for internal references).",
        "min": 0,
        "max": "1",
        "type": [
          {
            "code": "id"
          }
        ],
        "isSummary": false,
        "mapping": [
          {
            "identity": "rim",
            "map": "n/a"
          },
          {
            "identity": "rim",
            "map": "n/a"
          }
        ]
      },
      {
        "path": "Observation.extension.extension",
        "short": "Additional Content defined by implementations",
        "formal": "May be used to represent additional information that is not part of the basic definition of the element. In order to make the use of extensions safe and manageable, there is a strict set of governance  applied to the definition and use of extensions. Though any implementer is allowed to define an extension, there is a set of requirements that SHALL be met as part of the definition of the extension.",
        "comments": "There can be no stigma associated with the use of extensions by any application, project, or standard - regardless of the institution or jurisdiction that uses or defines the extensions.  The use of extensions is what allows the FHIR specification to retain a core level of simplicity for everyone.",
        "synonym": [
          "extensions",
          "user content"
        ],
        "min": 0,
        "max": "*",
        "type": [
          {
            "code": "Extension"
          }
        ],
        "isSummary": false,
        "mapping": [
          {
            "identity": "rim",
            "map": "n/a"
          },
          {
            "identity": "rim",
            "map": "n/a"
          }
        ]
      },
      {
        "path": "Observation.extension.url",
        "representation": [
          "xmlAttr"
        ],
        "short": "identifies the meaning of the extension",
        "formal": "Source of the definition for the extension code - a logical name or a URL.",
        "comments": "The definition may point directly to a computable or human-readable definition of the extensibility codes, or it may be a logical URI as declared in some other specification. The definition should be version specific.  This will ideally be the URI for the Resource Profile defining the extension, with the code for the extension after a #.",
        "min": 1,
        "max": "1",
        "type": [
          {
            "code": "uri"
          }
        ],
        "isSummary": false,
        "mapping": [
          {
            "identity": "rim",
            "map": "N/A"
          },
          {
            "identity": "rim",
            "map": "N/A"
          }
        ]
      },
      {
        "path": "Observation.extension.value[x]",
        "short": "Value of extension",
        "formal": "Value of extension - may be a resource or one of a constrained set of the data types (see Extensibility in the spec for list).",
        "min": 1,
        "max": "1",
        "mustSupport": true,
        "isSummary": false,
        "mapping": [
          {
            "identity": "rim",
            "map": "N/A"
          },
          {
            "identity": "rim",
            "map": "N/A"
          }
        ]
      },
      {
        "path": "Observation.extension",
        "name": "USLabObservationKind",
        "short": "Kind of observation",
        "formal": "Kind of observation.",
        "comments": "There can be no stigma associated with the use of extensions by any application, project, or standard - regardless of the institution or jurisdiction that uses or defines the extensions.  The use of extensions is what allows the FHIR specification to retain a core level of simplicity for everyone.",
        "synonym": [
          "extensions",
          "user content"
        ],
        "min": 0,
        "max": "1",
        "type": [
          {
            "code": "Extension"
          }
        ],
        "mustSupport": true,
        "isSummary": false,
        "mapping": [
          {
            "identity": "rim",
            "map": "N/A"
          },
          {
            "identity": "rim",
            "map": "N/A"
          }
        ]
      },
      {
        "path": "Observation.modifierExtension",
        "short": "Extensions that cannot be ignored",
        "formal": "May be used to represent additional information that is not part of the basic definition of the resource, and that modifies the understanding of the element that contains it. Usually modifier elements provide negation or qualification. In order to make the use of extensions safe and manageable, there is a strict set of governance applied to the definition and use of extensions. Though any implementer is allowed to define an extension, there is a set of requirements that SHALL be met as part of the definition of the extension. Applications processing a resource are required to check for modifier extensions.",
        "comments": "There can be no stigma associated with the use of extensions by any application, project, or standard - regardless of the institution or jurisdiction that uses or defines the extensions.  The use of extensions is what allows the FHIR specification to retain a core level of simplicity for everyone.",
        "synonym": [
          "extensions",
          "user content"
        ],
        "min": 0,
        "max": "*",
        "type": [
          {
            "code": "Extension"
          }
        ],
        "isSummary": false,
        "mapping": [
          {
            "identity": "rim",
            "map": "N/A"
          },
          {
            "identity": "rim",
            "map": "N/A"
          }
        ]
      },
      {
        "path": "Observation.name",
        "short": "US Realm Laboratory Test Name",
        "formal": "The laboratory test that was performed.",
        "requirements": "The use of the Logical Observation Identifiers Names and Codes (LOINC) code system is required where a LOINC code is available for the Observation.name, i.e. the being resulted.",
        "synonym": [
          "test"
        ],
        "min": 1,
        "max": "1",
        "constraint": [
          {
            "key": "2",
            "name": "LOINC or Local",
            "severity": "error",
            "human": "Must have a LOINC or a Local code or both.",
            "xpath": "exists(f:coding)"
          }
        ],
        "mustSupport": true,
        "isSummary": false,
        "binding": {
          "name": "ObservationType",
          "isExtensible": true,
          "conformance": "example",
          "description": "Codes identifying types of simple observations",
          "referenceReference": {
            "reference": "http://hl7.org/fhir/vs/observation-codes"
          }
        },
        "mapping": [
          {
            "identity": "v2",
            "map": "OBX-3-observation identifier"
          },
          {
            "identity": "rim",
            "map": "code"
          },
          {
            "identity": "v2",
            "map": "OBX-3-observation identifier"
          },
          {
            "identity": "rim",
            "map": "code"
          }
        ]
      },
      {
        "path": "Observation.value[x]",
        "short": "Titre value",
        "formal": "This is the actual titer result.  The Ratio data type is used for titers (e.g., \"1:128\") and other quantities produced by laboratories that truly represent ratios.",
        "comments": "Normally, an observation will have either a value or a set of related observations. A few observations (e.g. apgar store) may have both a value and related observations (for apgar, the observations from which the measure is derived). If a value is present, the datatype for this element should be determined by Observation.name. A CodeableConcept with just a text would be used instead of a string if the field was usually coded, or if the type associated with the Observation.name defines a coded value.   For boolean values use valueCodeableConcept and select codes from <http://hl7.org/fhir/v2/vs/0136> (These \"yes/no\" concepts can be mapped to the display name \"true/false\" or other mutually exclusive terms that may be needed\").  The element, Observation.value[x], has a variable name depending on the type as follows: valueQuantity, valueCodeableConcept, valueRatio, valueChoice, valuePeriod, valueSampleData, or valueString (The name format is \"'value' + the type name\" with a capital on the first letter of the type).",
        "requirements": "An observation exists to have a value, though it may not if it is in error, or it represents a group of observations.",
        "synonym": [
          "titers"
        ],
        "min": 0,
        "max": "1",
        "mustSupport": true,
        "isSummary": false,
        "mapping": [
          {
            "identity": "v2",
            "map": "OBX.2, OBX.5, OBX.6"
          },
          {
            "identity": "rim",
            "map": "value"
          },
          {
            "identity": "v2",
            "map": "OBX.2, OBX.5, OBX.6"
          },
          {
            "identity": "rim",
            "map": "value"
          }
        ]
      },
      {
        "path": "Observation.dataAbsentReason",
        "short": "unknown | asked | temp | notasked +",
        "formal": "Provides a reason why the expected value in the element Observation.value[x] is missing.",
        "comments": "\"Null\" or exceptional values can be represented two ways in FHIR Observations.  One way is to simply include them in the value set and represent the exceptions in the value.  For example, measurement values for a serology test could be  \"detected\", \"not detected\", \"inconclusive\", or  \"test not done\".   The alternate way is to use the value element for actual observations and use the explicit dataAbsentReason element to record exceptional values.  For example, the dataAbsentReason code \"error\" could be used when the measurement was not completed.  Because of these options, use-case agreements are required to interpret general observations for exceptional values.",
        "requirements": "For many results it is necessary to handle exceptional values in measurements.",
        "min": 0,
        "max": "1",
        "exampleCode": "unknown",
        "condition": [
          "4"
        ],
        "constraint": [
          {
            "key": "4",
            "name": "data absent reason",
            "severity": "error",
            "human": "Shall only be present if Observation.value[x] is not present",
            "xpath": "not(exists(f:dataAbsentReason)) or (not(exists(*[starts-with(local-name(.), 'value')])))"
          }
        ],
        "mustSupport": true,
        "isSummary": false,
        "binding": {
          "name": "DataAbsentReason",
          "isExtensible": false,
          "conformance": "required",
          "description": "Used to specify why the normally expected content of the data element is missing",
          "referenceReference": {
            "reference": "http://hl7.org/fhir/vs/data-absent-reason"
          }
        },
        "mapping": [
          {
            "identity": "v2",
            "map": "N/A"
          },
          {
            "identity": "rim",
            "map": "value.nullFlavor"
          },
          {
            "identity": "v2",
            "map": "N/A"
          },
          {
            "identity": "rim",
            "map": "value.nullFlavor"
          }
        ]
      },
      {
        "path": "Observation.interpretation",
        "short": "High, low, normal, etc.",
        "formal": "The assessment made based on the result of the observation.",
        "requirements": "For some results, particularly numeric results, an interpretation is necessary to fully understand the significance of a result.",
        "min": 0,
        "max": "1",
        "mustSupport": true,
        "isSummary": false,
        "binding": {
          "name": "USLabObsInterpretation",
          "isExtensible": false,
          "conformance": "required",
          "description": "Codes identifying interpretations of observations",
          "referenceReference": {
            "reference": "http://hl7.org/fhir/vs/obs-uslab-interpretation"
          }
        },
        "mapping": [
          {
            "identity": "v2",
            "map": "OBX-8-interpretation codes"
          },
          {
            "identity": "rim",
            "map": "interpretationCode"
          },
          {
            "identity": "v2",
            "map": "OBX-8-interpretation codes"
          },
          {
            "identity": "rim",
            "map": "interpretationCode"
          }
        ]
      },
      {
        "path": "Observation.comments",
        "short": "Comments about result",
        "formal": "May include statements about significant, unexpected or unreliable values, or information about the source of the value where this may be relevant to the interpretation of the result.",
        "requirements": "Need to be able to provide free text additional information.",
        "min": 0,
        "max": "1",
        "type": [
          {
            "code": "string"
          }
        ],
        "isSummary": false,
        "mapping": [
          {
            "identity": "v2",
            "map": "NTE.3 (partner NTE to OBX, or sometimes another (child?) OBX)"
          },
          {
            "identity": "rim",
            "map": "subjectOf.observationEvent[code=\"annotation\"].value"
          },
          {
            "identity": "v2",
            "map": "NTE.3 (partner NTE to OBX, or sometimes another (child?) OBX)"
          },
          {
            "identity": "rim",
            "map": "subjectOf.observationEvent[code=\"annotation\"].value"
          }
        ]
      },
      {
        "path": "Observation.applies[x]",
        "short": "For lab tests this is the specimen collection date.",
        "formal": "For lab tests this is the specimen collection date.",
        "comments": "At least a date should be present unless this observation is a historical report.",
        "requirements": "Minimum Precision to Day.",
        "min": 0,
        "max": "1",
        "constraint": [
          {
            "key": "1",
            "name": "datetime to Day",
            "severity": "error",
            "human": "Datetime must be at least to day.",
            "xpath": "f:matches(appliesDateTime,/\\d{4}-[01]\\d-[0-3]\\dT[0-2]\\d:[0-5]\\d([+-][0-2]\\d:[0-5]\\d|Z)/)"
          }
        ],
        "mustSupport": true,
        "isSummary": false,
        "mapping": [
          {
            "identity": "v2",
            "map": "OBX-14-date/time of the observation, and/or OBX-19 after v2.4  (depends on who observation made)"
          },
          {
            "identity": "rim",
            "map": "effectiveTime"
          },
          {
            "identity": "v2",
            "map": "OBX-14-date/time of the observation, and/or OBX-19 after v2.4  (depends on who observation made)"
          },
          {
            "identity": "rim",
            "map": "effectiveTime"
          }
        ]
      },
      {
        "path": "Observation.issued",
        "short": "Date/Time this was made available",
        "formal": "The date and time this observation was made available.",
        "comments": "Updated when the result is updated.",
        "min": 0,
        "max": "1",
        "mustSupport": true,
        "isSummary": false,
        "mapping": [
          {
            "identity": "v2",
            "map": "OBR.22 (or MSH.7), or perhaps OBX-19 (depends on who observation made)"
          },
          {
            "identity": "rim",
            "map": "participation[typeCode=AUT].time"
          },
          {
            "identity": "v2",
            "map": "OBR.22 (or MSH.7), or perhaps OBX-19 (depends on who observation made)"
          },
          {
            "identity": "rim",
            "map": "participation[typeCode=AUT].time"
          }
        ]
      },
      {
        "http://hl7.org/fhir/ExtensionDefinition/profile-display-hint": [
          {
            "valueString": "default: final"
          }
        ],
        "path": "Observation.status",
        "short": "registered | preliminary | final | amended +",
        "formal": "The status of the result value.",
        "requirements": "Need to track the status of individual results - some results are finalised before the whole report is finalised.",
        "min": 1,
        "max": "1",
        "mustSupport": true,
        "isModifier": true,
        "isSummary": false,
        "binding": {
          "name": "ObservationStatus",
          "isExtensible": false,
          "conformance": "required",
          "description": "Codes providing the status of an observation",
          "referenceReference": {
            "reference": "http://hl7.org/fhir/vs/observation-status"
          }
        },
        "mapping": [
          {
            "identity": "v2",
            "map": "OBX-11-observation result status"
          },
          {
            "identity": "rim",
            "map": "status\n\nAmended & Final are differentiated by whether it is the subject of a ControlAct event with a type of \"revise\""
          },
          {
            "identity": "v2",
            "map": "OBX-11-observation result status"
          },
          {
            "identity": "rim",
            "map": "status\n\nAmended & Final are differentiated by whether it is the subject of a ControlAct event with a type of \"revise\""
          }
        ]
      },
      {
        "http://hl7.org/fhir/ExtensionDefinition/profile-display-hint": [
          {
            "valueString": "default: ok"
          }
        ],
        "path": "Observation.reliability",
        "short": "ok | ongoing | early | questionable | calibrating | error +",
        "formal": "An estimate of the degree to which quality issues have impacted on the value reported.",
        "comments": "Note that in most contexts, unreliable results are not recorded, deleted, or otherwise excluded, but it's not always possible to exclude them from the record.  If the reliability indicator is present, interpreters of a result, whether human or machine, should always either be aware of the status or prevented from using the observation without being unaware that the reliability is not \"ok\".",
        "requirements": "Not all results are completely reliable, and some are still reported anyway.",
        "min": 0,
        "max": "1",
        "type": [
          {
            "code": "code"
          }
        ],
        "isModifier": true,
        "isSummary": false,
        "binding": {
          "name": "ObservationReliability",
          "isExtensible": false,
          "conformance": "required",
          "description": "Codes that provide an estimate of the degree to which quality issues have impacted on the value of an observation",
          "referenceReference": {
            "reference": "http://hl7.org/fhir/vs/observation-reliability"
          }
        },
        "mapping": [
          {
            "identity": "v2",
            "map": "Maybe OBX.8/OBX.9"
          },
          {
            "identity": "rim",
            "map": "uncertaintyCode"
          },
          {
            "identity": "v2",
            "map": "Maybe OBX.8/OBX.9"
          },
          {
            "identity": "rim",
            "map": "uncertaintyCode"
          }
        ]
      },
      {
        "path": "Observation.bodySite",
        "short": "Observed body part",
        "formal": "Indicates the site on the subject's body where the observation was made ( i.e. the target site).",
        "comments": "Only used if not implicit in code found in Observation.name.",
        "requirements": "Knowing where the observation is made is important for tracking if multiple sites are possible.",
        "min": 0,
        "max": "0",
        "isSummary": false,
        "binding": {
          "name": "BodySite",
          "isExtensible": true,
          "conformance": "example",
          "description": "Codes describing anatomical locations. May include laterality",
          "referenceReference": {
            "reference": "http://hl7.org/fhir/vs/body-site"
          }
        },
        "mapping": [
          {
            "identity": "v2",
            "map": "OBX-20-observation site"
          },
          {
            "identity": "rim",
            "map": "targetSiteCode"
          },
          {
            "identity": "v2",
            "map": "OBX-20-observation site"
          },
          {
            "identity": "rim",
            "map": "targetSiteCode"
          }
        ]
      },
      {
        "path": "Observation.method",
        "short": "How it was done",
        "formal": "Indicates the mechanism used to perform the observation.",
        "comments": "Only used if not implicit in code for Observation.name.",
        "requirements": "In some cases, method can impact results and is thus for determining whether results can be compared or determining significance of results.",
        "min": 0,
        "max": "1",
        "type": [
          {
            "code": "CodeableConcept"
          }
        ],
        "isSummary": false,
        "binding": {
          "name": "ObservationMethod",
          "isExtensible": true,
          "conformance": "example",
          "description": "Methods for simple observations",
          "referenceReference": {
            "reference": "http://hl7.org/fhir/vs/observation-methods"
          }
        },
        "mapping": [
          {
            "identity": "v2",
            "map": "OBX-17-observation method"
          },
          {
            "identity": "rim",
            "map": "methodCode"
          },
          {
            "identity": "v2",
            "map": "OBX-17-observation method"
          },
          {
            "identity": "rim",
            "map": "methodCode"
          }
        ]
      },
      {
        "path": "Observation.identifier",
        "short": "Unique Id for this particular observation",
        "formal": "A unique identifier for the simple observation.",
        "requirements": "Allows observations to be distinguished and referenced.",
        "min": 1,
        "max": "1",
        "mustSupport": true,
        "isSummary": false,
        "mapping": [
          {
            "identity": "v2",
            "map": "OBX.21"
          },
          {
            "identity": "rim",
            "map": "id"
          },
          {
            "identity": "v2",
            "map": "OBX.21"
          },
          {
            "identity": "rim",
            "map": "id"
          }
        ]
      },
      {
        "path": "Observation.subject",
        "short": "Who and/or what this is about",
        "formal": "The patient, or group of patients, location, or device whose characteristics (direct or indirect) are described by the observation and into whose record the observation is placed.  Comments: Indirect characteristics may be those of a specimen, fetus,\nother observer (for example a relative or EMT), or any observation made about the subject.",
        "comments": "The only circumstance in which the subject can be missing is when the observation is made by a device that does not know the patient. In this case, the observation SHALL be matched to a patient through some context/channel matching technique, and at this point, the observation should be updated.  If the target of the observation is different than the subject, the general extension (http://hl7.org/fhir/ExtensionDefinition/indirectTarget) can  be used.",
        "requirements": "Observations have no value if you don't know who or what they're about.",
        "min": 1,
        "max": "1",
        "type": [
          {
            "code": "Reference",
            "profile": "http://hl7.org/fhir/Profile/Patient"
          },
          {
            "code": "Reference",
            "profile": "http://hl7.org/fhir/Profile/Group"
          },
          {
            "code": "Reference",
            "profile": "http://hl7.org/fhir/Profile/Device"
          },
          {
            "code": "Reference",
            "profile": "http://hl7.org/fhir/Profile/Location"
          }
        ],
        "mustSupport": true,
        "isSummary": false,
        "mapping": [
          {
            "identity": "v2",
            "map": "PID-3-patient ID list"
          },
          {
            "identity": "rim",
            "map": "participation[typeCode=SBJ]"
          },
          {
            "identity": "v2",
            "map": "PID-3-patient ID list"
          },
          {
            "identity": "rim",
            "map": "participation[typeCode=SBJ]"
          }
        ]
      },
      {
        "path": "Observation.specimen",
        "short": "Specimen used for this observation",
        "formal": "The specimen that was used when this observation was made.",
        "comments": "Observations are not made on specimens themselves; they are made on a subject, but usually by the means of a specimen. Note that although specimens are often involved, they are not always tracked and reported explicitly. Also note that observation resources are often used in contexts that track the specimen explicitly (e.g. Diagnostic Report).",
        "min": 0,
        "max": "1",
        "type": [
          {
            "code": "Reference",
            "profile": "http://hl7.org/fhir/Profile/Specimen"
          }
        ],
        "isSummary": false,
        "mapping": [
          {
            "identity": "rim",
            "map": "participation[typeCode=SPC].specimen"
          },
          {
            "identity": "rim",
            "map": "participation[typeCode=SPC].specimen"
          }
        ]
      },
      {
        "path": "Observation.performer",
        "short": "Who did the observation",
        "formal": "Who was responsible for asserting the observed value as \"true\".",
        "comments": "This would only be \"Device\" if the device is responsible for the measurement, not to capture the device used by a human to make the measurement.  (The latter could be captured as an extension.).",
        "requirements": "May give a degree of confidence in the observation and also indicates where follow-up questions should be directed.",
        "min": 0,
        "max": "*",
        "type": [
          {
            "code": "Reference",
            "profile": "http://hl7.org/fhir/Profile/Practitioner"
          },
          {
            "code": "Reference",
            "profile": "http://hl7.org/fhir/Profile/Device"
          },
          {
            "code": "Reference",
            "profile": "http://hl7.org/fhir/Profile/Organization"
          },
          {
            "code": "Reference",
            "profile": "http://hl7.org/fhir/Profile/Patient"
          },
          {
            "code": "Reference",
            "profile": "http://hl7.org/fhir/Profile/RelatedPerson"
          }
        ],
        "isSummary": false,
        "mapping": [
          {
            "identity": "v2",
            "map": "OBX.15 / (Practitioner)  OBX-16-responsible observer,  PRT-5-participation person:PRT-4-participation='RO' / \n(Device)  OBX-18-equipment instance identifier , PRT-10-participation device:PRT-4-participation='EQUIP' / (Organization)  OBX-23-performing organization name,  PRT-8-participation organization:PRT-4-participation='PO'"
          },
          {
            "identity": "rim",
            "map": "participation[typeCode=PRF]"
          },
          {
            "identity": "v2",
            "map": "OBX.15 / (Practitioner)  OBX-16-responsible observer,  PRT-5-participation person:PRT-4-participation='RO' / \n(Device)  OBX-18-equipment instance identifier , PRT-10-participation device:PRT-4-participation='EQUIP' / (Organization)  OBX-23-performing organization name,  PRT-8-participation organization:PRT-4-participation='PO'"
          },
          {
            "identity": "rim",
            "map": "participation[typeCode=PRF]"
          }
        ]
      },
      {
        "path": "Observation.encounter",
        "short": "Healthcare event related to the observation",
        "formal": "The healthcare event  ( e.g. a patient and healthcare provider interaction ) that relates to this observation.",
        "requirements": "For some observations it may be important to know the link between an observation and a particular encounter.",
        "min": 0,
        "max": "1",
        "type": [
          {
            "code": "Reference",
            "profile": "http://hl7.org/fhir/Profile/Encounter"
          }
        ],
        "mustSupport": true,
        "isSummary": false,
        "mapping": [
          {
            "identity": "v2",
            "map": "PV1"
          },
          {
            "identity": "rim",
            "map": "Encounter[moodCode=EVN]"
          },
          {
            "identity": "v2",
            "map": "PV1"
          },
          {
            "identity": "rim",
            "map": "Encounter[moodCode=EVN]"
          }
        ]
      },
      {
        "path": "Observation.referenceRange",
        "short": "Provides guide for interpretation",
        "formal": "Guidance on how to interpret the value by comparison to a normal or recommended range.",
        "comments": "Most observations only have one generic reference range. Systems MAY choose to restrict to only supplying the relevant reference range based on knowledge about the patient (e.g. specific to the patient's age, gender, weight and other factors), but this may not be possible or appropriate. Whenever more than one reference range is supplied, the differences between them SHOULD be provided in the reference range and/or age properties.",
        "requirements": "Knowing what values are considered \"normal\" can help evaluate the significance of a particular result. Need to be able to provide multiple reference ranges for different contexts.",
        "min": 0,
        "max": "1",
        "constraint": [
          {
            "key": "3",
            "name": "reference range",
            "severity": "error",
            "human": "Must have at least a low or a high (and no comparators) or text",
            "xpath": "(exists(f:low) or exists(f:high)or exists(f:text)) and not(exists(f:low/f:comparator)) and not(exists(f:high/f:comparator))"
          }
        ],
        "mustSupport": true,
        "isSummary": false,
        "mapping": [
          {
            "identity": "rim",
            "map": "outboundRelationship[typeCode=REFV]/target[classCode=OBS, moodCode=EVN]"
          },
          {
            "identity": "rim",
            "map": "outboundRelationship[typeCode=REFV]/target[classCode=OBS, moodCode=EVN]"
          }
        ]
      },
      {
        "path": "Observation.referenceRange.id",
        "representation": [
          "xmlAttr"
        ],
        "short": "xml:id (or equivalent in JSON)",
        "formal": "unique id for the element within a resource (for internal references).",
        "min": 0,
        "max": "1",
        "type": [
          {
            "code": "id"
          }
        ],
        "isSummary": false,
        "mapping": [
          {
            "identity": "rim",
            "map": "n/a"
          },
          {
            "identity": "rim",
            "map": "n/a"
          }
        ]
      },
      {
        "path": "Observation.referenceRange.extension",
        "short": "Additional Content defined by implementations",
        "formal": "May be used to represent additional information that is not part of the basic definition of the element. In order to make the use of extensions safe and manageable, there is a strict set of governance  applied to the definition and use of extensions. Though any implementer is allowed to define an extension, there is a set of requirements that SHALL be met as part of the definition of the extension.",
        "comments": "There can be no stigma associated with the use of extensions by any application, project, or standard - regardless of the institution or jurisdiction that uses or defines the extensions.  The use of extensions is what allows the FHIR specification to retain a core level of simplicity for everyone.",
        "synonym": [
          "extensions",
          "user content"
        ],
        "min": 0,
        "max": "*",
        "type": [
          {
            "code": "Extension"
          }
        ],
        "isSummary": false,
        "mapping": [
          {
            "identity": "rim",
            "map": "n/a"
          },
          {
            "identity": "rim",
            "map": "n/a"
          }
        ]
      },
      {
        "path": "Observation.referenceRange.modifierExtension",
        "short": "Extensions that cannot be ignored",
        "formal": "May be used to represent additional information that is not part of the basic definition of the element, and that modifies the understanding of the element that contains it. Usually modifier elements provide negation or qualification. In order to make the use of extensions safe and manageable, there is a strict set of governance applied to the definition and use of extensions. Though any implementer is allowed to define an extension, there is a set of requirements that SHALL be met as part of the definition of the extension. Applications processing a resource are required to check for modifier extensions.",
        "comments": "There can be no stigma associated with the use of extensions by any application, project, or standard - regardless of the institution or jurisdiction that uses or defines the extensions.  The use of extensions is what allows the FHIR specification to retain a core level of simplicity for everyone.",
        "synonym": [
          "extensions",
          "user content",
          "modifiers"
        ],
        "min": 0,
        "max": "*",
        "type": [
          {
            "code": "Extension"
          }
        ],
        "isSummary": false,
        "mapping": [
          {
            "identity": "rim",
            "map": "N/A"
          },
          {
            "identity": "rim",
            "map": "N/A"
          }
        ]
      },
      {
        "path": "Observation.referenceRange.low",
        "short": "Low Range, if relevant",
        "formal": "The value of the low bound of the reference range. If this is omitted, the low bound of the reference range is assumed to be meaningless. E.g. <2.3.",
        "comments": "Do not use the comparator for < or >.",
        "min": 0,
        "max": "1",
        "condition": [
          "3"
        ],
        "mustSupport": true,
        "isSummary": false,
        "mapping": [
          {
            "identity": "v2",
            "map": "OBX-7-references range"
          },
          {
            "identity": "rim",
            "map": "value:IVL_PQ.low"
          },
          {
            "identity": "v2",
            "map": "OBX-7-references range"
          },
          {
            "identity": "rim",
            "map": "value:IVL_PQ.low"
          }
        ]
      },
      {
        "path": "Observation.referenceRange.high",
        "short": "High Range, if relevant",
        "formal": "The value of the high bound of the reference range. If this is omitted, the high bound of the reference range is assumed to be meaningless. E.g. >5.",
        "comments": "Do not use the comparator for < or >.",
        "min": 0,
        "max": "1",
        "condition": [
          "3"
        ],
        "mustSupport": true,
        "isSummary": false,
        "mapping": [
          {
            "identity": "v2",
            "map": "OBX-7-references range"
          },
          {
            "identity": "rim",
            "map": "value:IVL_PQ.high"
          },
          {
            "identity": "v2",
            "map": "OBX-7-references range"
          },
          {
            "identity": "rim",
            "map": "value:IVL_PQ.high"
          }
        ]
      },
      {
        "path": "Observation.referenceRange.meaning",
        "short": "Indicates the meaning/use of this range of this range",
        "formal": "Code for the meaning of the reference range.",
        "comments": "This SHOULD be populated if there is more than one range.",
        "requirements": "Need to be able to say what kind of reference range this is - normal, recommended, therapeutic, or perhaps what state this reference range applies to (i.e. age, hormonal cycles, etc.).",
        "min": 0,
        "max": "1",
        "type": [
          {
            "code": "CodeableConcept"
          }
        ],
        "isSummary": false,
        "binding": {
          "name": "ObservationRangeMeaning",
          "isExtensible": true,
          "conformance": "example",
          "description": "Code for the meaning of a reference range",
          "referenceReference": {
            "reference": "http://hl7.org/fhir/vs/referencerange-meaning"
          }
        },
        "mapping": [
          {
            "identity": "v2",
            "map": "OBX-10-nature of abnormal test?"
          },
          {
            "identity": "rim",
            "map": "interpretationCode"
          },
          {
            "identity": "v2",
            "map": "OBX-10-nature of abnormal test?"
          },
          {
            "identity": "rim",
            "map": "interpretationCode"
          }
        ]
      },
      {
        "path": "Observation.referenceRange.age",
        "short": "Applicable age range, if relevant",
        "formal": "The age at which this reference range is applicable. This is a neonatal age (e.g. number of weeks at term) if the meaning says so.",
        "requirements": "Some analytes vary greatly over age.",
        "min": 0,
        "max": "1",
        "mustSupport": true,
        "isSummary": false,
        "mapping": [
          {
            "identity": "rim",
            "map": "outboundRelationship[typeCode=PRCN].targetObservationCriterion[code=\"age\"].value"
          },
          {
            "identity": "rim",
            "map": "outboundRelationship[typeCode=PRCN].targetObservationCriterion[code=\"age\"].value"
          }
        ]
      },
      {
        "path": "Observation.referenceRange.text",
        "short": "Text based reference range in an observation",
        "formal": "Text based reference range in an observation which may be used when a quantitative range is not appropriate for an observation.  An example would be a reference value of \"Negative\" or a list or table of 'normals'.",
        "min": 0,
        "max": "1",
        "type": [
          {
            "code": "string"
          }
        ],
        "isSummary": false
      },
      {
        "path": "Observation.related",
        "short": "Observations related to this observation",
        "formal": "Related observations - either components, or previous observations, or statements of derivation.",
        "comments": "Normally, an observation will have either a value or a set of related observations. A few observations (e.g. apgar store) may have both a value and related observations (for apgar, the observations from which the measure is derived).",
        "requirements": "Some observations have important relationships to other observations (e.g Blood Pressure = systolic + diastolic), or are derived from other observations (e.g. calculated apgar score).",
        "min": 0,
        "max": "*",
        "isSummary": false,
        "mapping": [
          {
            "identity": "v2",
            "map": "Relationships established by OBX-4 usage"
          },
          {
            "identity": "rim",
            "map": "outBoundRelationship"
          },
          {
            "identity": "v2",
            "map": "Relationships established by OBX-4 usage"
          },
          {
            "identity": "rim",
            "map": "outBoundRelationship"
          }
        ]
      },
      {
        "path": "Observation.related.id",
        "representation": [
          "xmlAttr"
        ],
        "short": "xml:id (or equivalent in JSON)",
        "formal": "unique id for the element within a resource (for internal references).",
        "min": 0,
        "max": "1",
        "type": [
          {
            "code": "id"
          }
        ],
        "isSummary": false,
        "mapping": [
          {
            "identity": "rim",
            "map": "n/a"
          },
          {
            "identity": "rim",
            "map": "n/a"
          }
        ]
      },
      {
        "path": "Observation.related.extension",
        "short": "Additional Content defined by implementations",
        "formal": "May be used to represent additional information that is not part of the basic definition of the element. In order to make the use of extensions safe and manageable, there is a strict set of governance  applied to the definition and use of extensions. Though any implementer is allowed to define an extension, there is a set of requirements that SHALL be met as part of the definition of the extension.",
        "comments": "There can be no stigma associated with the use of extensions by any application, project, or standard - regardless of the institution or jurisdiction that uses or defines the extensions.  The use of extensions is what allows the FHIR specification to retain a core level of simplicity for everyone.",
        "synonym": [
          "extensions",
          "user content"
        ],
        "min": 0,
        "max": "*",
        "type": [
          {
            "code": "Extension"
          }
        ],
        "isSummary": false,
        "mapping": [
          {
            "identity": "rim",
            "map": "n/a"
          },
          {
            "identity": "rim",
            "map": "n/a"
          }
        ]
      },
      {
        "path": "Observation.related.modifierExtension",
        "short": "Extensions that cannot be ignored",
        "formal": "May be used to represent additional information that is not part of the basic definition of the element, and that modifies the understanding of the element that contains it. Usually modifier elements provide negation or qualification. In order to make the use of extensions safe and manageable, there is a strict set of governance applied to the definition and use of extensions. Though any implementer is allowed to define an extension, there is a set of requirements that SHALL be met as part of the definition of the extension. Applications processing a resource are required to check for modifier extensions.",
        "comments": "There can be no stigma associated with the use of extensions by any application, project, or standard - regardless of the institution or jurisdiction that uses or defines the extensions.  The use of extensions is what allows the FHIR specification to retain a core level of simplicity for everyone.",
        "synonym": [
          "extensions",
          "user content",
          "modifiers"
        ],
        "min": 0,
        "max": "*",
        "type": [
          {
            "code": "Extension"
          }
        ],
        "isSummary": false,
        "mapping": [
          {
            "identity": "rim",
            "map": "N/A"
          },
          {
            "identity": "rim",
            "map": "N/A"
          }
        ]
      },
      {
        "path": "Observation.related.type",
        "short": "has-component | has-member | derived-from | sequel-to | replaces | qualified-by | interfered-by",
        "formal": "A code specifying the kind of relationship that exists with the target observation.",
        "comments": "A relationship type SHOULD be provided. If the relationship type is \"COMP\" (composed), then the observation should not be displayed/interpreted in the absence of the related observations.",
        "requirements": "May need to indicate whether this observation is composed of others, or merely derived from them.",
        "min": 0,
        "max": "1",
        "type": [
          {
            "code": "code"
          }
        ],
        "isSummary": false,
        "binding": {
          "name": "ObservationRelationshipType",
          "isExtensible": false,
          "conformance": "required",
          "description": "Codes specifying how two observations are related",
          "referenceReference": {
            "reference": "http://hl7.org/fhir/vs/observation-relationshiptypes"
          }
        },
        "mapping": [
          {
            "identity": "v2",
            "map": "N/A"
          },
          {
            "identity": "rim",
            "map": ".typeCode"
          },
          {
            "identity": "v2",
            "map": "N/A"
          },
          {
            "identity": "rim",
            "map": ".typeCode"
          }
        ]
      },
      {
        "path": "Observation.related.target",
        "short": "Observation that is related to this one",
        "formal": "A reference to the observation that is related to this observation.",
        "min": 1,
        "max": "1",
        "type": [
          {
            "code": "Reference",
            "profile": "http://hl7.org/fhir/Profile/Observation"
          }
        ],
        "isSummary": false,
        "mapping": [
          {
            "identity": "rim",
            "map": ".targetObservation"
          },
          {
            "identity": "rim",
            "map": ".targetObservation"
          }
        ]
      }
    ]
  },
  "differential": {
    "element": [
      {
        "path": "Observation",
        "name": "DAFResultObsRatio",
        "short": "DAF laboratory result (value is ratio)",
        "formal": "US Realm clinical quantitative laboratory results to ordering providers in the ambulatory care setting and \"reportable\" laboratory test results to local public health agencies.",
        "synonym": [
          "Obs"
        ],
        "min": 1,
        "max": "1",
        "isSummary": false
      },
      {
        "path": "Observation.extension",
        "slicing": {
          "discriminator": [
            "url"
          ],
          "rules": "open"
        }
      },
      {
        "path": "Observation.extension",
        "name": "USLabSpecimenRejectReason",
        "short": "Specimen Rejection Reason",
        "formal": "Specimen Rejection Reason.",
        "requirements": "CLIA require a reason when the test is not performed due to an unsatisfactory specimen.",
        "min": 0,
        "max": "1",
        "type": [
          {
            "code": "Extension",
            "profile": "http://hl7.org/fhir/ExtensionDefinition/uslabspecimenrejectreason"
          }
        ],
        "mustSupport": true,
        "isSummary": false
      },
      {
        "path": "Observation.extension.valueCodeableConcept",
        "min": 1,
        "max": "1",
        "mustSupport": true,
        "isSummary": false
      },
      {
        "path": "Observation.extension.valueCodeableConcept.coding",
        "min": 0,
        "max": "1",
        "mustSupport": true,
        "isSummary": false
      },
      {
        "path": "Observation.extension.valueCodeableConcept.coding.system",
        "min": 1,
        "max": "1",
        "mustSupport": true,
        "isSummary": false
      },
      {
        "path": "Observation.extension.valueCodeableConcept.coding.code",
        "min": 1,
        "max": "1",
        "mustSupport": true,
        "isSummary": false
      },
      {
        "path": "Observation.extension.valueCodeableConcept.coding.display",
        "min": 0,
        "max": "1",
        "mustSupport": true,
        "isSummary": false
      },
      {
        "path": "Observation.extension.valueCodeableConcept.text",
        "min": 0,
        "max": "1",
        "mustSupport": true,
        "isSummary": false
      },
      {
        "path": "Observation.extension",
        "name": "USLabObservationKind",
        "short": "Kind of observation",
        "formal": "Kind of observation.",
        "min": 0,
        "max": "1",
        "type": [
          {
            "code": "Extension",
            "profile": "http://hl7.org/fhir/ExtensionDefinition/uslabobservationkind"
          }
        ],
        "mustSupport": true,
        "isSummary": false
      },
      {
        "path": "Observation.name",
        "short": "US Realm Laboratory Test Name",
        "formal": "The laboratory test that was performed.",
        "requirements": "The use of the Logical Observation Identifiers Names and Codes (LOINC) code system is required where a LOINC code is available for the Observation.name, i.e. the being resulted.",
        "synonym": [
          "test"
        ],
        "min": 1,
        "max": "1",
        "constraint": [
          {
            "key": "2",
            "name": "LOINC or Local",
            "severity": "error",
            "human": "Must have a LOINC or a Local code or both.",
            "xpath": "exists(f:coding)"
          }
        ],
        "mustSupport": true,
        "isSummary": false
      },
      {
        "path": "Observation.name.coding",
        "slicing": {
          "discriminator": [
            "system"
          ],
          "rules": "open"
        }
      },
      {
        "path": "Observation.name.coding",
        "name": "USLabLOINCCoding",
        "short": "LOINC coding if concept exists in LOINC",
        "formal": "LOINC coding if concept exists in LOINC.",
        "synonym": [
          "LOINC code"
        ],
        "min": 0,
        "max": "1",
        "condition": [
          "2"
        ],
        "mustSupport": true,
        "isSummary": false
      },
      {
        "path": "Observation.name.coding.system",
        "short": "LOINC Coding System",
        "formal": "LOINC Coding System.",
        "min": 1,
        "max": "1",
        "type": [
          {
            "code": "uri"
          }
        ],
        "fixedUri": "http://loinc.org",
        "mustSupport": true,
        "isSummary": false
      },
      {
        "path": "Observation.name.coding.code",
        "short": "LOINC",
        "formal": "Logical Observation Identifiers Names and Codes (LOINC) is a database and universal standard for identifying medical laboratory observations.",
        "min": 1,
        "max": "1",
        "mustSupport": true,
        "isSummary": false
      },
      {
        "path": "Observation.name.coding.display",
        "short": "LOINC Display Name",
        "formal": "The LOINC  'long common name' is preferred although the LOINC 'short name' or the LOINC 'fully-specified name can also be used.  ( http://lionc.org.terms-of-use).",
        "min": 0,
        "max": "1",
        "mustSupport": true,
        "isSummary": false
      },
      {
        "path": "Observation.name.coding",
        "name": "USLabLocalCoding",
        "synonym": [
          "Local"
        ],
        "min": 0,
        "max": "1",
        "condition": [
          "2"
        ],
        "mustSupport": true,
        "isSummary": false
      },
      {
        "path": "Observation.name.coding.system",
        "short": "Local Coding System",
        "formal": "This is defined locally.",
        "min": 1,
        "max": "1",
        "type": [
          {
            "code": "uri"
          }
        ],
        "mustSupport": true,
        "isSummary": false
      },
      {
        "path": "Observation.name.coding.code",
        "short": "Local Code",
        "formal": "Local Code.",
        "min": 1,
        "max": "1",
        "mustSupport": true,
        "isSummary": false
      },
      {
        "path": "Observation.name.coding.display",
        "short": "Local Code Display name",
        "formal": "This is defined locally.",
        "min": 0,
        "max": "1",
        "mustSupport": true,
        "isSummary": false
      },
      {
        "path": "Observation.name.text",
        "short": "Display text",
        "formal": "This is the laboratory defined display text for the lab test if different from the code display text(s).",
        "comments": "If this exists, this is the text to be used for display.",
        "requirements": "Used when the laboratory define how the dsplay text if different from the code display text.",
        "min": 0,
        "max": "1",
        "mustSupport": true,
        "isSummary": false
      },
      {
        "path": "Observation.valueRatio",
        "short": "Titre value",
        "formal": "This is the actual titer result.  The Ratio data type is used for titers (e.g., \"1:128\") and other quantities produced by laboratories that truly represent ratios.",
        "synonym": [
          "titers"
        ],
        "min": 0,
        "max": "1",
        "mustSupport": true,
        "isSummary": false
      },
      {
        "path": "Observation.valueRatio.numerator",
        "min": 0,
        "max": "1",
        "mustSupport": true,
        "isSummary": false
      },
      {
        "path": "Observation.valueRatio.denominator",
        "min": 0,
        "max": "1",
        "mustSupport": true,
        "isSummary": false
      },
      {
        "path": "Observation.dataAbsentReason",
        "min": 0,
        "max": "1",
        "mustSupport": true,
        "isSummary": false
      },
      {
        "path": "Observation.interpretation",
        "min": 0,
        "max": "1",
        "mustSupport": true,
        "isSummary": false,
        "binding": {
          "name": "USLabObsInterpretation",
          "isExtensible": false,
          "conformance": "required",
          "description": "Codes identifying interpretations of observations",
          "referenceReference": {
            "reference": "http://hl7.org/fhir/vs/obs-uslab-interpretation"
          }
        }
      },
      {
        "path": "Observation.interpretation.coding",
        "min": 1,
        "max": "1",
        "mustSupport": true,
        "isSummary": false
      },
      {
        "path": "Observation.interpretation.coding.code",
        "min": 1,
        "max": "1",
        "mustSupport": true,
        "isSummary": false
      },
      {
        "path": "Observation.applies[x]",
        "short": "For lab tests this is the specimen collection date.",
        "formal": "For lab tests this is the specimen collection date.",
        "requirements": "Minimum Precision to Day.",
        "min": 0,
        "max": "1",
        "condition": [
          "1"
        ],
        "constraint": [
          {
            "key": "1",
            "name": "datetime to Day",
            "severity": "error",
            "human": "Datetime must be at least to day.",
            "xpath": "f:matches(appliesDateTime,/\\d{4}-[01]\\d-[0-3]\\dT[0-2]\\d:[0-5]\\d([+-][0-2]\\d:[0-5]\\d|Z)/)"
          }
        ],
        "mustSupport": true,
        "isSummary": false
      },
      {
        "path": "Observation.issued",
        "min": 0,
        "max": "1",
        "mustSupport": true,
        "isSummary": false
      },
      {
        "path": "Observation.status",
        "min": 1,
        "max": "1",
        "mustSupport": true,
        "isSummary": false
      },
      {
        "path": "Observation.bodySite",
        "min": 0,
        "max": "0",
        "isSummary": false
      },
      {
        "path": "Observation.identifier",
        "min": 1,
        "max": "1",
        "mustSupport": true,
        "isSummary": false
      },
      {
        "path": "Observation.identifier.use",
        "min": 1,
        "max": "1",
        "type": [
          {
            "code": "code"
          }
        ],
        "fixedCode": "official",
        "mustSupport": true,
        "isSummary": false
      },
      {
        "path": "Observation.identifier.label",
        "min": 1,
        "max": "1",
        "type": [
          {
            "code": "string"
          }
        ],
        "fixedString": "Lab test result ID",
        "mustSupport": true,
        "isSummary": false
      },
      {
        "path": "Observation.identifier.system",
        "short": "Lab URI",
        "formal": "The URI for the laboratory Issuing the report.  This establishes the namespace in which set of possible id values is unique.",
        "min": 1,
        "max": "1",
        "mustSupport": true,
        "isSummary": false
      },
      {
        "path": "Observation.identifier.value",
        "min": 1,
        "max": "1",
        "mustSupport": true,
        "isSummary": false
      },
      {
        "path": "Observation.subject",
        "min": 1,
        "max": "1",
        "type": [
          {
            "code": "Reference",
            "profile": "http://hl7.org/fhir/Profile/patient-daf-dafpatient"
          }
        ],
        "mustSupport": true,
        "isSummary": false
      },
      {
        "path": "Observation.encounter",
        "min": 0,
        "max": "1",
        "type": [
          {
            "code": "Reference",
            "profile": "http://hl7.org/fhir/Profile/encounter-daf-dafencounter"
          }
        ],
        "mustSupport": true,
        "isSummary": false
      },
      {
        "path": "Observation.referenceRange",
        "min": 0,
        "max": "1",
        "mustSupport": true,
        "isSummary": false
      },
      {
        "path": "Observation.referenceRange.low",
        "min": 0,
        "max": "1",
        "mustSupport": true,
        "isSummary": false
      },
      {
        "path": "Observation.referenceRange.low.system",
        "min": 1,
        "max": "1",
        "type": [
          {
            "code": "uri"
          }
        ],
        "fixedUri": "http://unitsofmeasure.org",
        "mustSupport": true,
        "isSummary": false
      },
      {
        "path": "Observation.referenceRange.low.code",
        "min": 1,
        "max": "1",
        "mustSupport": true,
        "isSummary": false,
        "binding": {
          "name": "USLabUCUM",
          "isExtensible": false,
          "conformance": "required",
          "description": "UCUM Codes for units of measure",
          "referenceReference": {
            "reference": "http://hl7.org/fhir/vs/units"
          }
        }
      },
      {
        "path": "Observation.referenceRange.high",
        "min": 0,
        "max": "1",
        "mustSupport": true,
        "isSummary": false
      },
      {
        "path": "Observation.referenceRange.high.system",
        "min": 1,
        "max": "1",
        "type": [
          {
            "code": "uri"
          }
        ],
        "fixedUri": "http://unitsofmeasure.org",
        "mustSupport": true,
        "isSummary": false
      },
      {
        "path": "Observation.referenceRange.high.code",
        "min": 1,
        "max": "1",
        "mustSupport": true,
        "isSummary": false,
        "binding": {
          "name": "USLabUCUM",
          "isExtensible": false,
          "conformance": "required",
          "description": "UCUM Codes for units of measure",
          "referenceReference": {
            "reference": "http://hl7.org/fhir/vs/units"
          }
        }
      },
      {
        "path": "Observation.referenceRange.age",
        "min": 0,
        "max": "1",
        "mustSupport": true,
        "isSummary": false
      },
      {
        "path": "Observation.referenceRange.age.low",
        "min": 0,
        "max": "1",
        "mustSupport": true,
        "isSummary": false
      },
      {
        "path": "Observation.referenceRange.age.low.system",
        "min": 1,
        "max": "1",
        "type": [
          {
            "code": "uri"
          }
        ],
        "fixedUri": "http://unitsofmeasure.org",
        "mustSupport": true,
        "isSummary": false
      },
      {
        "path": "Observation.referenceRange.age.low.code",
        "min": 1,
        "max": "1",
        "mustSupport": true,
        "isSummary": false,
        "binding": {
          "name": "CCDAAgeCodes",
          "isExtensible": true,
          "description": "A valueSet of UCUM codes for representing age value units",
          "referenceReference": {
            "reference": "http://hl7.org/fhir/vs/ccdaagecodes"
          }
        }
      },
      {
        "path": "Observation.referenceRange.age.high",
        "min": 0,
        "max": "1",
        "mustSupport": true,
        "isSummary": false
      },
      {
        "path": "Observation.referenceRange.age.high.system",
        "min": 1,
        "max": "1",
        "type": [
          {
            "code": "uri"
          }
        ],
        "fixedUri": "http://unitsofmeasure.org",
        "mustSupport": true,
        "isSummary": false
      },
      {
        "path": "Observation.referenceRange.age.high.code",
        "min": 1,
        "max": "1",
        "mustSupport": true,
        "isSummary": false,
        "binding": {
          "name": "CCDAAgeCodes",
          "isExtensible": true,
          "description": "A valueSet of UCUM codes for representing age value units",
          "referenceReference": {
            "reference": "http://hl7.org/fhir/vs/ccdaagecodes"
          }
        }
      }
    ]
  }
}