{"appliesPeriod":{"end":"2013-04-05T10:30:10+01:00","start":"2013-04-02T10:30:10+01:00"},"bodySite":{"coding":[{"code":"308046002","display":"Superficial forearm vein","system":"http://snomed.info/id"}]},"id":"f004","identifier":{"system":"http://www.bmc.nl/zorgportal/identifiers/observations","use":"official","value":"6326"},"interpretation":{"coding":[{"code":"A","display":"abnormal","system":"http://hl7.org/fhir/v2/0078"}]},"issued":"2013-04-03T15:30:10+01:00","method":{"coding":[{"code":"120220003","display":"Injection to forearm","system":"http://snomed.info/id"}]},"name":{"coding":[{"code":"789-8","display":"Erythrocytes [#/volume] in Blood by Automated count","system":"http://loinc.org"}]},"performer":[{"display":"A. Langeveld","reference":"Practitioner/f005"}],"referenceRange":[{"high":{"code":"10*12/L","system":"http://unitsofmeasure.org","units":"10^12/L","value":5.8},"low":{"code":"10*12/L","system":"http://unitsofmeasure.org","units":"10^12/L","value":4.4}}],"reliability":"ok","resourceType":"Observation","status":"final","subject":{"display":"P. van de Heuvel","reference":"Patient/f001"},"valueQuantity":{"code":"10*12/L","system":"http://unitsofmeasure.org","units":"10^12/L","value":4.12}}