{"appliesDateTime":"2014-12-05T09:30:10+01:00","http://hl7.org/fhir/ExtensionDefinition/relatedDeviceMetric":[{"valueReference":{"reference":"DeviceMetric/example"}}],"id":"satO2","identifier":{"system":"http://goodcare.org/observation/id","value":"o1223435-10"},"interpretation":{"coding":[{"code":"N","display":"normal","system":"http://hl7.org/fhir/v2/0078"}]},"name":{"coding":[{"code":"150456","display":"MDC_PULS_OXIM_SAT_O2","system":"https://rtmms.nist.gov"}]},"performer":[{"reference":"Device/ihe-pcd"}],"referenceRange":[{"high":{"code":"262688","system":"https://rtmms.nist.gov","units":"percent","value":99},"low":{"code":"262688","system":"https://rtmms.nist.gov","units":"percent","value":90}}],"reliability":"ok","resourceType":"Observation","status":"final","subject":{"reference":"Patient/example"},"text":{"div":"<div>Dec 04 2014: Oxygen saturation 95% (normal)</div>","status":"generated"},"valueQuantity":{"code":"262688","system":"https://rtmms.nist.gov","units":"percent","value":95}}