{"id":"f206","interpretation":{"coding":[{"code":"POS","system":"http://hl7.org/fhir/v2/0078"}]},"issued":"2013-03-11T10:28:00+01:00","method":{"coding":[{"code":"104177005","display":"Blood culture for bacteria, including anaerobic screen","system":"http://snomed.info/sct"}]},"name":{"coding":[{"code":"104177005","display":"Blood culture for bacteria, including anaerobic screen","system":"http://snomed.info/sct"}]},"performer":[{"display":"Luigi Maas","reference":"Practitioner/f202"}],"reliability":"ok","resourceType":"Observation","status":"final","subject":{"display":"Roel","reference":"Patient/f201"},"valueCodeableConcept":{"coding":[{"code":"3092008","display":"Staphylococcus aureus","system":"http://snomed.info/sct"}]}}