{"coverage":[{"coverage":{"reference":"Coverage/9876B1"},"focal":true,"relationship":{"code":"self"},"sequence":1}],"created":"2014-08-16","diagnosis":[{"diagnosis":{"code":"123456"},"sequence":1}],"id":"100150","identifier":[{"system":"http://happyvalley.com/claims","value":"12345"}],"item":[{"net":{"code":"USD","system":"urn:std:iso:4217","value":135.57},"provider":{"reference":"Practitioner/1"},"sequence":1,"service":{"code":"1200"},"serviceDate":"2014-08-16","type":{"code":"service"},"unitPrice":{"code":"USD","system":"urn:std:iso:4217","value":135.57}}],"organization":{"reference":"Organization/1"},"patient":{"reference":"Patient/1"},"payee":{"type":{"code":"provider"}},"priority":{"code":"normal"},"resourceType":"OralHealthClaim","target":{"reference":"Organization/2"},"text":{"div":"<div>A human-readable rendering of the Oral Health Claim</div>","status":"generated"},"use":"complete"}