{"contained":[{"id":"organization-1","identifier":[{"system":"http://www.jurisdiction.com/oralhealthoffices","value":"3456"}],"resourceType":"Organization"},{"id":"organization-2","identifier":[{"system":"http://www.bindb.com/bin","value":"123456"}],"resourceType":"Organization"},{"id":"practitioner-1","identifier":[{"system":"http://www.jurisdiction.com/oralhealthproviders","value":"123456789"}],"resourceType":"Practitioner"},{"address":[{"city":"Vancouver","country":"CAD","line":["1234 Main Street"],"postalCode":"V2H1Y3","use":"home"}],"birthDate":"1986-05-17","gender":"male","id":"patient-1","name":[{"family":["Donald"],"given":["Duck"],"use":"official"}],"resourceType":"Patient"},{"dependent":0,"id":"coverage-1","identifier":[{"system":"http://benefitsinc.com/certificate","value":"12345"}],"issuer":{"reference":"#organization-2"},"plan":"CBI35","resourceType":"Coverage","sequence":1,"subplan":"123","subscriber":{"reference":"#patient-1"},"type":{"code":"EHCPOL","system":"http://hl7.org/fhir/v3/ActCode"}}],"coverage":[{"coverage":{"reference":"#coverage-1"},"focal":true,"relationship":{"code":"self"},"sequence":1}],"created":"2014-08-16","diagnosis":[{"diagnosis":{"code":"123456"},"sequence":1}],"id":"100152","identifier":[{"system":"http://happyvalley.com/claims","value":"12347"}],"item":[{"net":{"code":"USD","system":"urn:std:iso:4217","value":135.57},"provider":{"reference":"#practitioner-1"},"sequence":1,"service":{"code":"1200"},"serviceDate":"2014-08-16","type":{"code":"service"},"unitPrice":{"code":"USD","system":"urn:std:iso:4217","value":135.57}}],"organization":{"reference":"#organization-1"},"patient":{"reference":"#patient-1"},"payee":{"type":{"code":"provider"}},"priority":{"code":"normal"},"resourceType":"OralHealthClaim","target":{"reference":"#organization-2"},"text":{"div":"<div>A human-readable rendering of the Oral Health Claim</div>","status":"generated"},"use":"complete"}