{"coverage":[{"coverage":{"reference":"Coverage/9876B1"},"focal":true,"relationship":{"code":"self"},"sequence":1}],"created":"2014-08-16","diagnosis":[{"diagnosis":{"code":"123456"},"sequence":1}],"id":"100151","identifier":[{"system":"http://happyvalley.com/claims","value":"12346"}],"item":[{"net":{"code":"USD","system":"urn:std:iso:4217","value":135.57},"provider":{"reference":"Practitioner/1"},"sequence":1,"service":{"code":"1200","system":"http://hl7.org/fhir/oralservicecodes"},"serviceDate":"2014-08-16","type":{"code":"service"},"unitPrice":{"code":"USD","system":"urn:std:iso:4217","value":135.57}},{"bodySite":{"code":"21","system":"http://fdi.org/fhir/oraltoothcodes"},"net":{"code":"USD","system":"urn:std:iso:4217","value":105.00},"provider":{"reference":"Practitioner/1"},"sequence":2,"service":{"code":"21211","system":"http://hl7.org/fhir/oralservicecodes"},"serviceDate":"2014-08-16","subsite":[{"code":"L","system":"http://fdi.org/fhir/oralsurfacecodes"}],"type":{"code":"service"},"unitPrice":{"code":"USD","system":"urn:std:iso:4217","value":105.00}},{"bodySite":{"code":"36","system":"http://fdi.org/fhir/oraltoothcodes"},"detail":[{"net":{"code":"USD","system":"urn:std:iso:4217","value":750.00},"sequence":1,"service":{"code":"27211","system":"http://hl7.org/fhir/oralservicecodes"},"type":{"code":"service"},"unitPrice":{"code":"USD","system":"urn:std:iso:4217","value":750.00}},{"net":{"code":"USD","system":"urn:std:iso:4217","value":350.00},"sequence":2,"service":{"code":"lab","system":"http://hl7.org/fhir/oralservicecodes"},"type":{"code":"service"},"unitPrice":{"code":"USD","system":"urn:std:iso:4217","value":350.00}}],"net":{"code":"USD","system":"urn:std:iso:4217","value":1100.00},"provider":{"reference":"Practitioner/1"},"sequence":3,"service":{"code":"27211","system":"http://hl7.org/fhir/oralservicecodes"},"serviceDate":"2014-08-16","type":{"code":"group"},"unitPrice":{"code":"USD","system":"urn:std:iso:4217","value":1100.00}}],"organization":{"reference":"Organization/1"},"patient":{"reference":"Patient/1"},"payee":{"type":{"code":"provider"}},"priority":{"code":"normal"},"resourceType":"OralHealthClaim","target":{"reference":"Organization/2"},"text":{"div":"<div>A human-readable rendering of the Oral Health Claim</div>","status":"generated"},"use":"complete"}