{"date":"2013-03-05T12:00:00+01:00","detail":[{"display":"Consultation, not yet developed"}],"id":"f201","reasonCodeableConcept":{"text":"It concerns a one-off order for consultation in order to evaluate the stairs walking ability of Roel."},"resourceType":"Order","source":{"reference":"Practitioner/f201"},"subject":{"display":"Roel","reference":"Patient/f201"},"target":{"display":"Juri van Gelder","reference":"Practitioner/f203"},"when":{"code":{"coding":[{"code":"394848005","display":"Normal priority","system":"http://snomed.info/sct"}]}}}