{"date":"2012-12-28T09:03:04+11:00","detail":[{"reference":"MedicationPrescription/example"}],"id":"example","reasonCodeableConcept":{"text":"Standard admission testing"},"resourceType":"Order","source":{"reference":"Practitioner/example"},"subject":{"reference":"Patient/pat2"},"text":{"div":"<div>Request for Prescription (on patient Donald DUCK @ Acme Healthcare, Inc. MR = 654321)</div>","status":"generated"},"when":{"code":{"coding":[{"code":"today","system":"http://acme.com/codes/request-priority"}]}}}