{
  "resourceType": "Organization",
  "id": "uslab-example1",
  "text": {
    "status": "generated",
    "div": "<div>\n\t\t\t\n      <ul>\n\t\t\t\t\n        <li>file: org-uslab-example1.xml</li>\n\t\t\t\t\n        <li> id: uslab-example1</li>\n\t\t\t\t\n        <li> Name: USLab Organization Example1 </li>\n\t\t\t\t\n        <li>Description: USLab Ordering Organization Profile Canonical Example: University Hospital</li>\n\t\t\t\n      </ul>\n\t\t\n    </div>"
  },
  "identifier": [
    {
      "use": "official",
      "label": "NPI",
      "value": "1235349085",
      "assigner": {
        "reference": "https://nppes.cms.hhs.gov/NPPES/",
        "display": "The Centers for Medicare and Medicaid Services (CMS) National Plan and Provider Enumeration System (NPPES)"
      }
    }
  ],
  "name": "University Hospital",
  "telecom": [
    {
      "system": "phone",
      "value": "(+1) 555-227-1234"
    },
    {
      "system": "fax",
      "value": "(+1) 555-227-6622"
    }
  ],
  "address": [
    {
      "http://example.org/us-core-county": [
        {
          "http://example.org//iso21090-SC-coding": [
            {
              "valueCoding": {
                "system": "https://www.census.gov/geo/reference",
                "code": "42043"
              }
            }
          ]
        }
      ],
      "use": "work",
      "line": [
        "Firstcare Way",
        "Building 1"
      ],
      "city": "Harrisburg",
      "state": "PA",
      "postalCode": "17111",
      "country": "USA"
    }
  ]
}