{"address":[{"city":"Harrisburg","country":"USA","http://example.org/us-core-county":[{"http://example.org//iso21090-SC-coding":[{"valueCoding":{"code":"42043","system":"https://www.census.gov/geo/reference"}}]}],"line":["Firstcare Way","Building 1"],"postalCode":"17111","state":"PA","use":"work"}],"id":"uslab-example1","identifier":[{"assigner":{"display":"The Centers for Medicare and Medicaid Services (CMS) National Plan and Provider Enumeration System (NPPES)","reference":"https://nppes.cms.hhs.gov/NPPES/"},"label":"NPI","use":"official","value":"1235349085"}],"name":"University Hospital","resourceType":"Organization","telecom":[{"system":"phone","value":"(+1) 555-227-1234"},{"system":"fax","value":"(+1) 555-227-6622"}],"text":{"div":"<div>\n\t\t\t\n      <ul>\n\t\t\t\t\n        <li>file: org-uslab-example1.xml</li>\n\t\t\t\t\n        <li> id: uslab-example1</li>\n\t\t\t\t\n        <li> Name: USLab Organization Example1 </li>\n\t\t\t\t\n        <li>Description: USLab Ordering Organization Profile Canonical Example: University Hospital</li>\n\t\t\t\n      </ul>\n\t\t\n    </div>","status":"generated"}}