{
  "resourceType": "Profile",
  "id": "org-uslab-uslabcctarget",
  "text": {
    "status": "generated",
    "div": "<div>to do</div>"
  },
  "url": "http://hl7.org/fhir/Profile/org-uslab-uslabcctarget",
  "name": "US Laboratory Organization Profile",
  "publisher": "HL7 International - Orders and Observations WG",
  "telecom": [
    {
      "system": "url",
      "value": "http://hl7.org"
    }
  ],
  "description": "Copy to Organization",
  "status": "draft",
  "date": "2014-11-17",
  "type": "Organization",
  "base": "http://hl7.org/fhir/Profile/Organization",
  "snapshot": {
    "element": [
      {
        "path": "Organization",
        "name": "USLabCCTarget",
        "short": "Copy to Organization",
        "formal": "This is used when the orderer designates another organization such as a public health agency to receive results.",
        "synonym": [
          "Ordering Facility"
        ],
        "min": 1,
        "max": "1",
        "constraint": [
          {
            "key": "1",
            "name": "AtLeastANameOrId",
            "severity": "error",
            "human": "The organization SHALL at least have a name or an id, and possibly more than one",
            "xpath": "count(f:identifier | f:name) > 0"
          }
        ],
        "isSummary": false,
        "mapping": [
          {
            "identity": "v2",
            "map": "(also see master files messages)"
          },
          {
            "identity": "rim",
            "map": "Organization(classCode=ORG, determinerCode=INST)"
          },
          {
            "identity": "servd",
            "map": "Organization"
          },
          {
            "identity": "v2",
            "map": "(also see master files messages)"
          },
          {
            "identity": "rim",
            "map": "Organization(classCode=ORG, determinerCode=INST)"
          },
          {
            "identity": "servd",
            "map": "Organization"
          }
        ]
      },
      {
        "path": "Organization.id",
        "short": "Logical id of this artefact",
        "formal": "The logical id of the resource, as used in the url for the resoure. Once assigned, this value never changes.",
        "comments": "The only time that a resource does not have an id is when it is being submitted to the server using a create operation. Bundles always have an id, though it is usually a generated UUID.",
        "min": 0,
        "max": "1",
        "type": [
          {
            "code": "id"
          }
        ],
        "isSummary": false
      },
      {
        "path": "Organization.meta",
        "short": "Metadata about the resource",
        "formal": "The metadata about the resource. This is content that is maintained by the infrastructure. Changes to the content may not always be associated with version changes to the resource.",
        "min": 0,
        "max": "1",
        "isSummary": false
      },
      {
        "path": "Organization.meta.id",
        "representation": [
          "xmlAttr"
        ],
        "short": "xml:id (or equivalent in JSON)",
        "formal": "unique id for the element within a resource (for internal references).",
        "min": 0,
        "max": "1",
        "type": [
          {
            "code": "id"
          }
        ],
        "isSummary": false,
        "mapping": [
          {
            "identity": "rim",
            "map": "n/a"
          },
          {
            "identity": "rim",
            "map": "n/a"
          }
        ]
      },
      {
        "path": "Organization.meta.extension",
        "short": "Additional Content defined by implementations",
        "formal": "May be used to represent additional information that is not part of the basic definition of the element. In order to make the use of extensions safe and manageable, there is a strict set of governance  applied to the definition and use of extensions. Though any implementer is allowed to define an extension, there is a set of requirements that SHALL be met as part of the definition of the extension.",
        "comments": "There can be no stigma associated with the use of extensions by any application, project, or standard - regardless of the institution or jurisdiction that uses or defines the extensions.  The use of extensions is what allows the FHIR specification to retain a core level of simplicity for everyone.",
        "synonym": [
          "extensions",
          "user content"
        ],
        "min": 0,
        "max": "*",
        "type": [
          {
            "code": "Extension"
          }
        ],
        "isSummary": false,
        "mapping": [
          {
            "identity": "rim",
            "map": "n/a"
          },
          {
            "identity": "rim",
            "map": "n/a"
          }
        ]
      },
      {
        "path": "Organization.meta.modifierExtension",
        "short": "Extensions that cannot be ignored",
        "formal": "May be used to represent additional information that is not part of the basic definition of the element, and that modifies the understanding of the element that contains it. Usually modifier elements provide negation or qualification. In order to make the use of extensions safe and manageable, there is a strict set of governance applied to the definition and use of extensions. Though any implementer is allowed to define an extension, there is a set of requirements that SHALL be met as part of the definition of the extension. Applications processing a resource are required to check for modifier extensions.",
        "comments": "There can be no stigma associated with the use of extensions by any application, project, or standard - regardless of the institution or jurisdiction that uses or defines the extensions.  The use of extensions is what allows the FHIR specification to retain a core level of simplicity for everyone.",
        "synonym": [
          "extensions",
          "user content",
          "modifiers"
        ],
        "min": 0,
        "max": "*",
        "type": [
          {
            "code": "Extension"
          }
        ],
        "isSummary": false,
        "mapping": [
          {
            "identity": "rim",
            "map": "N/A"
          },
          {
            "identity": "rim",
            "map": "N/A"
          }
        ]
      },
      {
        "path": "Organization.meta.versionId",
        "short": "Version specific identifier",
        "formal": "The version specific identifier, as it appears in the version portion of the url. This values changes when the resource is created, updated, or deleted.",
        "comments": "The server assigns this value, and ignores what the client specifies, except in the case that the server is imposing version integrity on updates/deletes.",
        "min": 0,
        "max": "1",
        "type": [
          {
            "code": "id"
          }
        ],
        "isSummary": false
      },
      {
        "path": "Organization.meta.lastUpdated",
        "short": "When the resource version last changed",
        "formal": "When the resource last changed - e.g. when the version changed.",
        "comments": "This value is always populated except when the resource is first being created. The server / resource manager sets this value; what a client provides is irrelevant.",
        "min": 0,
        "max": "1",
        "type": [
          {
            "code": "instant"
          }
        ],
        "isSummary": false
      },
      {
        "path": "Organization.meta.profile",
        "short": "Profiles this resource claims to conform to",
        "formal": "A list of profiles that this resource claims to conform to. The URL is a reference to Profile.url.",
        "comments": "It is up to the server and/or other infrastruture of policy to determine whether/how these claims are verified and/or updated over tiem.",
        "min": 0,
        "max": "*",
        "type": [
          {
            "code": "uri"
          }
        ],
        "isSummary": false
      },
      {
        "path": "Organization.meta.security",
        "short": "Security Labels applied to this resource",
        "formal": "Security labels applied to this resource. These tags connect specific resources to the overall security policy and infrastructure.",
        "comments": "The security labels can be updated without changing the stated version of the resource.",
        "min": 0,
        "max": "*",
        "type": [
          {
            "code": "Coding"
          }
        ],
        "isSummary": false
      },
      {
        "path": "Organization.meta.tag",
        "short": "Tags applied",
        "formal": "Tags applied to this resource. Tags are intended to to be used to identify and relate resources to process and workflow, and applications are not required to consider the tags when interpreting the meaning of a resource.",
        "comments": "The tags can be updated without changing the stated version of the resource.",
        "min": 0,
        "max": "*",
        "type": [
          {
            "code": "Coding"
          }
        ],
        "isSummary": false
      },
      {
        "path": "Organization.implicitRules",
        "short": "A set of rules under which this content was created",
        "formal": "A reference to a set of rules that were followed when the resource was constructed, and which must be understood when processing the content.",
        "comments": "Asserting this rule set restricts the content to be only understood by a limited set of trading partners. This inherently limits the usefulness of the data in the long term. However the existing health eco-system is highly fractured, and not yet ready to define, collect, and exchange data in a generally computable sense. Wherever possible, implementers and/or specification writers should avoid using this element as much as possible.",
        "min": 0,
        "max": "1",
        "type": [
          {
            "code": "uri"
          }
        ],
        "isModifier": true,
        "isSummary": false
      },
      {
        "path": "Organization.language",
        "short": "Language of the resource content",
        "formal": "The base language in which the resource is written.",
        "comments": "Language is provided to support indexing and accessibility (typically, services such as text to speech use the language tag). The html language tag in the narrative applies  to the narrative. The language tag on the resource may be used to specify the language of other presentations generated from the data in the resource\n\nNot all the content has to be in the base language. The Resource.language should not be assumed to apply to the narrative automatically. If a language is specified, it should it also be specified on the div element in the html (see rules in HTML5 for information about the relationship between xml:lang and the html lang attribute).",
        "min": 0,
        "max": "1",
        "type": [
          {
            "code": "code"
          }
        ],
        "isSummary": false,
        "binding": {
          "name": "Language",
          "isExtensible": false,
          "conformance": "required",
          "description": "A human language",
          "referenceUri": "http://tools.ietf.org/html/bcp47"
        }
      },
      {
        "path": "Organization.text",
        "short": "Text summary of the resource, for human interpretation",
        "formal": "A human-readable narrative that contains a summary of the resource, and may be used to represent the content of the resource to a human. The narrative need not encode all the structured data, but is required to contain sufficient detail to make it \"clinically safe\" for a human to just read the narrative. Resource definitions may define what content should be represented in the narrative to ensure clinical safety.",
        "comments": "Contained resources do not have narrative. Resources that are not contained SHOULD have a narrative.",
        "synonym": [
          "narrative",
          "html",
          "xhtml",
          "display"
        ],
        "min": 1,
        "max": "1",
        "condition": [
          "1"
        ],
        "mustSupport": true,
        "isSummary": false,
        "mapping": [
          {
            "identity": "rim",
            "map": "Act.text?"
          },
          {
            "identity": "rim",
            "map": "Act.text?"
          }
        ]
      },
      {
        "path": "Organization.contained",
        "short": "Contained, inline Resources",
        "formal": "These resources do not have an independent existence apart from the resource that contains them - they cannot be identified independently, and nor can they have their own independent transaction scope.",
        "comments": "This should never be done when the content can be identified properly, as once identification is lost, it is extremely difficult (and context dependent) to restore it again.",
        "synonym": [
          "inline resources",
          "anonymous resources",
          "contained resources"
        ],
        "min": 0,
        "max": "*",
        "type": [
          {
            "code": "Resource"
          }
        ],
        "isSummary": false,
        "mapping": [
          {
            "identity": "rim",
            "map": "N/A"
          },
          {
            "identity": "rim",
            "map": "N/A"
          }
        ]
      },
      {
        "path": "Organization.extension",
        "short": "Additional Content defined by implementations",
        "formal": "May be used to represent additional information that is not part of the basic definition of the resource. In order to make the use of extensions safe and manageable, there is a strict set of governance  applied to the definition and use of extensions. Though any implementer is allowed to define an extension, there is a set of requirements that SHALL be met as part of the definition of the extension.",
        "comments": "There can be no stigma associated with the use of extensions by any application, project, or standard - regardless of the institution or jurisdiction that uses or defines the extensions.  The use of extensions is what allows the FHIR specification to retain a core level of simplicity for everyone.",
        "synonym": [
          "extensions",
          "user content"
        ],
        "min": 0,
        "max": "*",
        "type": [
          {
            "code": "Extension"
          }
        ],
        "isSummary": false,
        "mapping": [
          {
            "identity": "rim",
            "map": "N/A"
          },
          {
            "identity": "rim",
            "map": "N/A"
          }
        ]
      },
      {
        "path": "Organization.modifierExtension",
        "short": "Extensions that cannot be ignored",
        "formal": "May be used to represent additional information that is not part of the basic definition of the resource, and that modifies the understanding of the element that contains it. Usually modifier elements provide negation or qualification. In order to make the use of extensions safe and manageable, there is a strict set of governance applied to the definition and use of extensions. Though any implementer is allowed to define an extension, there is a set of requirements that SHALL be met as part of the definition of the extension. Applications processing a resource are required to check for modifier extensions.",
        "comments": "There can be no stigma associated with the use of extensions by any application, project, or standard - regardless of the institution or jurisdiction that uses or defines the extensions.  The use of extensions is what allows the FHIR specification to retain a core level of simplicity for everyone.",
        "synonym": [
          "extensions",
          "user content"
        ],
        "min": 0,
        "max": "*",
        "type": [
          {
            "code": "Extension"
          }
        ],
        "isSummary": false,
        "mapping": [
          {
            "identity": "rim",
            "map": "N/A"
          },
          {
            "identity": "rim",
            "map": "N/A"
          }
        ]
      },
      {
        "path": "Organization.identifier",
        "short": "Identifies this organization  across multiple systems",
        "formal": "Identifier for the organization that is used to identify the organization across multiple disparate systems.",
        "requirements": "Organizations are known by a variety of ids. Some institutions maintain several, and most collect identifiers for exchange with other organizations concerning the organization.",
        "min": 0,
        "max": "1",
        "type": [
          {
            "code": "Identifier"
          }
        ],
        "patternIdentifier": {
          "use": "official",
          "label": "NPI",
          "assigner": {
            "reference": "https://nppes.cms.hhs.gov/NPPES/",
            "display": "The Centers for Medicare and Medicaid Services (CMS)  National Plan and Provider Enumeration System (NPPES"
          }
        },
        "condition": [
          "1"
        ],
        "mustSupport": true,
        "isSummary": false,
        "mapping": [
          {
            "identity": "v2",
            "map": "XON.10 Organization Identifier / XON.3 ID Number"
          },
          {
            "identity": "rim",
            "map": ".scopes[Role](classCode=IDENT)"
          },
          {
            "identity": "servd",
            "map": "./Identifiers"
          },
          {
            "identity": "v2",
            "map": "XON.10 Organization Identifier / XON.3 ID Number"
          },
          {
            "identity": "rim",
            "map": ".scopes[Role](classCode=IDENT)"
          },
          {
            "identity": "servd",
            "map": "./Identifiers"
          }
        ]
      },
      {
        "path": "Organization.identifier.id",
        "representation": [
          "xmlAttr"
        ],
        "short": "xml:id (or equivalent in JSON)",
        "formal": "unique id for the element within a resource (for internal references).",
        "min": 0,
        "max": "1",
        "type": [
          {
            "code": "id"
          }
        ],
        "isSummary": false,
        "mapping": [
          {
            "identity": "rim",
            "map": "n/a"
          },
          {
            "identity": "rim",
            "map": "n/a"
          }
        ]
      },
      {
        "path": "Organization.identifier.extension",
        "short": "Additional Content defined by implementations",
        "formal": "May be used to represent additional information that is not part of the basic definition of the element. In order to make the use of extensions safe and manageable, there is a strict set of governance  applied to the definition and use of extensions. Though any implementer is allowed to define an extension, there is a set of requirements that SHALL be met as part of the definition of the extension.",
        "comments": "There can be no stigma associated with the use of extensions by any application, project, or standard - regardless of the institution or jurisdiction that uses or defines the extensions.  The use of extensions is what allows the FHIR specification to retain a core level of simplicity for everyone.",
        "synonym": [
          "extensions",
          "user content"
        ],
        "min": 0,
        "max": "*",
        "type": [
          {
            "code": "Extension"
          }
        ],
        "isSummary": false,
        "mapping": [
          {
            "identity": "rim",
            "map": "n/a"
          },
          {
            "identity": "rim",
            "map": "n/a"
          }
        ]
      },
      {
        "path": "Organization.identifier.use",
        "short": "usual | official | temp | secondary (If known)",
        "formal": "The purpose of this identifier.",
        "comments": "This is labeled as \"Is Modifier\" because applications should not mistake a temporary id for a permanent one. Applications can assume that an identifier is permanent unless it explicitly says that it is temporary.",
        "requirements": "Allows the appropriate identifier for a particular context of use to be selected from among a set of identifiers.",
        "min": 0,
        "max": "1",
        "type": [
          {
            "code": "code"
          }
        ],
        "isModifier": true,
        "isSummary": false,
        "binding": {
          "name": "IdentifierUse",
          "isExtensible": false,
          "conformance": "required",
          "description": "Identifies the purpose for this identifier, if known",
          "referenceReference": {
            "reference": "http://hl7.org/fhir/vs/identifier-use"
          }
        },
        "mapping": [
          {
            "identity": "v2",
            "map": "N/A"
          },
          {
            "identity": "rim",
            "map": "Role.code or implied by context"
          },
          {
            "identity": "v2",
            "map": "N/A"
          },
          {
            "identity": "rim",
            "map": "Role.code or implied by context"
          }
        ]
      },
      {
        "path": "Organization.identifier.label",
        "short": "Description of identifier",
        "formal": "A text string for the identifier that can be displayed to a human so they can recognize the identifier.",
        "requirements": "Allows humans to make use of identifiers when the identifier system is not known.",
        "min": 0,
        "max": "1",
        "type": [
          {
            "code": "string"
          }
        ],
        "isSummary": false,
        "mapping": [
          {
            "identity": "v2",
            "map": "CX.5"
          },
          {
            "identity": "rim",
            "map": "Role.title or implied by context"
          },
          {
            "identity": "v2",
            "map": "CX.5"
          },
          {
            "identity": "rim",
            "map": "Role.title or implied by context"
          }
        ]
      },
      {
        "path": "Organization.identifier.system",
        "short": "The namespace for the identifier",
        "formal": "Establishes the namespace in which set of possible id values is unique.",
        "requirements": "There are many sequences of identifiers.  To perform matching, we need to know what sequence we're dealing with. The system identifies a particular sequence or set of unique identifiers.",
        "min": 0,
        "max": "1",
        "type": [
          {
            "code": "uri"
          }
        ],
        "exampleUri": "http://www.acme.com/identifiers/patient or urn:ietf:rfc:3986 if the id itself is a full uri",
        "isSummary": false,
        "mapping": [
          {
            "identity": "v2",
            "map": "CX.4 / EI-2-4"
          },
          {
            "identity": "rim",
            "map": "II.root or Role.id.root"
          },
          {
            "identity": "servd",
            "map": "./IdentifierType"
          },
          {
            "identity": "v2",
            "map": "CX.4 / EI-2-4"
          },
          {
            "identity": "rim",
            "map": "II.root or Role.id.root"
          },
          {
            "identity": "servd",
            "map": "./IdentifierType"
          }
        ]
      },
      {
        "path": "Organization.identifier.value",
        "short": "NPI  organization Identifier",
        "formal": "NPI  organization Identifier.",
        "comments": "If the value is a full URI, then the system SHALL be urn:ietf:rfc:3986.",
        "min": 1,
        "max": "1",
        "exampleString": "123456",
        "mustSupport": true,
        "isSummary": false,
        "mapping": [
          {
            "identity": "v2",
            "map": "CX.1 / EI.1"
          },
          {
            "identity": "rim",
            "map": "II.extension or II.root if system indicates OID or GUID (Or Role.id.extension or root)"
          },
          {
            "identity": "servd",
            "map": "./Value"
          },
          {
            "identity": "v2",
            "map": "CX.1 / EI.1"
          },
          {
            "identity": "rim",
            "map": "II.extension or II.root if system indicates OID or GUID (Or Role.id.extension or root)"
          },
          {
            "identity": "servd",
            "map": "./Value"
          }
        ]
      },
      {
        "path": "Organization.identifier.period",
        "short": "Time period when id is/was valid for use",
        "formal": "Time period during which identifier is/was valid for use.",
        "min": 0,
        "max": "1",
        "type": [
          {
            "code": "Period"
          }
        ],
        "isSummary": false,
        "mapping": [
          {
            "identity": "v2",
            "map": "CX.7 + CX.8"
          },
          {
            "identity": "rim",
            "map": "Role.effectiveTime or implied by context"
          },
          {
            "identity": "servd",
            "map": "./StartDate and ./EndDate"
          },
          {
            "identity": "v2",
            "map": "CX.7 + CX.8"
          },
          {
            "identity": "rim",
            "map": "Role.effectiveTime or implied by context"
          },
          {
            "identity": "servd",
            "map": "./StartDate and ./EndDate"
          }
        ]
      },
      {
        "path": "Organization.identifier.assigner",
        "short": "Organization that issued id (may be just text)",
        "formal": "Organization that issued/manages the identifier.",
        "comments": "The reference may be just a text description of the assigner.",
        "min": 0,
        "max": "1",
        "type": [
          {
            "code": "Reference",
            "profile": "http://hl7.org/fhir/Profile/Organization"
          }
        ],
        "isSummary": false,
        "mapping": [
          {
            "identity": "v2",
            "map": "CX.4 / (CX.4,CX.9,CX.10)"
          },
          {
            "identity": "rim",
            "map": "II.assigningAuthorityName but note that this is an improper use by the definition of the field.  Also Role.scoper"
          },
          {
            "identity": "servd",
            "map": "./IdentifierIssuingAuthority"
          },
          {
            "identity": "v2",
            "map": "CX.4 / (CX.4,CX.9,CX.10)"
          },
          {
            "identity": "rim",
            "map": "II.assigningAuthorityName but note that this is an improper use by the definition of the field.  Also Role.scoper"
          },
          {
            "identity": "servd",
            "map": "./IdentifierIssuingAuthority"
          }
        ]
      },
      {
        "path": "Organization.name",
        "short": "Name used for the organization",
        "formal": "A name associated with the organization.",
        "requirements": "Need to use the name as the label of the organization.",
        "min": 0,
        "max": "1",
        "condition": [
          "1"
        ],
        "mustSupport": true,
        "isSummary": false,
        "mapping": [
          {
            "identity": "v2",
            "map": "XON.1 Organization Name"
          },
          {
            "identity": "rim",
            "map": ".name"
          },
          {
            "identity": "servd",
            "map": ".PreferredName/Name"
          },
          {
            "identity": "v2",
            "map": "XON.1 Organization Name"
          },
          {
            "identity": "rim",
            "map": ".name"
          },
          {
            "identity": "servd",
            "map": ".PreferredName/Name"
          }
        ]
      },
      {
        "path": "Organization.type",
        "short": "Kind of organization",
        "formal": "The kind of organization that this is.",
        "comments": "Organizations can be corporations, wards, sections, clinical teams, government departments, etc. Note that code is generally a classifier of the type of organization; in many applications, codes are used to identity a particular organization (say, ward) as opposed to another of the same type - these are identifiers, not codes.",
        "requirements": "Need to be able to track the kind of organization that this is - different organization types have different uses.",
        "min": 0,
        "max": "1",
        "type": [
          {
            "code": "CodeableConcept"
          }
        ],
        "isSummary": false,
        "binding": {
          "name": "OrganizationType",
          "isExtensible": true,
          "conformance": "example",
          "description": "Used to categorize the organization",
          "referenceReference": {
            "reference": "http://hl7.org/fhir/vs/organization-type"
          }
        },
        "mapping": [
          {
            "identity": "v2",
            "map": "No equivalent in v2"
          },
          {
            "identity": "rim",
            "map": ".code"
          },
          {
            "identity": "servd",
            "map": "n/a"
          },
          {
            "identity": "v2",
            "map": "No equivalent in v2"
          },
          {
            "identity": "rim",
            "map": ".code"
          },
          {
            "identity": "servd",
            "map": "n/a"
          }
        ]
      },
      {
        "path": "Organization.telecom",
        "short": "A contact detail for the organization",
        "formal": "A contact detail for the organization.",
        "comments": "The use code home is not to be used. Note that these contacts are not the contact details of people who are employed by or represent the organization, but official contacts for the organization itself.",
        "requirements": "Human contact for the organization.",
        "min": 1,
        "max": "*",
        "condition": [
          "3"
        ],
        "constraint": [
          {
            "key": "3",
            "name": "NoHomeUseTelecom",
            "severity": "error",
            "human": "The telecom of an organization can never be of use 'home'",
            "xpath": "count(f:use[@value='home']) = 0"
          }
        ],
        "mustSupport": true,
        "isSummary": false,
        "mapping": [
          {
            "identity": "v2",
            "map": "No authoritative equivalent in V2.x"
          },
          {
            "identity": "rim",
            "map": ".telecom"
          },
          {
            "identity": "servd",
            "map": "./ContactPoints"
          },
          {
            "identity": "v2",
            "map": "No authoritative equivalent in V2.x"
          },
          {
            "identity": "rim",
            "map": ".telecom"
          },
          {
            "identity": "servd",
            "map": "./ContactPoints"
          }
        ]
      },
      {
        "path": "Organization.address",
        "short": "An address for the organization",
        "formal": "An address for the organization.",
        "comments": "Organization may have multiple addresses with different uses or applicable periods. The use code home is not to be used.",
        "requirements": "May need to keep track of the organization's addresses for contacting, billing or reporting requirements.",
        "min": 1,
        "max": "*",
        "condition": [
          "2"
        ],
        "constraint": [
          {
            "key": "2",
            "name": "NoHomeUseAddress",
            "severity": "error",
            "human": "An address of an organization can never be of use 'home'",
            "xpath": "count(f:use[@value='home']) = 0"
          }
        ],
        "mustSupport": true,
        "isSummary": false,
        "mapping": [
          {
            "identity": "v2",
            "map": "No authoritative equivalent in V2.x; some V2.x segments such as OBX might provide a serialized instance value"
          },
          {
            "identity": "rim",
            "map": ".address"
          },
          {
            "identity": "servd",
            "map": "./PrimaryAddress and ./OtherAddresses"
          },
          {
            "identity": "v2",
            "map": "No authoritative equivalent in V2.x; some V2.x segments such as OBX might provide a serialized instance value"
          },
          {
            "identity": "rim",
            "map": ".address"
          },
          {
            "identity": "servd",
            "map": "./PrimaryAddress and ./OtherAddresses"
          }
        ]
      },
      {
        "path": "Organization.partOf",
        "short": "The organization of which this organization forms a part",
        "formal": "The organization of which this organization forms a part.",
        "requirements": "Need to be able to track the hierarchy of organizations within an organization.",
        "min": 0,
        "max": "1",
        "type": [
          {
            "code": "Reference",
            "profile": "http://hl7.org/fhir/Profile/Organization"
          }
        ],
        "isSummary": false,
        "mapping": [
          {
            "identity": "v2",
            "map": "No equivalent in V2.x"
          },
          {
            "identity": "rim",
            "map": ".playedBy[classCode=Part].scoper"
          },
          {
            "identity": "servd",
            "map": "n/a"
          },
          {
            "identity": "v2",
            "map": "No equivalent in V2.x"
          },
          {
            "identity": "rim",
            "map": ".playedBy[classCode=Part].scoper"
          },
          {
            "identity": "servd",
            "map": "n/a"
          }
        ]
      },
      {
        "path": "Organization.contact",
        "short": "Medical Director",
        "formal": "The official contact for the laboratory is the medical director.",
        "requirements": "Need to keep track of assigned contact points within bigger organization.",
        "min": 0,
        "max": "1",
        "mustSupport": true,
        "isSummary": false,
        "mapping": [
          {
            "identity": "rim",
            "map": ".contactParty"
          },
          {
            "identity": "rim",
            "map": ".contactParty"
          }
        ]
      },
      {
        "path": "Organization.contact.id",
        "representation": [
          "xmlAttr"
        ],
        "short": "xml:id (or equivalent in JSON)",
        "formal": "unique id for the element within a resource (for internal references).",
        "min": 0,
        "max": "1",
        "type": [
          {
            "code": "id"
          }
        ],
        "isSummary": false,
        "mapping": [
          {
            "identity": "rim",
            "map": "n/a"
          },
          {
            "identity": "rim",
            "map": "n/a"
          }
        ]
      },
      {
        "path": "Organization.contact.extension",
        "short": "Additional Content defined by implementations",
        "formal": "May be used to represent additional information that is not part of the basic definition of the element. In order to make the use of extensions safe and manageable, there is a strict set of governance  applied to the definition and use of extensions. Though any implementer is allowed to define an extension, there is a set of requirements that SHALL be met as part of the definition of the extension.",
        "comments": "There can be no stigma associated with the use of extensions by any application, project, or standard - regardless of the institution or jurisdiction that uses or defines the extensions.  The use of extensions is what allows the FHIR specification to retain a core level of simplicity for everyone.",
        "synonym": [
          "extensions",
          "user content"
        ],
        "min": 0,
        "max": "*",
        "type": [
          {
            "code": "Extension"
          }
        ],
        "isSummary": false,
        "mapping": [
          {
            "identity": "rim",
            "map": "n/a"
          },
          {
            "identity": "rim",
            "map": "n/a"
          }
        ]
      },
      {
        "path": "Organization.contact.modifierExtension",
        "short": "Extensions that cannot be ignored",
        "formal": "May be used to represent additional information that is not part of the basic definition of the element, and that modifies the understanding of the element that contains it. Usually modifier elements provide negation or qualification. In order to make the use of extensions safe and manageable, there is a strict set of governance applied to the definition and use of extensions. Though any implementer is allowed to define an extension, there is a set of requirements that SHALL be met as part of the definition of the extension. Applications processing a resource are required to check for modifier extensions.",
        "comments": "There can be no stigma associated with the use of extensions by any application, project, or standard - regardless of the institution or jurisdiction that uses or defines the extensions.  The use of extensions is what allows the FHIR specification to retain a core level of simplicity for everyone.",
        "synonym": [
          "extensions",
          "user content",
          "modifiers"
        ],
        "min": 0,
        "max": "*",
        "type": [
          {
            "code": "Extension"
          }
        ],
        "isSummary": false,
        "mapping": [
          {
            "identity": "rim",
            "map": "N/A"
          },
          {
            "identity": "rim",
            "map": "N/A"
          }
        ]
      },
      {
        "path": "Organization.contact.purpose",
        "short": "The type of contact",
        "formal": "Indicates a purpose for which the contact can be reached.",
        "requirements": "Need to distinguish between multiple contact persons.",
        "min": 0,
        "max": "1",
        "type": [
          {
            "code": "CodeableConcept"
          }
        ],
        "isSummary": false,
        "binding": {
          "name": "ContactPartyType",
          "isExtensible": true,
          "conformance": "preferred",
          "description": "The purpose for which you would contact a contact party",
          "referenceReference": {
            "reference": "http://hl7.org/fhir/vs/contactentity-type"
          }
        },
        "mapping": [
          {
            "identity": "rim",
            "map": "./type"
          },
          {
            "identity": "rim",
            "map": "./type"
          }
        ]
      },
      {
        "path": "Organization.contact.name",
        "short": "A name associated with the contact",
        "formal": "A name associated with the contact.",
        "requirements": "Need to be able to track the person by name.",
        "min": 0,
        "max": "1",
        "type": [
          {
            "code": "HumanName"
          }
        ],
        "mustSupport": true,
        "isSummary": false,
        "mapping": [
          {
            "identity": "v2",
            "map": "PID-5, PID-9"
          },
          {
            "identity": "rim",
            "map": "./name"
          },
          {
            "identity": "v2",
            "map": "PID-5, PID-9"
          },
          {
            "identity": "rim",
            "map": "./name"
          }
        ]
      },
      {
        "path": "Organization.contact.name.id",
        "representation": [
          "xmlAttr"
        ],
        "short": "xml:id (or equivalent in JSON)",
        "formal": "unique id for the element within a resource (for internal references).",
        "min": 0,
        "max": "1",
        "type": [
          {
            "code": "id"
          }
        ],
        "isSummary": false,
        "mapping": [
          {
            "identity": "rim",
            "map": "n/a"
          },
          {
            "identity": "rim",
            "map": "n/a"
          }
        ]
      },
      {
        "path": "Organization.contact.name.extension",
        "short": "Additional Content defined by implementations",
        "formal": "May be used to represent additional information that is not part of the basic definition of the element. In order to make the use of extensions safe and manageable, there is a strict set of governance  applied to the definition and use of extensions. Though any implementer is allowed to define an extension, there is a set of requirements that SHALL be met as part of the definition of the extension.",
        "comments": "There can be no stigma associated with the use of extensions by any application, project, or standard - regardless of the institution or jurisdiction that uses or defines the extensions.  The use of extensions is what allows the FHIR specification to retain a core level of simplicity for everyone.",
        "synonym": [
          "extensions",
          "user content"
        ],
        "min": 0,
        "max": "*",
        "type": [
          {
            "code": "Extension"
          }
        ],
        "isSummary": false,
        "mapping": [
          {
            "identity": "rim",
            "map": "n/a"
          },
          {
            "identity": "rim",
            "map": "n/a"
          }
        ]
      },
      {
        "path": "Organization.contact.name.use",
        "short": "usual | official | temp | nickname | anonymous | old | maiden",
        "formal": "Identifies the purpose for this name.",
        "comments": "This is labeled as \"Is Modifier\" because applications should not mistake a temporary or old name etc for a current/permanent one. Applications can assume that a name is current unless it explicitly says that it is temporary or old.",
        "requirements": "Allows the appropriate name for a particular context of use to be selected from among a set of names.",
        "min": 0,
        "max": "1",
        "type": [
          {
            "code": "code"
          }
        ],
        "isModifier": true,
        "isSummary": false,
        "binding": {
          "name": "NameUse",
          "isExtensible": false,
          "conformance": "required",
          "description": "The use of a human name",
          "referenceReference": {
            "reference": "http://hl7.org/fhir/vs/name-use"
          }
        },
        "mapping": [
          {
            "identity": "v2",
            "map": "XPN.7, but often indicated by which field contains the name"
          },
          {
            "identity": "rim",
            "map": "unique(./use)"
          },
          {
            "identity": "servd",
            "map": "./NamePurpose"
          },
          {
            "identity": "v2",
            "map": "XPN.7, but often indicated by which field contains the name"
          },
          {
            "identity": "rim",
            "map": "unique(./use)"
          },
          {
            "identity": "servd",
            "map": "./NamePurpose"
          }
        ]
      },
      {
        "path": "Organization.contact.name.text",
        "short": "Text representation of the full name",
        "formal": "A full text representation of the name.",
        "comments": "Can provide both a text representation and structured parts.",
        "requirements": "A renderable, unencoded form.",
        "min": 0,
        "max": "1",
        "type": [
          {
            "code": "string"
          }
        ],
        "isSummary": false,
        "mapping": [
          {
            "identity": "v2",
            "map": "implied by XPN.11"
          },
          {
            "identity": "rim",
            "map": "./formatted"
          },
          {
            "identity": "v2",
            "map": "implied by XPN.11"
          },
          {
            "identity": "rim",
            "map": "./formatted"
          }
        ]
      },
      {
        "path": "Organization.contact.name.family",
        "short": "Family name (often called 'Surname')",
        "formal": "The part of a name that links to the genealogy. In some cultures (e.g. Eritrea) the family name of a son is the first name of his father.",
        "comments": "For family name, hyphenated names such as \"Smith-Jones\" are a single name, but names with spaces such as \"Smith Jones\" are broken into multiple parts.",
        "synonym": [
          "surname"
        ],
        "min": 1,
        "max": "1",
        "mustSupport": true,
        "isSummary": false,
        "mapping": [
          {
            "identity": "v2",
            "map": "XPN.1"
          },
          {
            "identity": "rim",
            "map": "./part[partType = FAM]"
          },
          {
            "identity": "servd",
            "map": "./FamilyName"
          },
          {
            "identity": "v2",
            "map": "XPN.1"
          },
          {
            "identity": "rim",
            "map": "./part[partType = FAM]"
          },
          {
            "identity": "servd",
            "map": "./FamilyName"
          }
        ]
      },
      {
        "path": "Organization.contact.name.given",
        "short": "Given names (not always 'first'). Includes middle names",
        "formal": "Given name.",
        "comments": "Can be first and middle name or initial.",
        "synonym": [
          "first name",
          "middle name"
        ],
        "min": 0,
        "max": "2",
        "mustSupport": true,
        "isSummary": false,
        "mapping": [
          {
            "identity": "v2",
            "map": "XPN.2 + XPN.3"
          },
          {
            "identity": "rim",
            "map": "./part[partType = GIV]"
          },
          {
            "identity": "servd",
            "map": "./GivenNames"
          },
          {
            "identity": "v2",
            "map": "XPN.2 + XPN.3"
          },
          {
            "identity": "rim",
            "map": "./part[partType = GIV]"
          },
          {
            "identity": "servd",
            "map": "./GivenNames"
          }
        ]
      },
      {
        "path": "Organization.contact.name.prefix",
        "short": "Parts that come before the name",
        "formal": "Part of the name that is acquired as a title due to academic, legal, employment or nobility status, etc. and that appears at the start of the name.",
        "min": 0,
        "max": "1",
        "mustSupport": true,
        "isSummary": false,
        "mapping": [
          {
            "identity": "v2",
            "map": "XPN.5"
          },
          {
            "identity": "rim",
            "map": "./part[partType = PFX]"
          },
          {
            "identity": "servd",
            "map": "./TitleCode"
          },
          {
            "identity": "v2",
            "map": "XPN.5"
          },
          {
            "identity": "rim",
            "map": "./part[partType = PFX]"
          },
          {
            "identity": "servd",
            "map": "./TitleCode"
          }
        ]
      },
      {
        "path": "Organization.contact.name.suffix",
        "short": "Parts that come after the name",
        "formal": "Part of the name that is acquired as a title due to academic, legal, employment or nobility status, etc. and that appears at the end of the name.",
        "min": 0,
        "max": "1",
        "mustSupport": true,
        "isSummary": false,
        "mapping": [
          {
            "identity": "v2",
            "map": "XPN/4"
          },
          {
            "identity": "rim",
            "map": "./part[partType = SFX]"
          },
          {
            "identity": "v2",
            "map": "XPN/4"
          },
          {
            "identity": "rim",
            "map": "./part[partType = SFX]"
          }
        ]
      },
      {
        "path": "Organization.contact.name.period",
        "short": "Time period when name was/is in use",
        "formal": "Indicates the period of time when this name was valid for the named person.",
        "requirements": "Allows names to be placed in historical context.",
        "min": 0,
        "max": "1",
        "type": [
          {
            "code": "Period"
          }
        ],
        "isSummary": false,
        "mapping": [
          {
            "identity": "v2",
            "map": "XPN.13 + XPN.14"
          },
          {
            "identity": "rim",
            "map": "./usablePeriod[type=\"IVL<TS>\"]"
          },
          {
            "identity": "servd",
            "map": "./StartDate and ./EndDate"
          },
          {
            "identity": "v2",
            "map": "XPN.13 + XPN.14"
          },
          {
            "identity": "rim",
            "map": "./usablePeriod[type=\"IVL<TS>\"]"
          },
          {
            "identity": "servd",
            "map": "./StartDate and ./EndDate"
          }
        ]
      },
      {
        "path": "Organization.contact.telecom",
        "short": "Contact details (telephone, email, etc)  for a contact",
        "formal": "A contact detail (e.g. a telephone number or an email address) by which the party may be contacted.",
        "requirements": "People have (primary) ways to contact them in some way such as phone, email.",
        "min": 0,
        "max": "*",
        "type": [
          {
            "code": "ContactPoint"
          }
        ],
        "isSummary": false,
        "mapping": [
          {
            "identity": "v2",
            "map": "PID-13, PID-14"
          },
          {
            "identity": "rim",
            "map": "./telecom"
          },
          {
            "identity": "v2",
            "map": "PID-13, PID-14"
          },
          {
            "identity": "rim",
            "map": "./telecom"
          }
        ]
      },
      {
        "path": "Organization.contact.address",
        "short": "Visiting or postal addresses for the contact",
        "formal": "Visiting or postal addresses for the contact.",
        "requirements": "May need to keep track of a contact party's address for contacting, billing or reporting requirements.",
        "min": 0,
        "max": "1",
        "type": [
          {
            "code": "Address"
          }
        ],
        "isSummary": false,
        "mapping": [
          {
            "identity": "v2",
            "map": "PID-11"
          },
          {
            "identity": "rim",
            "map": "./addr"
          },
          {
            "identity": "v2",
            "map": "PID-11"
          },
          {
            "identity": "rim",
            "map": "./addr"
          }
        ]
      },
      {
        "path": "Organization.contact.gender",
        "short": "male | female | other | unknown",
        "formal": "Administrative Gender - the gender that the person is considered to have for administration and record keeping purposes.",
        "requirements": "Needed to address the person correctly.",
        "min": 0,
        "max": "1",
        "type": [
          {
            "code": "code"
          }
        ],
        "isSummary": false,
        "binding": {
          "name": "AdministrativeGender",
          "isExtensible": false,
          "conformance": "required",
          "description": "The gender of a person used for administrative purposes",
          "referenceReference": {
            "reference": "http://hl7.org/fhir/vs/administrative-gender"
          }
        },
        "mapping": [
          {
            "identity": "v2",
            "map": "PID-8"
          },
          {
            "identity": "rim",
            "map": "./administrativeGender"
          },
          {
            "identity": "v2",
            "map": "PID-8"
          },
          {
            "identity": "rim",
            "map": "./administrativeGender"
          }
        ]
      },
      {
        "path": "Organization.location",
        "short": "Location(s) the organization uses to provide services",
        "formal": "Location(s) the organization uses to provide services.",
        "min": 0,
        "max": "*",
        "type": [
          {
            "code": "Reference",
            "profile": "http://hl7.org/fhir/Profile/Location"
          }
        ],
        "isSummary": false,
        "mapping": [
          {
            "identity": "rim",
            "map": ".scopedBy[classCode=LocatedEntity].scoper"
          },
          {
            "identity": "servd",
            "map": "./Sites"
          },
          {
            "identity": "rim",
            "map": ".scopedBy[classCode=LocatedEntity].scoper"
          },
          {
            "identity": "servd",
            "map": "./Sites"
          }
        ]
      },
      {
        "path": "Organization.active",
        "short": "Whether the organization's record is still in active use",
        "formal": "Whether the organization's record is still in active use.",
        "comments": "Default is true.",
        "requirements": "Need a flag to indicate a record is no longer to be used and should generally be hidden for the user in the UI.",
        "min": 0,
        "max": "1",
        "type": [
          {
            "code": "boolean"
          }
        ],
        "defaultValueBoolean": true,
        "isModifier": true,
        "isSummary": false,
        "mapping": [
          {
            "identity": "v2",
            "map": "No equivalent in V2.x"
          },
          {
            "identity": "rim",
            "map": ".status"
          },
          {
            "identity": "servd",
            "map": "./Status (however this concept in ServD more covers why the organization is active or not, could be delisted, deregistered, not operational yet) this could alternatively be derived from ./StartDate and ./EndDate and given a context date."
          },
          {
            "identity": "v2",
            "map": "No equivalent in V2.x"
          },
          {
            "identity": "rim",
            "map": ".status"
          },
          {
            "identity": "servd",
            "map": "./Status (however this concept in ServD more covers why the organization is active or not, could be delisted, deregistered, not operational yet) this could alternatively be derived from ./StartDate and ./EndDate and given a context date."
          }
        ]
      }
    ]
  },
  "differential": {
    "element": [
      {
        "path": "Organization",
        "name": "USLabCCTarget",
        "short": "Copy to Organization",
        "formal": "This is used when the orderer designates another organization such as a public health agency to receive results.",
        "synonym": [
          "Ordering Facility"
        ],
        "min": 1,
        "max": "1",
        "constraint": [
          {
            "key": "1",
            "name": "NameandorID",
            "severity": "error",
            "human": "Shall have Organization.name and/or Organization.identifier.",
            "xpath": "exists(f:name) or exists(f:identifier)"
          }
        ],
        "isSummary": false
      },
      {
        "path": "Organization.text",
        "min": 1,
        "max": "1",
        "mustSupport": true,
        "isSummary": false
      },
      {
        "path": "Organization.text.status",
        "min": 1,
        "max": "1",
        "type": [
          {
            "code": "code"
          }
        ],
        "fixedCode": "generated",
        "mustSupport": true,
        "isSummary": false
      },
      {
        "path": "Organization.identifier",
        "min": 0,
        "max": "1",
        "type": [
          {
            "code": "Identifier"
          }
        ],
        "patternIdentifier": {
          "use": "official",
          "label": "NPI",
          "assigner": {
            "reference": "https://nppes.cms.hhs.gov/NPPES/",
            "display": "The Centers for Medicare and Medicaid Services (CMS)  National Plan and Provider Enumeration System (NPPES"
          }
        },
        "condition": [
          "1"
        ],
        "mustSupport": true,
        "isSummary": false
      },
      {
        "path": "Organization.identifier.value",
        "short": "NPI  organization Identifier",
        "formal": "NPI  organization Identifier.",
        "min": 1,
        "max": "1",
        "mustSupport": true,
        "isSummary": false
      },
      {
        "path": "Organization.name",
        "min": 0,
        "max": "1",
        "condition": [
          "1"
        ],
        "mustSupport": true,
        "isSummary": false
      },
      {
        "path": "Organization.telecom",
        "min": 1,
        "max": "*",
        "mustSupport": true,
        "isSummary": false
      },
      {
        "path": "Organization.telecom.system",
        "min": 1,
        "max": "1",
        "mustSupport": true,
        "isSummary": false
      },
      {
        "path": "Organization.telecom.value",
        "min": 1,
        "max": "1",
        "mustSupport": true,
        "isSummary": false
      },
      {
        "path": "Organization.address",
        "min": 1,
        "max": "*",
        "mustSupport": true,
        "isSummary": false
      },
      {
        "path": "Organization.address.use",
        "min": 0,
        "max": "1",
        "mustSupport": true,
        "isSummary": false
      },
      {
        "path": "Organization.address.line",
        "min": 0,
        "max": "2",
        "mustSupport": true,
        "isSummary": false
      },
      {
        "path": "Organization.address.city",
        "min": 0,
        "max": "1",
        "mustSupport": true,
        "isSummary": false
      },
      {
        "path": "Organization.address.state",
        "requirements": "State SHALL be the two letter USPS alphabetic codes.",
        "min": 0,
        "max": "1",
        "type": [
          {
            "code": "code"
          }
        ],
        "mustSupport": true,
        "isSummary": false,
        "binding": {
          "name": "USPSState",
          "isExtensible": true,
          "conformance": "required",
          "description": "Two letter USPS alphabetic codes.",
          "referenceReference": {
            "reference": "http://hl7.org/fhir/vs/usps-state"
          }
        }
      },
      {
        "path": "Organization.address.zip",
        "short": "US Zip Codes",
        "formal": "US Zip Codes.",
        "requirements": "Zip or Postal Code SHALL be formatted as 99999[-9999] for US Zip or ZIP +4 codes.",
        "min": 0,
        "max": "1",
        "condition": [
          "2"
        ],
        "constraint": [
          {
            "key": "2",
            "name": "Regex for Zip",
            "severity": "error",
            "human": "(Zip or Postal Code) SHALL be formatted as 99999[-9999] for US Zip or ZIP +4 codes or as A9A9A9 for Canadian postal codes.",
            "xpath": "f:matches(issued,[0-9]{5}(-[0-9]{4}){0,1} )"
          }
        ],
        "mustSupport": true,
        "isSummary": false
      },
      {
        "path": "Organization.address.country",
        "short": "ISO 3166 3 letter Country Code",
        "formal": "ISO 3166 3 letter Country Code.",
        "requirements": "Country SHALL be ISO 3166 3 letter codes.",
        "min": 0,
        "max": "1",
        "type": [
          {
            "code": "code"
          }
        ],
        "mustSupport": true,
        "isSummary": false,
        "binding": {
          "name": "USLabCountry",
          "isExtensible": true,
          "conformance": "required",
          "description": "ISO 3 letter codes",
          "referenceReference": {
            "reference": "http://hl7.org/fhir/vs/uslab-country-codes"
          }
        }
      },
      {
        "path": "Organization.contact",
        "short": "Medical Director",
        "formal": "The official contact for the laboratory is the medical director.",
        "min": 0,
        "max": "1",
        "mustSupport": true,
        "isSummary": false
      },
      {
        "path": "Organization.contact.name",
        "min": 0,
        "max": "1",
        "type": [
          {
            "code": "HumanName"
          }
        ],
        "mustSupport": true,
        "isSummary": false
      },
      {
        "path": "Organization.contact.name.family",
        "min": 1,
        "max": "1",
        "mustSupport": true,
        "isSummary": false
      },
      {
        "path": "Organization.contact.name.given",
        "comments": "Can be first and middle name or initial.",
        "min": 0,
        "max": "2",
        "mustSupport": true,
        "isSummary": false
      },
      {
        "path": "Organization.contact.name.prefix",
        "min": 0,
        "max": "1",
        "mustSupport": true,
        "isSummary": false
      },
      {
        "path": "Organization.contact.name.suffix",
        "min": 0,
        "max": "1",
        "mustSupport": true,
        "isSummary": false
      }
    ]
  }
}