{"address":[{"city":"Harrisburg","country":"USA","http://example.org/us-core-county":[{"http://example.org//iso21090-SC-coding":[{"valueCoding":{"code":"42043","system":"https://www.census.gov/geo/reference"}}]}],"line":["Firstcare Way","Building 2"],"postalCode":"42043","state":"PA","use":"work"}],"contact":[{"name":{"family":["House"],"given":["Gregory","F"],"prefix":["Dr"],"suffix":["PhD"]}}],"id":"uslab-example3","identifier":[{"assigner":{"display":"The Centers for Medicare and Medicaid Services (CMS)  Clinical Laboratory Improvement Amendments (CLIA)","reference":"http://www.cms.gov/Regulations-and-Guidance/Legislation/CLIA/index.html"},"label":"CLIA","use":"official","value":"01D1111111"}],"name":"Acme Labs","resourceType":"Organization","text":{"div":"<div>\n\t\t\t\n      <ul>\n\t\t\t\t\n        <li>file: org-uslab-example3.xml</li>\n\t\t\t\t\n        <li> id: uslab-example3</li>\n\t\t\t\t\n        <li> Name: USLab Organization Example3 </li>\n\t\t\t\t\n        <li>Description: USLab Performing Lab Organization Profile Canonical Example: Acme Labs</li>\n\t\t\t\n      </ul>\n\t\t\n    </div>","status":"generated"}}