{"address":[{"city":"Den Burg","country":"NLD","line":["Galapagosweg 91"],"postalCode":"9105 PZ","use":"work"},{"city":"Den Burg","country":"NLD","line":["PO Box 2311"],"postalCode":"9100 AA","use":"work"}],"contact":[{"purpose":{"coding":[{"code":"PRESS","system":"http://hl7.org/fhir/contactentity-type"}]},"telecom":[{"system":"phone","value":"022-655 2334"}]},{"purpose":{"coding":[{"code":"PATINF","system":"http://hl7.org/fhir/contactentity-type"}]},"telecom":[{"system":"phone","value":"022-655 2335"}]}],"id":"f001","identifier":[{"system":"urn:oid:2.16.528.1","use":"official","value":"91654"},{"system":"urn:oid:2.16.840.1.113883.2.4.6.1","use":"usual","value":"17-0112278"}],"name":"Burgers University Medical Center","resourceType":"Organization","telecom":[{"system":"phone","use":"work","value":"022-655 2300"}],"type":{"coding":[{"code":"V6","display":"University Medical Hospital","system":"urn:oid:2.16.840.1.113883.2.4.15.1060"},{"code":"prov","display":"Healthcare Provider","system":"http://hl7.org/fhir/organization-type"}]}}