{
  "resourceType": "Organization",
  "id": "f001",
  "identifier": [
    {
      "use": "official",
      "system": "urn:oid:2.16.528.1",
      "value": "91654"
    },
    {
      "use": "usual",
      "system": "urn:oid:2.16.840.1.113883.2.4.6.1",
      "value": "17-0112278"
    }
  ],
  "name": "Burgers University Medical Center",
  "type": {
    "coding": [
      {
        "system": "urn:oid:2.16.840.1.113883.2.4.15.1060",
        "code": "V6",
        "display": "University Medical Hospital"
      },
      {
        "system": "http://hl7.org/fhir/organization-type",
        "code": "prov",
        "display": "Healthcare Provider"
      }
    ]
  },
  "telecom": [
    {
      "system": "phone",
      "value": "022-655 2300",
      "use": "work"
    }
  ],
  "address": [
    {
      "use": "work",
      "line": [
        "Galapagosweg 91"
      ],
      "city": "Den Burg",
      "postalCode": "9105 PZ",
      "country": "NLD"
    },
    {
      "use": "work",
      "line": [
        "PO Box 2311"
      ],
      "city": "Den Burg",
      "postalCode": "9100 AA",
      "country": "NLD"
    }
  ],
  "contact": [
    {
      "purpose": {
        "coding": [
          {
            "system": "http://hl7.org/fhir/contactentity-type",
            "code": "PRESS"
          }
        ]
      },
      "telecom": [
        {
          "system": "phone",
          "value": "022-655 2334"
        }
      ]
    },
    {
      "purpose": {
        "coding": [
          {
            "system": "http://hl7.org/fhir/contactentity-type",
            "code": "PATINF"
          }
        ]
      },
      "telecom": [
        {
          "system": "phone",
          "value": "022-655 2335"
        }
      ]
    }
  ]
}