{"active":true,"address":[{"line":["South Wing, floor 2"]}],"contact":[{"address":{"line":["South Wing, floor 2"]},"name":{"text":"mevr. D. de Haan"},"purpose":{"coding":[{"code":"ADMIN","system":"http://hl7.org/fhir/contactentity-type"}]},"telecom":[{"system":"phone","value":"022-655 2321"},{"system":"email","value":"cardio@burgersumc.nl"},{"system":"fax","value":"022-655 2322"}]}],"id":"f002","name":"Burgers UMC Cardiology unit","partOf":{"reference":"Organization/f001"},"resourceType":"Organization","telecom":[{"system":"phone","value":"022-655 2320"}],"type":{"coding":[{"code":"dept","display":"Hospital Department","system":"http://hl7.org/fhir/organization-type"}]}}