{"active":true,"address":[{"line":["West Wing, floor 5"]}],"contact":[{"address":{"line":["West Wing, floor 5"]},"name":{"text":"mr. F. de Hond"},"purpose":{"coding":[{"code":"ADMIN","system":"http://hl7.org/fhir/contactentity-type"}]},"telecom":[{"system":"phone","value":"022-655 7654"},{"system":"email","value":"KNO@burgersumc.nl"},{"system":"fax","value":"022-655 0998"}]}],"id":"f003","name":"Burgers UMC Ear,Nose,Throat unit","partOf":{"reference":"Organization/f001"},"resourceType":"Organization","telecom":[{"system":"phone","value":"022-655 6780"}],"type":{"coding":[{"code":"dept","display":"Hospital Department","system":"http://hl7.org/fhir/organization-type"}]}}