{
  "resourceType": "Organization",
  "id": "f201",
  "identifier": [
    {
      "use": "official",
      "label": "Zorginstelling naam",
      "system": "http://www.zorgkaartnederland.nl/",
      "value": "Artis University Medical Center"
    }
  ],
  "name": "Artis University Medical Center (AUMC)",
  "type": {
    "coding": [
      {
        "system": "http://snomed.info/sct",
        "code": "405608006",
        "display": "Academic Medical Center"
      },
      {
        "system": "urn:oid:2.16.840.1.113883.2.4.15.1060",
        "code": "V6",
        "display": "University Medical Hospital"
      },
      {
        "system": "http://hl7.org/fhir/organization-type",
        "code": "prov",
        "display": "Healthcare Provider"
      }
    ]
  },
  "telecom": [
    {
      "system": "phone",
      "value": "+31715269111",
      "use": "work"
    }
  ],
  "address": [
    {
      "use": "work",
      "line": [
        "Walvisbaai 3"
      ],
      "city": "Den Helder",
      "postalCode": "2333ZA",
      "country": "NLD"
    }
  ],
  "contact": [
    {
      "name": {
        "use": "official",
        "text": "Professor Brand",
        "family": [
          "Brand"
        ],
        "given": [
          "Ronald"
        ],
        "prefix": [
          "Prof.Dr."
        ]
      },
      "telecom": [
        {
          "system": "phone",
          "value": "+31715269702",
          "use": "work"
        }
      ],
      "address": {
        "line": [
          "Walvisbaai 3",
          "Gebouw 2"
        ],
        "city": "Den helder",
        "postalCode": "2333ZA",
        "country": "NLD"
      }
    }
  ],
  "active": true
}