{"id":"1832473e-2fe0-452d-abe9-3cdb9879522f","identifier":[{"system":"http://www.acme.org.au/units","value":"ClinLab"}],"name":"Clinical Lab","resourceType":"Organization","telecom":[{"system":"phone","use":"work","value":"+1 555 234 1234"},{"system":"email","use":"work","value":"contact@labs.acme.org"}],"text":{"div":"<div>\n      \n      <p>Clinical Laboratory @ Acme Hospital. ph: +1 555 234 1234, email: \n        <a href=\"mailto:contact@labs.acme.org\">contact@labs.acme.org</a>\n      </p>\n    \n    </div>","status":"generated"}}