{"id":"1","identifier":[{"system":"http://www.acme.org.au/units","value":"Gastro"}],"name":"Gastroenterology","partOf":{"display":"ACME Healthcare, Inc","reference":"Organization/1"},"resourceType":"Organization","telecom":[{"system":"phone","use":"mobile","value":"+1 555 234 3523"},{"system":"email","use":"work","value":"gastro@acme.org"}],"text":{"div":"<div>\n      \n      <p>Gastroenterology @ Acme Hospital. ph: +1 555 234 3523, email: \n        <a href=\"mailto:gastro@acme.org\">gastro@acme.org</a>\n      </p>\n    \n    </div>","status":"generated"}}