{"active":true,"address":[{"city":"Den Helder","country":"NLD","line":["Walvisbaai 3"],"postalCode":"2333ZA","use":"work"}],"contact":[{"address":{"city":"Den helder","country":"NLD","line":["Walvisbaai 3","Gebouw 2"],"postalCode":"2333ZA"},"name":{"family":["Brand"],"given":["Ronald"],"prefix":["Prof.Dr."],"text":"Professor Brand","use":"official"},"telecom":[{"system":"phone","use":"work","value":"+31715269702"}]}],"id":"f201","identifier":[{"label":"Zorginstelling naam","system":"http://www.zorgkaartnederland.nl/","use":"official","value":"Artis University Medical Center"}],"name":"Artis University Medical Center (AUMC)","resourceType":"Organization","telecom":[{"system":"phone","use":"work","value":"+31715269111"}],"type":{"coding":[{"code":"405608006","display":"Academic Medical Center","system":"http://snomed.info/sct"},{"code":"V6","display":"University Medical Hospital","system":"urn:oid:2.16.840.1.113883.2.4.15.1060"},{"code":"prov","display":"Healthcare Provider","system":"http://hl7.org/fhir/organization-type"}]}}