{"active":true,"address":[{"city":"Blijdorp","country":"NLD","line":["apenrots 230"],"postalCode":"3056BE","use":"work"}],"id":"f203","identifier":[{"label":"Zorginstelling naam","system":"http://www.zorgkaartnederland.nl/","use":"official","value":"Blijdorp MC"}],"name":"Blijdorp Medisch Centrum (BUMC)","resourceType":"Organization","telecom":[{"system":"phone","use":"work","value":"+31107040704"}],"type":{"coding":[{"code":"405608006","display":"Academic Medical Center","system":"http://snomed.info/sct"},{"code":"prov","system":"http://hl7.org/fhir/organization-type"}]}}