{
  "resourceType": "Organization",
  "id": "1",
  "text": {
    "status": "generated",
    "div": "<div>\n      \n      <p>Gastroenterology @ Acme Hospital. ph: +1 555 234 3523, email: \n        <a href=\"mailto:gastro@acme.org\">gastro@acme.org</a>\n      </p>\n    \n    </div>"
  },
  "identifier": [
    {
      "system": "http://www.acme.org.au/units",
      "value": "Gastro"
    }
  ],
  "name": "Gastroenterology",
  "telecom": [
    {
      "system": "phone",
      "value": "+1 555 234 3523",
      "use": "mobile"
    },
    {
      "system": "email",
      "value": "gastro@acme.org",
      "use": "work"
    }
  ],
  "partOf": {
    "reference": "Organization/1",
    "display": "ACME Healthcare, Inc"
  }
}