{
  "resourceType": "Organization",
  "id": "f203",
  "identifier": [
    {
      "use": "official",
      "label": "Zorginstelling naam",
      "system": "http://www.zorgkaartnederland.nl/",
      "value": "Blijdorp MC"
    }
  ],
  "name": "Blijdorp Medisch Centrum (BUMC)",
  "type": {
    "coding": [
      {
        "system": "http://snomed.info/sct",
        "code": "405608006",
        "display": "Academic Medical Center"
      },
      {
        "system": "http://hl7.org/fhir/organization-type",
        "code": "prov"
      }
    ]
  },
  "telecom": [
    {
      "system": "phone",
      "value": "+31107040704",
      "use": "work"
    }
  ],
  "address": [
    {
      "use": "work",
      "line": [
        "apenrots 230"
      ],
      "city": "Blijdorp",
      "postalCode": "3056BE",
      "country": "NLD"
    }
  ],
  "active": true
}