{
  "resourceType": "Organization",
  "id": "f002",
  "name": "Burgers UMC Cardiology unit",
  "type": {
    "coding": [
      {
        "system": "http://hl7.org/fhir/organization-type",
        "code": "dept",
        "display": "Hospital Department"
      }
    ]
  },
  "telecom": [
    {
      "system": "phone",
      "value": "022-655 2320"
    }
  ],
  "address": [
    {
      "line": [
        "South Wing, floor 2"
      ]
    }
  ],
  "partOf": {
    "reference": "Organization/f001"
  },
  "contact": [
    {
      "purpose": {
        "coding": [
          {
            "system": "http://hl7.org/fhir/contactentity-type",
            "code": "ADMIN"
          }
        ]
      },
      "name": {
        "text": "mevr. D. de Haan"
      },
      "telecom": [
        {
          "system": "phone",
          "value": "022-655 2321"
        },
        {
          "system": "email",
          "value": "cardio@burgersumc.nl"
        },
        {
          "system": "fax",
          "value": "022-655 2322"
        }
      ],
      "address": {
        "line": [
          "South Wing, floor 2"
        ]
      }
    }
  ],
  "active": true
}