{
  "resourceType": "Other",
  "id": "other-example-narrative",
  "text": {
    "status": "additional",
    "div": "<div>\n      \n      <h1>Example Narrative</h1> \n      \n      <h2>Plain HTML, No Styles</h2> \n      \n      <h3>Heading 3</h3>\n      \n      <h4>Heading 4</h4>\n      \n      <h5>Heading 5</h5>\n      \n      <h6>Heading 6</h6>\n      \n      <p>\n        Paragraph. \n        <span>span</span>. \n        <a href=\"#link\">Link</a>. \n        <b>Bold</b>, br:\n        <br/> \n        <em>em</em>, \n        <i>Italics</i>,\n        \n        <strong>strong</strong>, \n        <small>small</small>, \n        <big>big</big> \n        <tt>Teletype Text</tt>, \n        <small>small</small>, \n        \n        <dfn>Definition term</dfn>, \n        <q>q</q>, \n        <var>var</var>.\n        All provided by \n        \n        <abbr title=\"Health Level 7\">HL7</abbr>, for \n        <acronym title=\"Fast Healthcare Interoperability Resources\">FHIR</acronym> (\n        <cite>cite</cite>).\n      \n      </p>\n      \n      <blockquote>\n        \n        <p>Paragraph in a blockquote, with an hr after it:</p>\n      \n      </blockquote>\n      \n      <hr/>\n      \n      <div>\n      \n        <p>Paragraph in a div (\n          <a name=\"link\">Link Target</a>)\n        </p>\n      \n      </div>   \n      \n      <ul>\n        \n        <li>Unordered List Item</li>      \n      \n      </ul>   \n      \n      <ol>\n        \n        <li>Ordered List Item</li>\n      \n      </ol>\n      \n      <dl>\n        \n        <dt>DT Item</dt>\n        <dd>DD Item</dd>\n      \n      </dl>\n      \n      <pre>\n        Some Pre Text\n          with a line break\n      </pre>\n      \n      <p>Table:</p>\n      \n      <table>\n        \n        <caption>Table Caption</caption>\n        \n        <colgroup>\n          \n          <col style=\"background-color:red\" span=\"2\"/>\n          \n          <col style=\"background-color:yellow\"/>\n        \n        </colgroup>      \n        \n        <thead>\n          \n          <tr>\n            \n            <th>Head Cell 1</th>\n            \n            <th>Head Cell 2</th>\n            \n            <th>Head Cell 3</th>\n          \n          </tr>\n        \n        </thead>\n        \n        <tfoot>\n          \n          <tr>\n            \n            <td>Foot Cell 1</td>\n            \n            <td>Foot Cell 2</td>\n            \n            <td>Foot Cell 3</td>\n          \n          </tr>\n        \n        </tfoot>\n        \n        <tbody>\n          \n          <tr>\n            \n            <td>Body Cell 1</td>\n            \n            <td>Body Cell 2</td>\n            \n            <td>Body Cell 3</td>\n          \n          </tr>\n        \n        </tbody>\n      \n      </table>\n      \n      <code>Code Block</code>\n      \n      <samp>Sample Block</samp>\n      \n      <h2>External Styles</h2> \n      \n      <h3>Text:</h3> \n      \n      <p>Example Text: \n        <span class=\"bold\">bold</span>, \n        <span class=\"italics\">italics</span>, \n        <span class=\"underline\">underline</span> \n        and \n        <span class=\"strikethrough\">strikethrough</span>\n      </p>\n      \n      <p class=\"left\">This paragraph is left aligned. The content should be laid out aligned at the left of the screen. The content should be laid out aligned at the left of the screen. The content should be laid out aligned at the left of the screen. The content should be laid out aligned at the left of the screen. The content should be laid out aligned at the left of the screen. </p>  \n      \n      <p class=\"right\">This paragraph is right aligned. The content should be laid out aligned at the right of the screen. The content should be laid out aligned at the right of the screen. The content should be laid out aligned at the right of the screen. The content should be laid out aligned at the right of the screen. The content should be laid out aligned at the right of the screen. </p>  \n      \n      <p class=\"center\">This paragraph is center aligned. The content should be laid out aligned at the center of the screen. The content should be laid out aligned at the center of the screen. The content should be laid out aligned at the center of the screen. The content should be laid out aligned at the center of the screen. The content should be laid out aligned at the center of the screen. </p>  \n      \n      <p class=\"justify\">This paragraph is justified. The content should be laid out aligned at both the left and right of the screen. The content should be laid out aligned at both the left and right of the screen. The content should be laid out aligned at both the left and right of the screen. The content should be laid out aligned at both the left and right of the screen. The content should be laid out aligned at both the left and right of the screen.  </p>  \n      \n      <h3>Table:</h3> \n      \n      <table>\n        \n        <tr>\n          \n          <td class=\"border-left\">Border Left</td>\n          \n          <td class=\"border-right\">Border Right</td>\n          \n          <td class=\"border-top\">Border Top</td>\n          \n          <td class=\"border-bottom\">Border Bottom</td>\n        \n        </tr>\n      \n      </table>\n      \n      <h3>List:</h3> \n      \n      <ol class=\"arabic\">\n        \n        <li>arabic (Item 1)</li>\n        \n        <li>Item Two</li>\n      \n      </ol>\n      \n      <ol class=\"little-roman\">\n        \n        <li>little-roman (Item 1)</li>\n        \n        <li>Item Two</li>\n      \n      </ol>\n      \n      <ol class=\"big-roman\">\n        \n        <li>big-roman (Item 1)</li>\n        \n        <li>Item Two</li>\n      \n      </ol>\n      \n      <ol class=\"little-alpha\">\n        \n        <li>little-alpha (Item 1)</li>\n        \n        <li>Item Two</li>\n      \n      </ol>\n      \n      <ol class=\"big-alpha\">\n        \n        <li>big-alpha (Item 1)</li>\n        \n        <li>Item Two</li>\n      \n      </ol>\n      \n      <ul class=\"disc\">\n        \n        <li>disc (Item 1)</li>\n        \n        <li>Item Two</li>\n      \n      </ul>\n      \n      <ul class=\"circle\">\n        \n        <li>circle (Item 1)</li>\n        \n        <li>Item Two</li>\n      \n      </ul>\n      \n      <ul class=\"square\">\n        \n        <li>square (Item 1)</li>\n        \n        <li>Item Two</li>\n      \n      </ul>\n      \n      <h2>Internal Styles</h2>\n      \n      <p>Example Text: \n        <span style=\"font-weight: bold\">bold</span>, \n        <span style=\"font-style: italics\">italics</span>, \n        <span style=\"text-decoration: underline\">underline</span> \n        and \n        <span style=\"text-decoration: line-through\">strikethrough</span>. \n        Font-Family \n        <span style=\"font-family: serif\">Serif</span> and \n        <span style=\"font-family: sans-serif\">Sans Serif</span>, \n        Font-size \n        <span style=\"font-size: 50%\">50%</span> \n        <span style=\"font-size: 80%\">80%</span> \n        <span style=\"font-size: 150%\">150%</span>, \n        Font-Color  \n        <span style=\"color: navy\">Navy</span> \n        <span style=\"color: maroon\">Maroon</span> \n        <span style=\"color: brown\">Brown</span>,\n        Background-color \n        <span style=\"background-color: aqua\">Aqua</span> \n        <span style=\"color: silver\">Silver</span> \n        <span style=\"color: pink\">Pink</span>.\n       \n      </p>\n       \n      <p>\n         Whitespace Control:\n       </p>\n       \n      <p style=\"white-space: normal\">Normal    Whitespace\n          Test, long long long long long long long long long long long long long long long long long long long long long long long long long long long long long long long long long long long long long long long long long long long long long sentence</p>\n       \n      <p style=\"white-space: nowrap\">No-Wrap    Whitespace\n          Test, long long long long long long long long long long long long long long long long long long long long long long long long long long long long long long long long long long long long long long long long long long long long long sentence</p>\n       \n      <p style=\"white-space: pre\">Pre    Whitespace\n          Test, long long long long long long long long long long long long long long long long long long long long long long long long long long long long long long long long long long long long long long long long long long long long long sentence</p>\n       \n      <p style=\"white-space: pre-line\">Pre-Line    Whitespace\n          Test, long long long long long long long long long long long long long long long long long long long long long long long long long long long long long long long long long long long long long long long long long long long long long sentence</p>\n       \n      <p style=\"white-space: pre-wrap\">Pre-Wrap    Whitespace\n          Test, long long long long long long long long long long long long long long long long long long long long long long long long long long long long long long long long long long long long long long long long long long long long long sentence</p>\n        \n      \n      <p style=\"text-align: left\">This paragraph is left aligned. The content should be laid out aligned at the left of the screen. The content should be laid out aligned at the left of the screen. The content should be laid out aligned at the left of the screen. The content should be laid out aligned at the left of the screen. The content should be laid out aligned at the left of the screen. </p>  \n      \n      <p style=\"text-align: right\">This paragraph is right aligned. The content should be laid out aligned at the right of the screen. The content should be laid out aligned at the right of the screen. The content should be laid out aligned at the right of the screen. The content should be laid out aligned at the right of the screen. The content should be laid out aligned at the right of the screen. </p>  \n      \n      <p style=\"text-align: center\">This paragraph is center aligned. The content should be laid out aligned at the center of the screen. The content should be laid out aligned at the center of the screen. The content should be laid out aligned at the center of the screen. The content should be laid out aligned at the center of the screen. The content should be laid out aligned at the center of the screen. </p>  \n      \n      <p style=\"text-align: justify\">This paragraph is justified. The content should be laid out aligned at both the left and right of the screen. The content should be laid out aligned at both the left and right of the screen. The content should be laid out aligned at both the left and right of the screen. The content should be laid out aligned at both the left and right of the screen. The content should be laid out aligned at both the left and right of the screen.  </p>  \n      \n      \n      <ol style=\"list-style-type: armenian\">\n        \n        <li>armenian (Item 1)</li>\n        \n        <li>Item Two</li>\n      \n      </ol>      \t\n      \n      <ol style=\"list-style-type: cjk-ideographic\">\n        \n        <li>cjk-ideographic\t(Item 1)</li>\n        \n        <li>Item Two</li>\n      \n      </ol>\n      \n      <ol style=\"list-style-type: decimal\">\n        \n        <li>decimal\t(Item 1)</li>\n        \n        <li>Item Two</li>\n      \n      </ol>\n      \n      <ol style=\"list-style-type: decimal-leading-zero\">\n        \n        <li>decimal-leading-zero\t(Item 1)</li>\n        \n        <li>Item Two</li>\n      \n      </ol>\n      \n      <ol style=\"list-style-type: georgian\">\n        \n        <li>georgian\t(Item 1)</li>\n        \n        <li>Item Two</li>\n      \n      </ol>\n      \n      <ol style=\"list-style-type: hebrew\">\n        \n        <li>hebrew\t(Item 1)</li>\n        \n        <li>Item Two</li>\n      \n      </ol>\n      \n      <ol style=\"list-style-type: hiragana\">\n        \n        <li>hiragana\t(Item 1)</li>\n        \n        <li>Item Two</li>\n      \n      </ol>\n      \n      <ol style=\"list-style-type: hiragana-iroha\">\n        \n        <li>hiragana-iroha\t(Item 1)</li>\n        \n        <li>Item Two</li>\n      \n      </ol>\n      \n      <ol style=\"list-style-type: inherit\">\n        \n        <li>inherit\t(Item 1)</li>\n        \n        <li>Item Two</li>\n      \n      </ol>\n      \n      <ol style=\"list-style-type: katakana\">\n        \n        <li>katakana\t(Item 1)</li>\n        \n        <li>Item Two</li>\n      \n      </ol>\n      \n      <ol style=\"list-style-type: katakana-iroha\">\n        \n        <li>katakana-iroha\t(Item 1)</li>\n        \n        <li>Item Two</li>\n      \n      </ol>\n      \n      <ol style=\"list-style-type: lower-alpha\">\n        \n        <li>lower-alpha\t(Item 1)</li>\n        \n        <li>Item Two</li>\n      \n      </ol>\n      \n      <ol style=\"list-style-type: lower-greek\">\n        \n        <li>lower-greek\t(Item 1)</li>\n        \n        <li>Item Two</li>\n      \n      </ol>\n      \n      <ol style=\"list-style-type: lower-latin\">\n        \n        <li>lower-latin\t(Item 1)</li>\n        \n        <li>Item Two</li>\n      \n      </ol>\n      \n      <ol style=\"list-style-type: lower-roman\">\n        \n        <li>lower-roman\t(Item 1)</li>\n        \n        <li>Item Two</li>\n      \n      </ol>\n      \n      <ol style=\"list-style-type: none\">\n        \n        <li>none\t(Item 1)</li>\n        \n        <li>Item Two</li>\n      \n      </ol>\n      \n      <ol style=\"list-style-type: upper-alpha\">\n        \n        <li>upper-alpha\t(Item 1)</li>\n        \n        <li>Item Two</li>\n      \n      </ol>\n      \n      <ol style=\"list-style-type: upper-latin\">\n        \n        <li>upper-latin\t(Item 1)</li>\n        \n        <li>Item Two</li>\n      \n      </ol>\n      \n      <ol style=\"list-style-type: upper-roman\">\n        \n        <li>upper-roman\t(Item 1)</li>\n        \n        <li>Item Two</li>\n      \n      </ol>\n      \n      <ol style=\"list-style-type: upper-roman\">\n        \n        <li>upper-roman\t(Item 1)</li>\n        \n        <li>Item Two</li>\n      \n      </ol>\n      \n    \n    </div>"
  },
  "code": {
    "text": "Example Narrative Tester"
  }
}