{"active":true,"birthDate":"1966-04-04","deceasedBoolean":false,"gender":"female","http://hl7.org/fhir/ExtensionDefinition/us-core-race":[{"valueCodeableConcept":{"coding":[{"code":"2106-3","display":"white","system":"urn:oid:2.16.840.1.113883.6.238"}]}}],"id":"proband","identifier":[{"assigner":{"display":"Boston Massachesetts General Hospital"},"label":"Computer-Stored Abulatory Records (COSTAR)","system":"urn:oid:2.16.840.1.113883.6.117","use":"usual","value":"999999999"}],"resourceType":"Patient","text":{"div":"<div>\n      \n      <p>\n        \n        <b>Annie Proband</b>: Female, born 1966-04-04\n      </p>\n    \n    </div>","status":"generated"}}