{"active":true,"address":[{"city":"Amsterdam","country":"NLD","line":["Van Egmondkade 23"],"postalCode":"1024 RJ","use":"home"}],"birthDate":"1944-11-17","communication":[{"coding":[{"code":"nl","display":"Dutch","system":"urn:ietf:bcp:47"}],"text":"Nederlands"}],"contact":[{"name":{"family":["Abels"],"given":["Sarah"],"use":"usual"},"relationship":[{"coding":[{"code":"partner","system":"http://hl7.org/fhir/patient-contact-relationship"}]}],"telecom":[{"system":"phone","use":"mobile","value":"0690383372"}]}],"deceasedBoolean":false,"gender":"male","id":"f001","identifier":[{"system":"urn:oid:2.16.840.1.113883.2.4.6.3","use":"usual","value":"738472983"},{"system":"urn:oid:2.16.840.1.113883.2.4.6.3","use":"usual"}],"managingOrganization":{"display":"Burgers University Medical Centre","reference":"Organization/f001"},"maritalStatus":{"coding":[{"code":"M","display":"Married","system":"http://hl7.org/fhir/v3/MaritalStatus"}],"text":"Getrouwd"},"multipleBirthBoolean":true,"name":[{"family":["van de Heuvel"],"given":["Pieter"],"suffix":["MSc"],"use":"usual"}],"resourceType":"Patient","telecom":[{"system":"phone","use":"mobile","value":"0648352638"},{"system":"email","use":"home","value":"p.heuvel@gmail.com"}]}