{"active":true,"address":[{"city":"Metropolis","country":"USA","line":["100 Main St"],"postalCode":"44130","state":"Il"}],"birthDate":"1956-05-27","gender":"male","id":"xds","identifier":[{"label":"MRN","system":"urn:oid:1.2.3.4.5","use":"usual","value":"89765a87b"}],"managingOrganization":{"reference":"Organization/2"},"name":[{"family":["Doe"],"given":["John"]}],"resourceType":"Patient","text":{"div":"<div>\n      \n      <p>Patient John Doe, M, 27-May 1956. ID: 89765a87b</p>\n    \n    </div>","status":"generated"}}