{"entry":[{"resource":{"active":true,"address":[{"line":["2222 Home Street"],"use":"home"}],"birthDate":"1973-05-31","gender":"female","id":"1","identifier":[{"label":"SSN","system":"http://hl7.org/fhir/sid/us-ssn","value":"444222222"}],"managingOrganization":{"reference":"Organization/hl7"},"meta":{"lastUpdated":"2012-05-29T23:45:32Z"},"name":[{"family":["Everywoman"],"given":["Eve"],"use":"official"}],"resourceType":"Patient","telecom":[{"system":"phone","use":"work","value":"555-555-2003"}],"text":{"div":"<div>Everywoman, Eve. SSN:\n            444222222</div>","status":"generated"}}},{"resource":{"active":true,"address":[{"line":["2222 Home Street"],"use":"home"}],"gender":"male","id":"2","identifier":[{"label":"SSN","system":"http://hl7.org/fhir/sid/us-ssn","value":"444333333"}],"managingOrganization":{"reference":"Organization/hl7"},"meta":{"lastUpdated":"2012-05-29T23:45:32Z"},"name":[{"family":["Everyman"],"given":["Adam"],"use":"official"}],"resourceType":"Patient","telecom":[{"system":"phone","use":"work","value":"555-555-2004"}],"text":{"div":"<div>Everyman, Adam. SSN:\n            444333333</div>","status":"generated"}}},{"resource":{"active":true,"address":[{"line":["2222 Home Street"],"use":"home"}],"gender":"female","id":"3","identifier":[{"label":"SSN","system":"http://hl7.org/fhir/sid/us-ssn","value":"444555555"}],"managingOrganization":{"reference":"Organization/hl7"},"meta":{"lastUpdated":"2012-05-29T23:45:32Z"},"name":[{"family":["Kidd"],"given":["Kari"],"use":"official"}],"resourceType":"Patient","telecom":[{"system":"phone","use":"work","value":"555-555-2005"}],"text":{"div":"<div>Kidd, Kari. SSN:\n            444555555</div>","status":"generated"}}},{"resource":{"active":true,"address":[{"line":["6666 Home Street"],"use":"home"}],"gender":"female","id":"4","identifier":[{"label":"SSN","system":"http://hl7.org/fhir/sid/us-ssn","value":"444114567"}],"managingOrganization":{"reference":"Organization/hl7"},"meta":{"lastUpdated":"2012-05-29T23:45:32Z"},"name":[{"family":["Nuclear"],"given":["Nancy"],"use":"official"}],"resourceType":"Patient","telecom":[{"system":"phone","use":"work","value":"555-555-5001"}],"text":{"div":"<div>Nuclear, Nancy. SSN:\n            444114567</div>","status":"generated"}}},{"resource":{"active":true,"address":[{"line":["6666 Home Street"],"use":"home"}],"gender":"male","id":"5","identifier":[{"label":"SSN","system":"http://hl7.org/fhir/sid/us-ssn","value":"444111234"}],"managingOrganization":{"reference":"Organization/hl7"},"meta":{"lastUpdated":"2012-05-29T23:45:32Z"},"name":[{"family":["Nuclear"],"given":["Neville"],"use":"official"}],"resourceType":"Patient","telecom":[{"system":"phone","use":"work","value":"555-555-5001"}],"text":{"div":"<div>Nuclear, Neville. SSN:\n            444111234</div>","status":"generated"}}},{"resource":{"active":true,"address":[{"line":["6666 Home Street"],"use":"home"}],"gender":"male","id":"6","identifier":[{"label":"SSN","system":"http://hl7.org/fhir/sid/us-ssn","value":"444113456"}],"managingOrganization":{"reference":"Organization/hl7"},"meta":{"lastUpdated":"2012-05-29T23:45:32Z"},"name":[{"family":["Nuclear"],"given":["Ned"],"use":"official"}],"resourceType":"Patient","telecom":[{"system":"phone","use":"work","value":"555-555-5001"}],"text":{"div":"<div>Nuclear, Ned. SSN:\n            444113456</div>","status":"generated"}}},{"resource":{"active":true,"address":[{"line":["6666 Home Street"],"use":"home"}],"gender":"female","id":"7","identifier":[{"label":"SSN","system":"http://hl7.org/fhir/sid/us-ssn","value":"444112345"}],"managingOrganization":{"reference":"Organization/hl7"},"meta":{"lastUpdated":"2012-05-29T23:45:32Z"},"name":[{"family":["Nuclear"],"given":["Nelda"],"use":"official"}],"resourceType":"Patient","telecom":[{"system":"phone","use":"work","value":"555-555-5001"}],"text":{"div":"<div>Nuclear, Nelda. SSN:\n            444112345</div>","status":"generated"}}},{"resource":{"active":true,"address":[{"line":["4444 Home Street"],"use":"home"}],"gender":"female","id":"8","identifier":[{"label":"SSN","system":"http://hl7.org/fhir/sid/us-ssn","value":"444666666"}],"managingOrganization":{"reference":"Organization/hl7"},"meta":{"lastUpdated":"2012-05-29T23:45:32Z"},"name":[{"family":["Mum"],"given":["Martha"],"use":"official"}],"resourceType":"Patient","telecom":[{"system":"phone","use":"work","value":"555-555-2006"}],"text":{"div":"<div>Mum, Martha. SSN:\n            444666666</div>","status":"generated"}}},{"resource":{"_gender":{"http://example.org/Profile/administrative-status":[{"valueCodeableConcept":{"coding":[{"code":"FTM","display":"female-to-male","system":"http://example.org/fhir/v2/administrative-status"}]}}]},"active":true,"address":[{"line":["4444 Home Street"],"use":"home"}],"deceasedDateTime":"2002-08-24","gender":"other","id":"9","identifier":[{"label":"SSN","system":"http://hl7.org/fhir/sid/us-ssn","value":"444777777"}],"managingOrganization":{"reference":"Organization/hl7"},"meta":{"lastUpdated":"2012-05-29T23:45:32Z"},"name":[{"family":["Sons"],"given":["Stuart"],"use":"official"}],"resourceType":"Patient","telecom":[{"system":"phone","use":"work","value":"555-555-2007"}],"text":{"div":"<div>Sons, Stuart. SSN:\n            444777777</div>","status":"generated"}}},{"resource":{"active":true,"address":[{"line":["2222 Home Street"],"use":"home"}],"gender":"male","id":"10","identifier":[{"label":"SSN","system":"http://hl7.org/fhir/sid/us-ssn","value":"444888888"}],"managingOrganization":{"reference":"Organization/hl7"},"meta":{"lastUpdated":"2012-05-29T23:45:32Z"},"name":[{"family":["Betterhalf"],"given":["Boris"],"use":"official"}],"resourceType":"Patient","telecom":[{"system":"phone","use":"work","value":"555-555-2008"}],"text":{"div":"<div>Betterhalf, Boris. SSN:\n            444888888</div>","status":"generated"}}},{"resource":{"active":true,"address":[{"line":["4444 Home Street"],"use":"home"}],"gender":"male","id":"11","identifier":[{"label":"SSN","system":"http://hl7.org/fhir/sid/us-ssn","value":"444999999"}],"managingOrganization":{"reference":"Organization/hl7"},"meta":{"lastUpdated":"2012-05-29T23:45:32Z"},"name":[{"family":["Relative"],"given":["Ralph"],"use":"official"}],"resourceType":"Patient","telecom":[{"system":"phone","use":"work","value":"555-555-2009"}],"text":{"div":"<div>Relative, Ralph. SSN:\n            444999999</div>","status":"generated"}}},{"resource":{"active":true,"address":[{"line":["5555 Home Street"],"use":"home"}],"gender":"female","id":"12","identifier":[{"label":"SSN","system":"http://hl7.org/fhir/sid/us-ssn","value":"555222222"}],"managingOrganization":{"reference":"Organization/hl7"},"meta":{"lastUpdated":"2012-05-29T23:45:32Z"},"name":[{"family":["Contact"],"given":["Carrie"],"use":"official"}],"resourceType":"Patient","telecom":[{"system":"phone","use":"work","value":"555-555-2010"}],"text":{"div":"<div>Contact, Carrie. SSN:\n            555222222</div>","status":"generated"}}}],"id":"b248b1b2-1686-4b94-9936-37d7a5f94b51","meta":{"lastUpdated":"2012-05-29T23:45:32Z"},"resourceType":"Bundle","type":"collection"}