{
  "resourceType": "Bundle",
  "id": "b248b1b2-1686-4b94-9936-37d7a5f94b51",
  "meta": {
    "lastUpdated": "2012-05-29T23:45:32Z"
  },
  "type": "collection",
  "entry": [
    {
      "resource": {
        "resourceType": "Patient",
        "id": "1",
        "meta": {
          "lastUpdated": "2012-05-29T23:45:32Z"
        },
        "text": {
          "status": "generated",
          "div": "<div>Everywoman, Eve. SSN:\n            444222222</div>"
        },
        "identifier": [
          {
            "label": "SSN",
            "system": "http://hl7.org/fhir/sid/us-ssn",
            "value": "444222222"
          }
        ],
        "name": [
          {
            "use": "official",
            "family": [
              "Everywoman"
            ],
            "given": [
              "Eve"
            ]
          }
        ],
        "telecom": [
          {
            "system": "phone",
            "value": "555-555-2003",
            "use": "work"
          }
        ],
        "gender": "female",
        "birthDate": "1973-05-31",
        "address": [
          {
            "use": "home",
            "line": [
              "2222 Home Street"
            ]
          }
        ],
        "managingOrganization": {
          "reference": "Organization/hl7"
        },
        "active": true
      }
    },
    {
      "resource": {
        "resourceType": "Patient",
        "id": "2",
        "meta": {
          "lastUpdated": "2012-05-29T23:45:32Z"
        },
        "text": {
          "status": "generated",
          "div": "<div>Everyman, Adam. SSN:\n            444333333</div>"
        },
        "identifier": [
          {
            "label": "SSN",
            "system": "http://hl7.org/fhir/sid/us-ssn",
            "value": "444333333"
          }
        ],
        "name": [
          {
            "use": "official",
            "family": [
              "Everyman"
            ],
            "given": [
              "Adam"
            ]
          }
        ],
        "telecom": [
          {
            "system": "phone",
            "value": "555-555-2004",
            "use": "work"
          }
        ],
        "gender": "male",
        "address": [
          {
            "use": "home",
            "line": [
              "2222 Home Street"
            ]
          }
        ],
        "managingOrganization": {
          "reference": "Organization/hl7"
        },
        "active": true
      }
    },
    {
      "resource": {
        "resourceType": "Patient",
        "id": "3",
        "meta": {
          "lastUpdated": "2012-05-29T23:45:32Z"
        },
        "text": {
          "status": "generated",
          "div": "<div>Kidd, Kari. SSN:\n            444555555</div>"
        },
        "identifier": [
          {
            "label": "SSN",
            "system": "http://hl7.org/fhir/sid/us-ssn",
            "value": "444555555"
          }
        ],
        "name": [
          {
            "use": "official",
            "family": [
              "Kidd"
            ],
            "given": [
              "Kari"
            ]
          }
        ],
        "telecom": [
          {
            "system": "phone",
            "value": "555-555-2005",
            "use": "work"
          }
        ],
        "gender": "female",
        "address": [
          {
            "use": "home",
            "line": [
              "2222 Home Street"
            ]
          }
        ],
        "managingOrganization": {
          "reference": "Organization/hl7"
        },
        "active": true
      }
    },
    {
      "resource": {
        "resourceType": "Patient",
        "id": "4",
        "meta": {
          "lastUpdated": "2012-05-29T23:45:32Z"
        },
        "text": {
          "status": "generated",
          "div": "<div>Nuclear, Nancy. SSN:\n            444114567</div>"
        },
        "identifier": [
          {
            "label": "SSN",
            "system": "http://hl7.org/fhir/sid/us-ssn",
            "value": "444114567"
          }
        ],
        "name": [
          {
            "use": "official",
            "family": [
              "Nuclear"
            ],
            "given": [
              "Nancy"
            ]
          }
        ],
        "telecom": [
          {
            "system": "phone",
            "value": "555-555-5001",
            "use": "work"
          }
        ],
        "gender": "female",
        "address": [
          {
            "use": "home",
            "line": [
              "6666 Home Street"
            ]
          }
        ],
        "managingOrganization": {
          "reference": "Organization/hl7"
        },
        "active": true
      }
    },
    {
      "resource": {
        "resourceType": "Patient",
        "id": "5",
        "meta": {
          "lastUpdated": "2012-05-29T23:45:32Z"
        },
        "text": {
          "status": "generated",
          "div": "<div>Nuclear, Neville. SSN:\n            444111234</div>"
        },
        "identifier": [
          {
            "label": "SSN",
            "system": "http://hl7.org/fhir/sid/us-ssn",
            "value": "444111234"
          }
        ],
        "name": [
          {
            "use": "official",
            "family": [
              "Nuclear"
            ],
            "given": [
              "Neville"
            ]
          }
        ],
        "telecom": [
          {
            "system": "phone",
            "value": "555-555-5001",
            "use": "work"
          }
        ],
        "gender": "male",
        "address": [
          {
            "use": "home",
            "line": [
              "6666 Home Street"
            ]
          }
        ],
        "managingOrganization": {
          "reference": "Organization/hl7"
        },
        "active": true
      }
    },
    {
      "resource": {
        "resourceType": "Patient",
        "id": "6",
        "meta": {
          "lastUpdated": "2012-05-29T23:45:32Z"
        },
        "text": {
          "status": "generated",
          "div": "<div>Nuclear, Ned. SSN:\n            444113456</div>"
        },
        "identifier": [
          {
            "label": "SSN",
            "system": "http://hl7.org/fhir/sid/us-ssn",
            "value": "444113456"
          }
        ],
        "name": [
          {
            "use": "official",
            "family": [
              "Nuclear"
            ],
            "given": [
              "Ned"
            ]
          }
        ],
        "telecom": [
          {
            "system": "phone",
            "value": "555-555-5001",
            "use": "work"
          }
        ],
        "gender": "male",
        "address": [
          {
            "use": "home",
            "line": [
              "6666 Home Street"
            ]
          }
        ],
        "managingOrganization": {
          "reference": "Organization/hl7"
        },
        "active": true
      }
    },
    {
      "resource": {
        "resourceType": "Patient",
        "id": "7",
        "meta": {
          "lastUpdated": "2012-05-29T23:45:32Z"
        },
        "text": {
          "status": "generated",
          "div": "<div>Nuclear, Nelda. SSN:\n            444112345</div>"
        },
        "identifier": [
          {
            "label": "SSN",
            "system": "http://hl7.org/fhir/sid/us-ssn",
            "value": "444112345"
          }
        ],
        "name": [
          {
            "use": "official",
            "family": [
              "Nuclear"
            ],
            "given": [
              "Nelda"
            ]
          }
        ],
        "telecom": [
          {
            "system": "phone",
            "value": "555-555-5001",
            "use": "work"
          }
        ],
        "gender": "female",
        "address": [
          {
            "use": "home",
            "line": [
              "6666 Home Street"
            ]
          }
        ],
        "managingOrganization": {
          "reference": "Organization/hl7"
        },
        "active": true
      }
    },
    {
      "resource": {
        "resourceType": "Patient",
        "id": "8",
        "meta": {
          "lastUpdated": "2012-05-29T23:45:32Z"
        },
        "text": {
          "status": "generated",
          "div": "<div>Mum, Martha. SSN:\n            444666666</div>"
        },
        "identifier": [
          {
            "label": "SSN",
            "system": "http://hl7.org/fhir/sid/us-ssn",
            "value": "444666666"
          }
        ],
        "name": [
          {
            "use": "official",
            "family": [
              "Mum"
            ],
            "given": [
              "Martha"
            ]
          }
        ],
        "telecom": [
          {
            "system": "phone",
            "value": "555-555-2006",
            "use": "work"
          }
        ],
        "gender": "female",
        "address": [
          {
            "use": "home",
            "line": [
              "4444 Home Street"
            ]
          }
        ],
        "managingOrganization": {
          "reference": "Organization/hl7"
        },
        "active": true
      }
    },
    {
      "resource": {
        "resourceType": "Patient",
        "id": "9",
        "meta": {
          "lastUpdated": "2012-05-29T23:45:32Z"
        },
        "text": {
          "status": "generated",
          "div": "<div>Sons, Stuart. SSN:\n            444777777</div>"
        },
        "identifier": [
          {
            "label": "SSN",
            "system": "http://hl7.org/fhir/sid/us-ssn",
            "value": "444777777"
          }
        ],
        "name": [
          {
            "use": "official",
            "family": [
              "Sons"
            ],
            "given": [
              "Stuart"
            ]
          }
        ],
        "telecom": [
          {
            "system": "phone",
            "value": "555-555-2007",
            "use": "work"
          }
        ],
        "gender": "other",
        "_gender": {
          "http://example.org/Profile/administrative-status": [
            {
              "valueCodeableConcept": {
                "coding": [
                  {
                    "system": "http://example.org/fhir/v2/administrative-status",
                    "code": "FTM",
                    "display": "female-to-male"
                  }
                ]
              }
            }
          ]
        },
        "deceasedDateTime": "2002-08-24",
        "address": [
          {
            "use": "home",
            "line": [
              "4444 Home Street"
            ]
          }
        ],
        "managingOrganization": {
          "reference": "Organization/hl7"
        },
        "active": true
      }
    },
    {
      "resource": {
        "resourceType": "Patient",
        "id": "10",
        "meta": {
          "lastUpdated": "2012-05-29T23:45:32Z"
        },
        "text": {
          "status": "generated",
          "div": "<div>Betterhalf, Boris. SSN:\n            444888888</div>"
        },
        "identifier": [
          {
            "label": "SSN",
            "system": "http://hl7.org/fhir/sid/us-ssn",
            "value": "444888888"
          }
        ],
        "name": [
          {
            "use": "official",
            "family": [
              "Betterhalf"
            ],
            "given": [
              "Boris"
            ]
          }
        ],
        "telecom": [
          {
            "system": "phone",
            "value": "555-555-2008",
            "use": "work"
          }
        ],
        "gender": "male",
        "address": [
          {
            "use": "home",
            "line": [
              "2222 Home Street"
            ]
          }
        ],
        "managingOrganization": {
          "reference": "Organization/hl7"
        },
        "active": true
      }
    },
    {
      "resource": {
        "resourceType": "Patient",
        "id": "11",
        "meta": {
          "lastUpdated": "2012-05-29T23:45:32Z"
        },
        "text": {
          "status": "generated",
          "div": "<div>Relative, Ralph. SSN:\n            444999999</div>"
        },
        "identifier": [
          {
            "label": "SSN",
            "system": "http://hl7.org/fhir/sid/us-ssn",
            "value": "444999999"
          }
        ],
        "name": [
          {
            "use": "official",
            "family": [
              "Relative"
            ],
            "given": [
              "Ralph"
            ]
          }
        ],
        "telecom": [
          {
            "system": "phone",
            "value": "555-555-2009",
            "use": "work"
          }
        ],
        "gender": "male",
        "address": [
          {
            "use": "home",
            "line": [
              "4444 Home Street"
            ]
          }
        ],
        "managingOrganization": {
          "reference": "Organization/hl7"
        },
        "active": true
      }
    },
    {
      "resource": {
        "resourceType": "Patient",
        "id": "12",
        "meta": {
          "lastUpdated": "2012-05-29T23:45:32Z"
        },
        "text": {
          "status": "generated",
          "div": "<div>Contact, Carrie. SSN:\n            555222222</div>"
        },
        "identifier": [
          {
            "label": "SSN",
            "system": "http://hl7.org/fhir/sid/us-ssn",
            "value": "555222222"
          }
        ],
        "name": [
          {
            "use": "official",
            "family": [
              "Contact"
            ],
            "given": [
              "Carrie"
            ]
          }
        ],
        "telecom": [
          {
            "system": "phone",
            "value": "555-555-2010",
            "use": "work"
          }
        ],
        "gender": "female",
        "address": [
          {
            "use": "home",
            "line": [
              "5555 Home Street"
            ]
          }
        ],
        "managingOrganization": {
          "reference": "Organization/hl7"
        },
        "active": true
      }
    }
  ]
}