{"address":[{"city":"Harrisburg","country":"USA","line":["123 North 102nd Street","Apt 4d"],"postalCode":"17102","state":"PA","use":"home"}],"birthDate":"2012-06-07","deceasedBoolean":false,"gender":"male","http://hl7.org/fhir/ExtensionDefinition/us-core-ethnicity":[{"valueCodeableConcept":{"coding":[{"code":"2135-2"}]}}],"http://hl7.org/fhir/ExtensionDefinition/us-core-race":[{"valueCodeableConcept":{"coding":[{"code":"2106-3"}]}}],"id":"uslab-example1","identifier":[{"system":"urn:oid:2.16.840.1.113883.3.72.5.30.2","use":"usual","value":"18547545"}],"name":[{"family":["Lerr"],"given":["Todd","G."],"suffix":["Jr"],"use":"official"}],"resourceType":"Patient","text":{"div":"<div>\n\t\t\t\n\t\t\t\n      <ul>\n\t\t\t\t\n        <li>file: patient-uslab-example1.xml</li>\n\t\t\t\t\n        <li> id: uslab-example1</li>\n\t\t\t\t\n        <li> Name: USLab Patient Example1 </li>\n\t\t\t\t\n        <li>Description: USLab Patient Profile Canonical Example: Todd Lerr</li>\n\t\t\t\n      </ul>\n\t\t\n    </div>","status":"generated"}}