{"address":[{"city":"Harrisburg","country":"USA","http://example.org/us-core-county":[{"http://example.org//iso21090-SC-coding":[{"valueCoding":{"code":"42043","system":"https://www.census.gov/geo/reference"}}]}],"line":["123 North 102nd Street","Apt 4d"],"postalCode":"17102","state":"PA","use":"home"}],"birthDate":"2012-06-07","contact":[{"address":{"city":"Harrisburg","country":"USA","http://example.org/us-core-county":[{"http://example.org//iso21090-SC-coding":[{"valueCoding":{"code":"42043","system":"https://www.census.gov/geo/reference"}}]}],"line":["123 North 102nd Street","Apt 4d"],"postalCode":"17102","state":"PA","use":"home"},"name":{"family":["Smith"],"given":["Bea","G"]},"relationship":[{"coding":[{"code":"guardian"}]}],"telecom":[{"system":"phone","value":"(555)7259890"}]}],"deceasedBoolean":false,"gender":"male","http://hl7.org/fhir/ExtensionDefinition/us-core-ethnicity":[{"valueCodeableConcept":{"coding":[{"code":"2135-2"}]}}],"http://hl7.org/fhir/ExtensionDefinition/us-core-race":[{"valueCodeableConcept":{"coding":[{"code":"2106-3"}]}}],"id":"uslab-example2","identifier":[{"system":"urn:oid:2.16.840.1.113883.3.72.5.30.2","use":"usual","value":"18547545"}],"name":[{"family":["Lerr"],"given":["Todd","G."],"suffix":["Jr"],"use":"official"}],"resourceType":"Patient","telecom":[{"system":"phone","use":"home","value":"(555)7259890"},{"system":"phone","use":"work","value":"(555)7256030"}],"text":{"div":"<div>\n\t\t\t\n\t\t\t\n      <ul>\n\t\t\t\t\n        <li>file: patient-uslab-example2.xml</li>\n\t\t\t\t\n        <li> id: uslab-example2</li>\n\t\t\t\t\n        <li> Name: USLab Patient Example2 </li>\n\t\t\t\t\n        <li>Description: USLab PHPatient Profile Canonical Example: Todd Lerr</li>\n\t\t\t\n      </ul>\n\t\t\n    </div>","status":"generated"}}