{"active":true,"birthDate":"1932-09-24","careProvider":[{"display":"Good Health Clinic","reference":"Organization/2"}],"gender":"male","http://example.org/consent#trials":[{"valueCode":"renal"}],"id":"glossy","identifier":[{"label":"MRN","system":"http://www.goodhealth.org/identifiers/mrn","use":"usual","value":"123456"}],"meta":{"lastUpdated":"2014-11-13T11:41:00+11:00"},"name":[{"family":["Levin"],"given":["Henry"],"suffix":["The 7th"]}],"resourceType":"Patient","text":{"div":"<div>\n\t\t\t\n      <p>Henry Levin the 7th</p>\n\t\t\t\n      <p>MRN: 123456</p>\n\t\t\n    </div>","status":"generated"}}