{"active":true,"animal":{"breed":{"coding":[{"code":"58108001","display":"Golden retriever","system":"http://snomed.info/sct"},{"code":"gret","display":"Golden Retriever","system":"http://hl7.org/fhir/animal-breed"}]},"genderStatus":{"coding":[{"code":"neutered","system":"http://hl7.org/fhir/animal-genderstatus"}]},"species":{"coding":[{"code":"canislf","display":"Dog","system":"http://hl7.org/fhir/animal-species"}]}},"birthDate":"2010-03-23","contact":[{"name":{"family":["Chalmers"],"given":["Peter","James"]},"relationship":[{"coding":[{"code":"owner","system":"http://hl7.org/fhir/patient-contact-relationship"}]}],"telecom":[{"system":"phone","use":"work","value":"(03) 5555 6473"}]}],"gender":"female","id":"animal","identifier":[{"assigner":{"display":"Maroondah City Council"},"label":"Dog Tag","period":{"start":"2010-05-31"},"system":"http://www.maroondah.vic.gov.au/AnimalRegFees.aspx","value":"1234123"}],"managingOrganization":{"display":"Pete's Vetinary Services"},"name":[{"given":["Kenzi"],"use":"usual"}],"resourceType":"Patient","text":{"div":"<div>\n      \n      <table>\n        \n        <tbody>\n          \n          <tr>\n            \n            <td>Id</td>\n            \n            <td>Kenzi (Dog: Golden Retriever)</td>\n          \n          </tr>\n          \n          <tr>\n            \n            <td>Owner</td>\n            \n            <td>Peter Chalmers, 534 Erewhon, Pleasantville, Vic, 3999</td>\n          \n          </tr>\n          \n          <tr>\n            \n            <td>Contacts</td>\n            \n            <td>Work: (03) 5555 6473</td>\n          \n          </tr>\n          \n          <tr>\n            \n            <td>Id</td>\n            \n            <td>Dog Tag: 1234123 (Maroondah City Council)</td>\n          \n          </tr>\n        \n        </tbody>\n      \n      </table>\n    \n    </div>","status":"generated"}}