{
  "resourceType": "Patient",
  "id": "us01",
  "text": {
    "status": "generated",
    "div": "<div>\n      \n      <table>\n        \n        <tbody>\n          \n          <tr>\n            \n            <td>Name</td>\n            \n            <td>Peter James \n              <b>Chalmers</b> (&quot;Jim&quot;)\n            </td>\n          \n          </tr>\n          \n          <tr>\n            \n            <td>Address</td>\n            \n            <td>534 Erewhon, Pleasantville, Orange County, 3999</td>\n          \n          </tr>\n          \n          <tr>\n            \n            <td>Contacts</td>\n            \n            <td>Home: unknown. Work: (03) 5555 6473</td>\n          \n          </tr>\n          \n          <tr>\n            \n            <td>Id</td>\n            \n            <td>MRN: 12345 (Acme Healthcare)</td>\n          \n          </tr>\n        \n        </tbody>\n      \n      </table>\n    \n    </div>"
  },
  "http://hl7.org/fhir/ExtensionDefinition/us-core-race": [
    {
      "valueCodeableConcept": {
        "coding": [
          {
            "system": "http://hl7.org/fhir/v3/Race",
            "code": "1096-7"
          }
        ]
      }
    }
  ],
  "http://hl7.org/fhir/ExtensionDefinition/us-core-ethnicity": [
    {
      "valueCodeableConcept": {
        "coding": [
          {
            "system": "http://hl7.org/fhir/v3/Ethnicity",
            "code": "2162-6"
          }
        ]
      }
    }
  ],
  "name": [
    {
      "use": "official",
      "family": [
        "Chalmers"
      ],
      "given": [
        "Peter",
        "James"
      ]
    }
  ],
  "telecom": [
    {
      "system": "phone",
      "value": "(03) 5555 6473",
      "use": "work"
    },
    {
      "http://hl7.org/fhir/ExtensionDefinition/us-core-direct": [
        {
          "valueBoolean": true
        }
      ],
      "system": "email",
      "value": "person@example.org",
      "use": "work"
    }
  ],
  "address": [
    {
      "http://hl7.org/fhir/ExtensionDefinition/us-core-county": [
        {
          "valueString": "Orange County"
        }
      ],
      "use": "home",
      "line": [
        "534 Erewhon St"
      ],
      "city": "PleasantVille",
      "state": "Vic",
      "postalCode": "3999"
    }
  ],
  "active": true
}