{"active":true,"address":[{"city":"Amsterdam","country":"NLD","line":["Bos en Lommerplein 280"],"postalCode":"1055RW","use":"home"}],"birthDate":"1960-03-13","communication":[{"coding":[{"code":"nl-NL","display":"Dutch","system":"urn:std:iso:639-1"}]}],"contact":[{"name":{"text":"Ariadne Bor-Jansma","use":"usual"},"relationship":[{"coding":[{"code":"127850001","display":"Wife","system":"http://snomed.info/sct"},{"code":"partner","system":"http://hl7.org/fhir/patient-contact-relationship"}]}],"telecom":[{"system":"phone","use":"home","value":"+31201234567"}]}],"deceasedBoolean":false,"gender":"male","id":"f201","identifier":[{"label":"BSN","system":"urn:oid:2.16.840.1.113883.2.4.6.3","use":"official","value":"123456789"},{"label":"BSN","system":"urn:oid:2.16.840.1.113883.2.4.6.3","use":"official","value":"123456789"}],"managingOrganization":{"display":"AUMC","reference":"Organization/f201"},"maritalStatus":{"coding":[{"code":"36629006","display":"Legally married","system":"http://snomed.info/sct"},{"code":"M","system":"http://hl7.org/fhir/v3/MaritalStatus"}]},"multipleBirthBoolean":false,"name":[{"family":["Bor"],"given":["Roelof Olaf"],"prefix":["Drs."],"suffix":["PDEng."],"text":"Roel","use":"official"}],"photo":[{"contentType":"image/jpeg","url":"binary/@f006"}],"resourceType":"Patient","telecom":[{"system":"phone","use":"mobile","value":"+31612345678"},{"system":"phone","use":"home","value":"+31201234567"}]}