{
  "resourceType": "Profile",
  "id": "patient-uslab-uslabphpatient",
  "text": {
    "status": "generated",
    "div": "<div>to do</div>"
  },
  "url": "http://hl7.org/fhir/Profile/patient-uslab-uslabphpatient",
  "name": "US Laboratory Patient Profile",
  "publisher": "HL7 International - Orders and Observations WG",
  "telecom": [
    {
      "system": "url",
      "value": "http://hl7.org"
    }
  ],
  "description": "Patient with expanded contact information",
  "status": "draft",
  "date": "2014-11-17",
  "type": "Patient",
  "base": "http://hl7.org/fhir/Profile/Patient",
  "snapshot": {
    "element": [
      {
        "path": "Patient",
        "name": "USLabPHPatient",
        "short": "Patient with expanded contact information",
        "formal": "Subject of lab test.",
        "requirements": "Tracking patient is the center of the healthcare process.",
        "synonym": [
          "SubjectOfCare Client Resident",
          "Subject"
        ],
        "min": 1,
        "max": "1",
        "isSummary": false,
        "mapping": [
          {
            "identity": "rim",
            "map": "Patient[classCode=PAT]"
          },
          {
            "identity": "rim",
            "map": "Patient[classCode=PAT]"
          }
        ]
      },
      {
        "path": "Patient.id",
        "short": "Logical id of this artefact",
        "formal": "The logical id of the resource, as used in the url for the resoure. Once assigned, this value never changes.",
        "comments": "The only time that a resource does not have an id is when it is being submitted to the server using a create operation. Bundles always have an id, though it is usually a generated UUID.",
        "min": 0,
        "max": "1",
        "type": [
          {
            "code": "id"
          }
        ],
        "isSummary": false
      },
      {
        "path": "Patient.meta",
        "short": "Metadata about the resource",
        "formal": "The metadata about the resource. This is content that is maintained by the infrastructure. Changes to the content may not always be associated with version changes to the resource.",
        "min": 0,
        "max": "1",
        "isSummary": false
      },
      {
        "path": "Patient.meta.id",
        "representation": [
          "xmlAttr"
        ],
        "short": "xml:id (or equivalent in JSON)",
        "formal": "unique id for the element within a resource (for internal references).",
        "min": 0,
        "max": "1",
        "type": [
          {
            "code": "id"
          }
        ],
        "isSummary": false,
        "mapping": [
          {
            "identity": "rim",
            "map": "n/a"
          },
          {
            "identity": "rim",
            "map": "n/a"
          }
        ]
      },
      {
        "path": "Patient.meta.extension",
        "short": "Additional Content defined by implementations",
        "formal": "May be used to represent additional information that is not part of the basic definition of the element. In order to make the use of extensions safe and manageable, there is a strict set of governance  applied to the definition and use of extensions. Though any implementer is allowed to define an extension, there is a set of requirements that SHALL be met as part of the definition of the extension.",
        "comments": "There can be no stigma associated with the use of extensions by any application, project, or standard - regardless of the institution or jurisdiction that uses or defines the extensions.  The use of extensions is what allows the FHIR specification to retain a core level of simplicity for everyone.",
        "synonym": [
          "extensions",
          "user content"
        ],
        "min": 0,
        "max": "*",
        "type": [
          {
            "code": "Extension"
          }
        ],
        "isSummary": false,
        "mapping": [
          {
            "identity": "rim",
            "map": "n/a"
          },
          {
            "identity": "rim",
            "map": "n/a"
          }
        ]
      },
      {
        "path": "Patient.meta.modifierExtension",
        "short": "Extensions that cannot be ignored",
        "formal": "May be used to represent additional information that is not part of the basic definition of the element, and that modifies the understanding of the element that contains it. Usually modifier elements provide negation or qualification. In order to make the use of extensions safe and manageable, there is a strict set of governance applied to the definition and use of extensions. Though any implementer is allowed to define an extension, there is a set of requirements that SHALL be met as part of the definition of the extension. Applications processing a resource are required to check for modifier extensions.",
        "comments": "There can be no stigma associated with the use of extensions by any application, project, or standard - regardless of the institution or jurisdiction that uses or defines the extensions.  The use of extensions is what allows the FHIR specification to retain a core level of simplicity for everyone.",
        "synonym": [
          "extensions",
          "user content",
          "modifiers"
        ],
        "min": 0,
        "max": "*",
        "type": [
          {
            "code": "Extension"
          }
        ],
        "isSummary": false,
        "mapping": [
          {
            "identity": "rim",
            "map": "N/A"
          },
          {
            "identity": "rim",
            "map": "N/A"
          }
        ]
      },
      {
        "path": "Patient.meta.versionId",
        "short": "Version specific identifier",
        "formal": "The version specific identifier, as it appears in the version portion of the url. This values changes when the resource is created, updated, or deleted.",
        "comments": "The server assigns this value, and ignores what the client specifies, except in the case that the server is imposing version integrity on updates/deletes.",
        "min": 0,
        "max": "1",
        "type": [
          {
            "code": "id"
          }
        ],
        "isSummary": false
      },
      {
        "path": "Patient.meta.lastUpdated",
        "short": "When the resource version last changed",
        "formal": "When the resource last changed - e.g. when the version changed.",
        "comments": "This value is always populated except when the resource is first being created. The server / resource manager sets this value; what a client provides is irrelevant.",
        "min": 0,
        "max": "1",
        "type": [
          {
            "code": "instant"
          }
        ],
        "isSummary": false
      },
      {
        "path": "Patient.meta.profile",
        "short": "Profiles this resource claims to conform to",
        "formal": "A list of profiles that this resource claims to conform to. The URL is a reference to Profile.url.",
        "comments": "It is up to the server and/or other infrastruture of policy to determine whether/how these claims are verified and/or updated over tiem.",
        "min": 0,
        "max": "*",
        "type": [
          {
            "code": "uri"
          }
        ],
        "isSummary": false
      },
      {
        "path": "Patient.meta.security",
        "short": "Security Labels applied to this resource",
        "formal": "Security labels applied to this resource. These tags connect specific resources to the overall security policy and infrastructure.",
        "comments": "The security labels can be updated without changing the stated version of the resource.",
        "min": 0,
        "max": "*",
        "type": [
          {
            "code": "Coding"
          }
        ],
        "isSummary": false
      },
      {
        "path": "Patient.meta.tag",
        "short": "Tags applied",
        "formal": "Tags applied to this resource. Tags are intended to to be used to identify and relate resources to process and workflow, and applications are not required to consider the tags when interpreting the meaning of a resource.",
        "comments": "The tags can be updated without changing the stated version of the resource.",
        "min": 0,
        "max": "*",
        "type": [
          {
            "code": "Coding"
          }
        ],
        "isSummary": false
      },
      {
        "path": "Patient.implicitRules",
        "short": "A set of rules under which this content was created",
        "formal": "A reference to a set of rules that were followed when the resource was constructed, and which must be understood when processing the content.",
        "comments": "Asserting this rule set restricts the content to be only understood by a limited set of trading partners. This inherently limits the usefulness of the data in the long term. However the existing health eco-system is highly fractured, and not yet ready to define, collect, and exchange data in a generally computable sense. Wherever possible, implementers and/or specification writers should avoid using this element as much as possible.",
        "min": 0,
        "max": "1",
        "type": [
          {
            "code": "uri"
          }
        ],
        "isModifier": true,
        "isSummary": false
      },
      {
        "path": "Patient.language",
        "short": "Language of the resource content",
        "formal": "The base language in which the resource is written.",
        "comments": "Language is provided to support indexing and accessibility (typically, services such as text to speech use the language tag). The html language tag in the narrative applies  to the narrative. The language tag on the resource may be used to specify the language of other presentations generated from the data in the resource\n\nNot all the content has to be in the base language. The Resource.language should not be assumed to apply to the narrative automatically. If a language is specified, it should it also be specified on the div element in the html (see rules in HTML5 for information about the relationship between xml:lang and the html lang attribute).",
        "min": 0,
        "max": "1",
        "type": [
          {
            "code": "code"
          }
        ],
        "isSummary": false,
        "binding": {
          "name": "Language",
          "isExtensible": false,
          "conformance": "required",
          "description": "A human language",
          "referenceUri": "http://tools.ietf.org/html/bcp47"
        }
      },
      {
        "path": "Patient.text",
        "short": "Text summary of the resource, for human interpretation",
        "formal": "A human-readable narrative that contains a summary of the resource, and may be used to represent the content of the resource to a human. The narrative need not encode all the structured data, but is required to contain sufficient detail to make it \"clinically safe\" for a human to just read the narrative. Resource definitions may define what content should be represented in the narrative to ensure clinical safety.",
        "comments": "Contained resources do not have narrative. Resources that are not contained SHOULD have a narrative.",
        "synonym": [
          "narrative",
          "html",
          "xhtml",
          "display"
        ],
        "min": 1,
        "max": "1",
        "condition": [
          "1"
        ],
        "mustSupport": true,
        "isSummary": false,
        "mapping": [
          {
            "identity": "rim",
            "map": "Act.text?"
          },
          {
            "identity": "rim",
            "map": "Act.text?"
          }
        ]
      },
      {
        "path": "Patient.contained",
        "short": "Contained, inline Resources",
        "formal": "These resources do not have an independent existence apart from the resource that contains them - they cannot be identified independently, and nor can they have their own independent transaction scope.",
        "comments": "This should never be done when the content can be identified properly, as once identification is lost, it is extremely difficult (and context dependent) to restore it again.",
        "synonym": [
          "inline resources",
          "anonymous resources",
          "contained resources"
        ],
        "min": 0,
        "max": "*",
        "type": [
          {
            "code": "Resource"
          }
        ],
        "isSummary": false,
        "mapping": [
          {
            "identity": "rim",
            "map": "N/A"
          },
          {
            "identity": "rim",
            "map": "N/A"
          }
        ]
      },
      {
        "path": "Patient.extension",
        "short": "Additional Content defined by implementations",
        "formal": "May be used to represent additional information that is not part of the basic definition of the resource. In order to make the use of extensions safe and manageable, there is a strict set of governance  applied to the definition and use of extensions. Though any implementer is allowed to define an extension, there is a set of requirements that SHALL be met as part of the definition of the extension.",
        "comments": "There can be no stigma associated with the use of extensions by any application, project, or standard - regardless of the institution or jurisdiction that uses or defines the extensions.  The use of extensions is what allows the FHIR specification to retain a core level of simplicity for everyone.",
        "synonym": [
          "extensions",
          "user content"
        ],
        "min": 0,
        "max": "*",
        "type": [
          {
            "code": "Extension"
          }
        ],
        "isSummary": false,
        "mapping": [
          {
            "identity": "rim",
            "map": "N/A"
          },
          {
            "identity": "rim",
            "map": "N/A"
          }
        ]
      },
      {
        "path": "Patient.modifierExtension",
        "short": "Extensions that cannot be ignored",
        "formal": "May be used to represent additional information that is not part of the basic definition of the resource, and that modifies the understanding of the element that contains it. Usually modifier elements provide negation or qualification. In order to make the use of extensions safe and manageable, there is a strict set of governance applied to the definition and use of extensions. Though any implementer is allowed to define an extension, there is a set of requirements that SHALL be met as part of the definition of the extension. Applications processing a resource are required to check for modifier extensions.",
        "comments": "There can be no stigma associated with the use of extensions by any application, project, or standard - regardless of the institution or jurisdiction that uses or defines the extensions.  The use of extensions is what allows the FHIR specification to retain a core level of simplicity for everyone.",
        "synonym": [
          "extensions",
          "user content"
        ],
        "min": 0,
        "max": "*",
        "type": [
          {
            "code": "Extension"
          }
        ],
        "isSummary": false,
        "mapping": [
          {
            "identity": "rim",
            "map": "N/A"
          },
          {
            "identity": "rim",
            "map": "N/A"
          }
        ]
      },
      {
        "path": "Patient.identifier",
        "short": "An identifier for the person as this patient",
        "formal": "An identifier that applies to this person as a patient.",
        "requirements": "Patients are almost always assigned specific numerical identifiers.",
        "min": 1,
        "max": "*",
        "type": [
          {
            "code": "Identifier"
          }
        ],
        "mustSupport": true,
        "isSummary": false,
        "mapping": [
          {
            "identity": "v2",
            "map": "PID-3"
          },
          {
            "identity": "rim",
            "map": "id"
          },
          {
            "identity": "v2",
            "map": "PID-3"
          },
          {
            "identity": "rim",
            "map": "id"
          }
        ]
      },
      {
        "path": "Patient.identifier.id",
        "representation": [
          "xmlAttr"
        ],
        "short": "xml:id (or equivalent in JSON)",
        "formal": "unique id for the element within a resource (for internal references).",
        "min": 0,
        "max": "1",
        "type": [
          {
            "code": "id"
          }
        ],
        "isSummary": false,
        "mapping": [
          {
            "identity": "rim",
            "map": "n/a"
          },
          {
            "identity": "rim",
            "map": "n/a"
          }
        ]
      },
      {
        "path": "Patient.identifier.extension",
        "short": "Additional Content defined by implementations",
        "formal": "May be used to represent additional information that is not part of the basic definition of the element. In order to make the use of extensions safe and manageable, there is a strict set of governance  applied to the definition and use of extensions. Though any implementer is allowed to define an extension, there is a set of requirements that SHALL be met as part of the definition of the extension.",
        "comments": "There can be no stigma associated with the use of extensions by any application, project, or standard - regardless of the institution or jurisdiction that uses or defines the extensions.  The use of extensions is what allows the FHIR specification to retain a core level of simplicity for everyone.",
        "synonym": [
          "extensions",
          "user content"
        ],
        "min": 0,
        "max": "*",
        "type": [
          {
            "code": "Extension"
          }
        ],
        "isSummary": false,
        "mapping": [
          {
            "identity": "rim",
            "map": "n/a"
          },
          {
            "identity": "rim",
            "map": "n/a"
          }
        ]
      },
      {
        "path": "Patient.identifier.use",
        "short": "usual | official | temp | secondary (If known)",
        "formal": "The purpose of this identifier.",
        "comments": "This is labeled as \"Is Modifier\" because applications should not mistake a temporary id for a permanent one. Applications can assume that an identifier is permanent unless it explicitly says that it is temporary.",
        "requirements": "Allows the appropriate identifier for a particular context of use to be selected from among a set of identifiers.",
        "min": 1,
        "max": "1",
        "mustSupport": true,
        "isModifier": true,
        "isSummary": false,
        "binding": {
          "name": "IdentifierUse",
          "isExtensible": false,
          "conformance": "required",
          "description": "Identifies the purpose for this identifier, if known",
          "referenceReference": {
            "reference": "http://hl7.org/fhir/vs/identifier-use"
          }
        },
        "mapping": [
          {
            "identity": "v2",
            "map": "N/A"
          },
          {
            "identity": "rim",
            "map": "Role.code or implied by context"
          },
          {
            "identity": "v2",
            "map": "N/A"
          },
          {
            "identity": "rim",
            "map": "Role.code or implied by context"
          }
        ]
      },
      {
        "path": "Patient.identifier.label",
        "short": "Description of identifier",
        "formal": "A text string for the identifier that can be displayed to a human so they can recognize the identifier.",
        "requirements": "Allows humans to make use of identifiers when the identifier system is not known.",
        "min": 0,
        "max": "1",
        "type": [
          {
            "code": "string"
          }
        ],
        "isSummary": false,
        "mapping": [
          {
            "identity": "v2",
            "map": "CX.5"
          },
          {
            "identity": "rim",
            "map": "Role.title or implied by context"
          },
          {
            "identity": "v2",
            "map": "CX.5"
          },
          {
            "identity": "rim",
            "map": "Role.title or implied by context"
          }
        ]
      },
      {
        "path": "Patient.identifier.system",
        "short": "Organization or System URI",
        "formal": "URI of Organization or system that assigned the patient ID.  This may be the same as the Placer URI.",
        "requirements": "There are many sequences of identifiers.  To perform matching, we need to know what sequence we're dealing with. The system identifies a particular sequence or set of unique identifiers.",
        "min": 1,
        "max": "1",
        "exampleUri": "http://www.acme.com/identifiers/patient or urn:ietf:rfc:3986 if the id itself is a full uri",
        "mustSupport": true,
        "isSummary": false,
        "mapping": [
          {
            "identity": "v2",
            "map": "CX.4 / EI-2-4"
          },
          {
            "identity": "rim",
            "map": "II.root or Role.id.root"
          },
          {
            "identity": "servd",
            "map": "./IdentifierType"
          },
          {
            "identity": "v2",
            "map": "CX.4 / EI-2-4"
          },
          {
            "identity": "rim",
            "map": "II.root or Role.id.root"
          },
          {
            "identity": "servd",
            "map": "./IdentifierType"
          }
        ]
      },
      {
        "path": "Patient.identifier.value",
        "short": "Patient Identifier String",
        "formal": "Patient Identifier String.",
        "comments": "If the value is a full URI, then the system SHALL be urn:ietf:rfc:3986.",
        "min": 1,
        "max": "1",
        "exampleString": "123456",
        "mustSupport": true,
        "isSummary": false,
        "mapping": [
          {
            "identity": "v2",
            "map": "CX.1 / EI.1"
          },
          {
            "identity": "rim",
            "map": "II.extension or II.root if system indicates OID or GUID (Or Role.id.extension or root)"
          },
          {
            "identity": "servd",
            "map": "./Value"
          },
          {
            "identity": "v2",
            "map": "CX.1 / EI.1"
          },
          {
            "identity": "rim",
            "map": "II.extension or II.root if system indicates OID or GUID (Or Role.id.extension or root)"
          },
          {
            "identity": "servd",
            "map": "./Value"
          }
        ]
      },
      {
        "path": "Patient.identifier.period",
        "short": "Time period when id is/was valid for use",
        "formal": "Time period during which identifier is/was valid for use.",
        "min": 0,
        "max": "1",
        "type": [
          {
            "code": "Period"
          }
        ],
        "isSummary": false,
        "mapping": [
          {
            "identity": "v2",
            "map": "CX.7 + CX.8"
          },
          {
            "identity": "rim",
            "map": "Role.effectiveTime or implied by context"
          },
          {
            "identity": "servd",
            "map": "./StartDate and ./EndDate"
          },
          {
            "identity": "v2",
            "map": "CX.7 + CX.8"
          },
          {
            "identity": "rim",
            "map": "Role.effectiveTime or implied by context"
          },
          {
            "identity": "servd",
            "map": "./StartDate and ./EndDate"
          }
        ]
      },
      {
        "path": "Patient.identifier.assigner",
        "short": "Organization that issued id (may be just text)",
        "formal": "Organization that issued/manages the identifier.",
        "comments": "The reference may be just a text description of the assigner.",
        "min": 0,
        "max": "1",
        "type": [
          {
            "code": "Reference",
            "profile": "http://hl7.org/fhir/Profile/Organization"
          }
        ],
        "isSummary": false,
        "mapping": [
          {
            "identity": "v2",
            "map": "CX.4 / (CX.4,CX.9,CX.10)"
          },
          {
            "identity": "rim",
            "map": "II.assigningAuthorityName but note that this is an improper use by the definition of the field.  Also Role.scoper"
          },
          {
            "identity": "servd",
            "map": "./IdentifierIssuingAuthority"
          },
          {
            "identity": "v2",
            "map": "CX.4 / (CX.4,CX.9,CX.10)"
          },
          {
            "identity": "rim",
            "map": "II.assigningAuthorityName but note that this is an improper use by the definition of the field.  Also Role.scoper"
          },
          {
            "identity": "servd",
            "map": "./IdentifierIssuingAuthority"
          }
        ]
      },
      {
        "path": "Patient.name",
        "short": "A name associated with the patient",
        "formal": "A name associated with the individual.",
        "comments": "Person may have multiple names with different uses or applicable periods.For animals, the name is a \"HumanName\" in the sense that is assigned and used by humans and has the same patterns.",
        "requirements": "Need to be able to track the person by multiple names. Examples are your official name and a partner name.",
        "min": 1,
        "max": "*",
        "mustSupport": true,
        "isSummary": false,
        "mapping": [
          {
            "identity": "v2",
            "map": "PID-5, PID-9"
          },
          {
            "identity": "rim",
            "map": "name"
          },
          {
            "identity": "v2",
            "map": "PID-5, PID-9"
          },
          {
            "identity": "rim",
            "map": "name"
          }
        ]
      },
      {
        "path": "Patient.telecom",
        "slicing": {
          "discriminator": [
            "use"
          ],
          "rules": "open"
        },
        "short": "A contact detail for the individual",
        "formal": "A contact detail (e.g. a telephone number or an email address) by which the individual may be contacted.",
        "comments": "Person may have multiple ways to be contacted with different uses or applicable periods. \rMay need to have options for contacting the person urgently and also to help with identification. The address may not go directly to the individual, but may reach another party that is able to proxy for the patient (i.e. home phone, or pet owner's phone).",
        "requirements": "People have (primary) ways to contact them in some way such as phone, email.",
        "min": 0,
        "max": "*",
        "isSummary": true,
        "mapping": [
          {
            "identity": "v2",
            "map": "PID-13, PID-14, PID-40"
          },
          {
            "identity": "rim",
            "map": "telecom"
          },
          {
            "identity": "v2",
            "map": "PID-13, PID-14, PID-40"
          },
          {
            "identity": "rim",
            "map": "telecom"
          }
        ]
      },
      {
        "path": "Patient.telecom",
        "name": "USLabHomePhone",
        "short": "A contact detail for the individual",
        "formal": "A contact detail (e.g. a telephone number or an email address) by which the individual may be contacted.",
        "comments": "Person may have multiple ways to be contacted with different uses or applicable periods. \rMay need to have options for contacting the person urgently and also to help with identification. The address may not go directly to the individual, but may reach another party that is able to proxy for the patient (i.e. home phone, or pet owner's phone).",
        "requirements": "People have (primary) ways to contact them in some way such as phone, email.",
        "min": 0,
        "max": "*",
        "mustSupport": true,
        "isSummary": false,
        "mapping": [
          {
            "identity": "v2",
            "map": "PID-13, PID-14, PID-40"
          },
          {
            "identity": "rim",
            "map": "telecom"
          },
          {
            "identity": "v2",
            "map": "PID-13, PID-14, PID-40"
          },
          {
            "identity": "rim",
            "map": "telecom"
          }
        ]
      },
      {
        "path": "Patient.telecom",
        "name": "USLabWorkPhone",
        "short": "A contact detail for the individual",
        "formal": "A contact detail (e.g. a telephone number or an email address) by which the individual may be contacted.",
        "comments": "Person may have multiple ways to be contacted with different uses or applicable periods. \rMay need to have options for contacting the person urgently and also to help with identification. The address may not go directly to the individual, but may reach another party that is able to proxy for the patient (i.e. home phone, or pet owner's phone).",
        "requirements": "People have (primary) ways to contact them in some way such as phone, email.",
        "min": 0,
        "max": "*",
        "mustSupport": true,
        "isSummary": false,
        "mapping": [
          {
            "identity": "v2",
            "map": "PID-13, PID-14, PID-40"
          },
          {
            "identity": "rim",
            "map": "telecom"
          },
          {
            "identity": "v2",
            "map": "PID-13, PID-14, PID-40"
          },
          {
            "identity": "rim",
            "map": "telecom"
          }
        ]
      },
      {
        "path": "Patient.gender",
        "short": "male | female | other | unknown",
        "formal": "Administrative Gender - the gender that the patient is considered to have for administration and record keeping purposes.",
        "comments": "The gender may not match the biological sex as determined by genetics, or the individual's preferred identification. Note that for both humans and particularly animals, there are other legitimate possibilities than M and F, though the vast majority of systems and contexts only support M and F.",
        "requirements": "Needed for identification of the individual, in combination with (at least) name and birth date. Gender of individual drives many clinical processes.",
        "min": 1,
        "max": "1",
        "mustSupport": true,
        "isSummary": false,
        "binding": {
          "name": "AdministrativeGender",
          "isExtensible": false,
          "conformance": "required",
          "description": "The gender of a person used for administrative purposes",
          "referenceReference": {
            "reference": "http://hl7.org/fhir/vs/administrative-gender"
          }
        },
        "mapping": [
          {
            "identity": "v2",
            "map": "PID-8"
          },
          {
            "identity": "rim",
            "map": "player[classCode=PSN|ANM and determinerCode=INSTANCE]/administrativeGender"
          },
          {
            "identity": "v2",
            "map": "PID-8"
          },
          {
            "identity": "rim",
            "map": "player[classCode=PSN|ANM and determinerCode=INSTANCE]/administrativeGender"
          }
        ]
      },
      {
        "path": "Patient.birthDate",
        "short": "The date and time of birth for the individual",
        "formal": "The date and time of birth for the individual.",
        "comments": "At least an estimated year should be provided as a guess if the real dob is unknown.",
        "requirements": "Age of the individual drives many clinical processes. Next to the common use case of capturing someone birth date, also in some common cases time is registered.",
        "min": 0,
        "max": "1",
        "mustSupport": true,
        "isSummary": false,
        "mapping": [
          {
            "identity": "loinc",
            "map": "21112-8"
          },
          {
            "identity": "v2",
            "map": "PID-7"
          },
          {
            "identity": "rim",
            "map": "player[classCode=PSN|ANM and determinerCode=INSTANCE]/birthTime"
          },
          {
            "identity": "loinc",
            "map": "21112-8"
          },
          {
            "identity": "v2",
            "map": "PID-7"
          },
          {
            "identity": "rim",
            "map": "player[classCode=PSN|ANM and determinerCode=INSTANCE]/birthTime"
          }
        ]
      },
      {
        "path": "Patient.deceased[x]",
        "short": "Indicates if the individual is deceased or not",
        "formal": "Indicates if the individual is deceased or not.",
        "comments": "If there's no value in the instance it means there is no statement on whether or not the individual is deceased. Most systems will interpret the absence of a value as a sign of the person being alive.",
        "requirements": "The fact that a patient is deceased influences the clinical process. Also, in human communication and relation management it is necessary to know whether the person is alive.",
        "min": 0,
        "max": "1",
        "mustSupport": true,
        "isModifier": true,
        "isSummary": false,
        "mapping": [
          {
            "identity": "v2",
            "map": "PID-30\r (bool) and PID-29 (datetime)"
          },
          {
            "identity": "rim",
            "map": "player[classCode=PSN|ANM and determinerCode=INSTANCE]/deceasedInd,\rplayer[classCode=PSN|ANM and determinerCode=INSTANCE]/deceasedTime"
          },
          {
            "identity": "v2",
            "map": "PID-30\r (bool) and PID-29 (datetime)"
          },
          {
            "identity": "rim",
            "map": "player[classCode=PSN|ANM and determinerCode=INSTANCE]/deceasedInd,\rplayer[classCode=PSN|ANM and determinerCode=INSTANCE]/deceasedTime"
          }
        ]
      },
      {
        "path": "Patient.address",
        "short": "Addresses for the individual",
        "formal": "Addresses for the individual.",
        "comments": "Person may have multiple addresses with different uses or applicable periods.",
        "requirements": "May need to keep track of persons addresses for contacting, billing or reporting requirements and also to help with identification.",
        "min": 0,
        "max": "*",
        "mustSupport": true,
        "isSummary": false,
        "mapping": [
          {
            "identity": "v2",
            "map": "PID-11"
          },
          {
            "identity": "rim",
            "map": "addr"
          },
          {
            "identity": "v2",
            "map": "PID-11"
          },
          {
            "identity": "rim",
            "map": "addr"
          }
        ]
      },
      {
        "path": "Patient.maritalStatus",
        "short": "Marital (civil) status of a person",
        "formal": "This field contains a patient's most recent marital (civil) status.",
        "requirements": "Most, if not all systems capture it.",
        "min": 0,
        "max": "1",
        "type": [
          {
            "code": "CodeableConcept"
          }
        ],
        "isSummary": true,
        "binding": {
          "name": "MaritalStatus",
          "isExtensible": true,
          "conformance": "preferred",
          "description": "The domestic partnership status of a person",
          "referenceReference": {
            "reference": "http://hl7.org/fhir/vs/marital-status"
          }
        },
        "mapping": [
          {
            "identity": "v2",
            "map": "PID-16"
          },
          {
            "identity": "rim",
            "map": "player[classCode=PSN]/maritalStatusCode"
          },
          {
            "identity": "v2",
            "map": "PID-16"
          },
          {
            "identity": "rim",
            "map": "player[classCode=PSN]/maritalStatusCode"
          }
        ]
      },
      {
        "path": "Patient.multipleBirth[x]",
        "short": "Whether patient is part of a multiple birth",
        "formal": "Indicates whether the patient is part of a multiple or indicates the actual birth order.",
        "requirements": "For disambiguation of multiple-birth children, especially relevant where the care provider doesn't meet the patient, such as labs.",
        "min": 0,
        "max": "1",
        "type": [
          {
            "code": "boolean"
          },
          {
            "code": "integer"
          }
        ],
        "isSummary": true,
        "mapping": [
          {
            "identity": "v2",
            "map": "PID-24 (bool), PID-25 (integer)"
          },
          {
            "identity": "rim",
            "map": "player[classCode=PSN|ANM and determinerCode=INSTANCE]/multipleBirthInd, \rplayer[classCode=PSN|ANM and determinerCode=INSTANCE]/multipleBirthOrderNumber"
          },
          {
            "identity": "v2",
            "map": "PID-24 (bool), PID-25 (integer)"
          },
          {
            "identity": "rim",
            "map": "player[classCode=PSN|ANM and determinerCode=INSTANCE]/multipleBirthInd, \rplayer[classCode=PSN|ANM and determinerCode=INSTANCE]/multipleBirthOrderNumber"
          }
        ]
      },
      {
        "path": "Patient.photo",
        "short": "Image of the person",
        "formal": "Image of the person.",
        "requirements": "Many EHR systems have the capability to capture an image of the patient. Fits with newer social media usage too.",
        "min": 0,
        "max": "*",
        "type": [
          {
            "code": "Attachment"
          }
        ],
        "isSummary": false,
        "mapping": [
          {
            "identity": "v2",
            "map": "OBX-5 - needs a profile"
          },
          {
            "identity": "rim",
            "map": "player[classCode=PSN|ANM and determinerCode=INSTANCE]/desc"
          },
          {
            "identity": "v2",
            "map": "OBX-5 - needs a profile"
          },
          {
            "identity": "rim",
            "map": "player[classCode=PSN|ANM and determinerCode=INSTANCE]/desc"
          }
        ]
      },
      {
        "path": "Patient.contact",
        "short": "A contact party (e.g. guardian, partner, friend) for the patient",
        "formal": "A contact party (e.g. guardian, partner, friend) for the patient.",
        "comments": "Contact covers all kinds of contact parties: family members, business contacts, guardians, caregivers. Not applicable to register pedigree and family ties beyond use of having contact.",
        "requirements": "Need to track people you can contact about the patient.",
        "min": 0,
        "max": "*",
        "constraint": [
          {
            "key": "1",
            "name": "ContactNeedsDetails",
            "severity": "error",
            "human": "SHALL at least contain a contact's details or a reference to an organization",
            "xpath": "f:name or f:telecom or f:address or f:organization"
          }
        ],
        "mustSupport": true,
        "isSummary": false,
        "mapping": [
          {
            "identity": "rim",
            "map": "player[classCode=PSN|ANM and determinerCode=INSTANCE]/scopedRole[classCode=CON]"
          },
          {
            "identity": "rim",
            "map": "player[classCode=PSN|ANM and determinerCode=INSTANCE]/scopedRole[classCode=CON]"
          }
        ]
      },
      {
        "path": "Patient.contact.id",
        "representation": [
          "xmlAttr"
        ],
        "short": "xml:id (or equivalent in JSON)",
        "formal": "unique id for the element within a resource (for internal references).",
        "min": 0,
        "max": "1",
        "type": [
          {
            "code": "id"
          }
        ],
        "isSummary": false,
        "mapping": [
          {
            "identity": "rim",
            "map": "n/a"
          },
          {
            "identity": "rim",
            "map": "n/a"
          }
        ]
      },
      {
        "path": "Patient.contact.extension",
        "short": "Additional Content defined by implementations",
        "formal": "May be used to represent additional information that is not part of the basic definition of the element. In order to make the use of extensions safe and manageable, there is a strict set of governance  applied to the definition and use of extensions. Though any implementer is allowed to define an extension, there is a set of requirements that SHALL be met as part of the definition of the extension.",
        "comments": "There can be no stigma associated with the use of extensions by any application, project, or standard - regardless of the institution or jurisdiction that uses or defines the extensions.  The use of extensions is what allows the FHIR specification to retain a core level of simplicity for everyone.",
        "synonym": [
          "extensions",
          "user content"
        ],
        "min": 0,
        "max": "*",
        "type": [
          {
            "code": "Extension"
          }
        ],
        "isSummary": false,
        "mapping": [
          {
            "identity": "rim",
            "map": "n/a"
          },
          {
            "identity": "rim",
            "map": "n/a"
          }
        ]
      },
      {
        "path": "Patient.contact.modifierExtension",
        "short": "Extensions that cannot be ignored",
        "formal": "May be used to represent additional information that is not part of the basic definition of the element, and that modifies the understanding of the element that contains it. Usually modifier elements provide negation or qualification. In order to make the use of extensions safe and manageable, there is a strict set of governance applied to the definition and use of extensions. Though any implementer is allowed to define an extension, there is a set of requirements that SHALL be met as part of the definition of the extension. Applications processing a resource are required to check for modifier extensions.",
        "comments": "There can be no stigma associated with the use of extensions by any application, project, or standard - regardless of the institution or jurisdiction that uses or defines the extensions.  The use of extensions is what allows the FHIR specification to retain a core level of simplicity for everyone.",
        "synonym": [
          "extensions",
          "user content",
          "modifiers"
        ],
        "min": 0,
        "max": "*",
        "type": [
          {
            "code": "Extension"
          }
        ],
        "isSummary": false,
        "mapping": [
          {
            "identity": "rim",
            "map": "N/A"
          },
          {
            "identity": "rim",
            "map": "N/A"
          }
        ]
      },
      {
        "path": "Patient.contact.relationship",
        "short": "The kind of relationship",
        "formal": "The nature of the relationship between the patient and the contact person.",
        "requirements": "Used to determine which contact person is the most relevant to approach, depending on circumstances.",
        "min": 0,
        "max": "1",
        "mustSupport": true,
        "isSummary": false,
        "binding": {
          "name": "ContactRelationship",
          "isExtensible": true,
          "conformance": "preferred",
          "description": "The nature of the relationship between a patient and a contact person for that patient",
          "referenceReference": {
            "reference": "http://hl7.org/fhir/vs/patient-contact-relationship"
          }
        },
        "mapping": [
          {
            "identity": "v2",
            "map": "NK1-7, NK1-3"
          },
          {
            "identity": "rim",
            "map": "code"
          },
          {
            "identity": "v2",
            "map": "NK1-7, NK1-3"
          },
          {
            "identity": "rim",
            "map": "code"
          }
        ]
      },
      {
        "path": "Patient.contact.name",
        "short": "A name associated with the person",
        "formal": "A name associated with the person.",
        "requirements": "Contact persons need to be identified by name, but it is uncommon to need details about multiple other names for that person.",
        "min": 0,
        "max": "*",
        "mustSupport": true,
        "isSummary": false,
        "mapping": [
          {
            "identity": "v2",
            "map": "NK1-2"
          },
          {
            "identity": "rim",
            "map": "name"
          },
          {
            "identity": "v2",
            "map": "NK1-2"
          },
          {
            "identity": "rim",
            "map": "name"
          }
        ]
      },
      {
        "path": "Patient.contact.telecom",
        "short": "A contact detail for the person",
        "formal": "A contact detail for the person, e.g. a telephone number or an email address.",
        "comments": "Person may have multiple ways to be contacted with different uses or applicable periods. \rMay need to have options for contacting the person urgently, and also to help with identification.",
        "requirements": "People have (primary) ways to contact them in some way such as phone, email.",
        "min": 0,
        "max": "3",
        "mustSupport": true,
        "isSummary": false,
        "mapping": [
          {
            "identity": "v2",
            "map": "NK1-5, NK1-6, NK1-40"
          },
          {
            "identity": "rim",
            "map": "telecom"
          },
          {
            "identity": "v2",
            "map": "NK1-5, NK1-6, NK1-40"
          },
          {
            "identity": "rim",
            "map": "telecom"
          }
        ]
      },
      {
        "path": "Patient.contact.address",
        "short": "Address for the contact person",
        "formal": "Address for the contact person.",
        "requirements": "Need to keep track where the contact person can be contacted per postal mail or visited.",
        "min": 0,
        "max": "*",
        "mustSupport": true,
        "isSummary": false,
        "mapping": [
          {
            "identity": "v2",
            "map": "NK1-4"
          },
          {
            "identity": "rim",
            "map": "addr"
          },
          {
            "identity": "v2",
            "map": "NK1-4"
          },
          {
            "identity": "rim",
            "map": "addr"
          }
        ]
      },
      {
        "path": "Patient.contact.gender",
        "short": "male | female | other | unknown",
        "formal": "Administrative Gender - the gender that the person is considered to have for administration and record keeping purposes.",
        "requirements": "Needed to address the person correctly.",
        "min": 0,
        "max": "1",
        "type": [
          {
            "code": "code"
          }
        ],
        "isSummary": false,
        "binding": {
          "name": "AdministrativeGender",
          "isExtensible": false,
          "conformance": "required",
          "description": "The gender of a person used for administrative purposes",
          "referenceReference": {
            "reference": "http://hl7.org/fhir/vs/administrative-gender"
          }
        },
        "mapping": [
          {
            "identity": "v2",
            "map": "NK1-15"
          },
          {
            "identity": "rim",
            "map": "player[classCode=PSN|ANM and determinerCode=INSTANCE]/administrativeGender"
          },
          {
            "identity": "v2",
            "map": "NK1-15"
          },
          {
            "identity": "rim",
            "map": "player[classCode=PSN|ANM and determinerCode=INSTANCE]/administrativeGender"
          }
        ]
      },
      {
        "path": "Patient.contact.organization",
        "short": "Organization that is associated with the contact",
        "formal": "Organization on behalf of which the contact is acting or for which the contact is working.",
        "requirements": "For guardians or business related contacts, the organization is relevant.",
        "min": 0,
        "max": "1",
        "type": [
          {
            "code": "Reference",
            "profile": "http://hl7.org/fhir/Profile/Organization"
          }
        ],
        "condition": [
          "1"
        ],
        "isSummary": false,
        "mapping": [
          {
            "identity": "v2",
            "map": "NK1-13, NK1-30, NK1-31, NK1-32, NK1-41"
          },
          {
            "identity": "rim",
            "map": "scoper"
          },
          {
            "identity": "v2",
            "map": "NK1-13, NK1-30, NK1-31, NK1-32, NK1-41"
          },
          {
            "identity": "rim",
            "map": "scoper"
          }
        ]
      },
      {
        "path": "Patient.contact.period",
        "short": "The period during which this person or organization is valid to be contacted relating to this patient",
        "formal": "The period during which this person or organization is valid to be contacted relating to this patient.",
        "min": 0,
        "max": "1",
        "type": [
          {
            "code": "Period"
          }
        ],
        "isSummary": false
      },
      {
        "path": "Patient.animal",
        "short": "If this patient is an animal (non-human)",
        "formal": "This element has a value if the patient is an animal.",
        "comments": "The animal element is labeled \"Is Modifier\" since patients may be non-human. Systems SHALL either handle patient details appropriately (e.g. inform users patient is not human) or reject non-human patient records.",
        "requirements": "Many clinical systems are extended to care for animal patients as well as human.",
        "min": 0,
        "max": "1",
        "isModifier": true,
        "isSummary": true,
        "mapping": [
          {
            "identity": "rim",
            "map": "player[classCode=ANM]"
          },
          {
            "identity": "rim",
            "map": "player[classCode=ANM]"
          }
        ]
      },
      {
        "path": "Patient.animal.id",
        "representation": [
          "xmlAttr"
        ],
        "short": "xml:id (or equivalent in JSON)",
        "formal": "unique id for the element within a resource (for internal references).",
        "min": 0,
        "max": "1",
        "type": [
          {
            "code": "id"
          }
        ],
        "isSummary": false,
        "mapping": [
          {
            "identity": "rim",
            "map": "n/a"
          },
          {
            "identity": "rim",
            "map": "n/a"
          }
        ]
      },
      {
        "path": "Patient.animal.extension",
        "short": "Additional Content defined by implementations",
        "formal": "May be used to represent additional information that is not part of the basic definition of the element. In order to make the use of extensions safe and manageable, there is a strict set of governance  applied to the definition and use of extensions. Though any implementer is allowed to define an extension, there is a set of requirements that SHALL be met as part of the definition of the extension.",
        "comments": "There can be no stigma associated with the use of extensions by any application, project, or standard - regardless of the institution or jurisdiction that uses or defines the extensions.  The use of extensions is what allows the FHIR specification to retain a core level of simplicity for everyone.",
        "synonym": [
          "extensions",
          "user content"
        ],
        "min": 0,
        "max": "*",
        "type": [
          {
            "code": "Extension"
          }
        ],
        "isSummary": false,
        "mapping": [
          {
            "identity": "rim",
            "map": "n/a"
          },
          {
            "identity": "rim",
            "map": "n/a"
          }
        ]
      },
      {
        "path": "Patient.animal.modifierExtension",
        "short": "Extensions that cannot be ignored",
        "formal": "May be used to represent additional information that is not part of the basic definition of the element, and that modifies the understanding of the element that contains it. Usually modifier elements provide negation or qualification. In order to make the use of extensions safe and manageable, there is a strict set of governance applied to the definition and use of extensions. Though any implementer is allowed to define an extension, there is a set of requirements that SHALL be met as part of the definition of the extension. Applications processing a resource are required to check for modifier extensions.",
        "comments": "There can be no stigma associated with the use of extensions by any application, project, or standard - regardless of the institution or jurisdiction that uses or defines the extensions.  The use of extensions is what allows the FHIR specification to retain a core level of simplicity for everyone.",
        "synonym": [
          "extensions",
          "user content",
          "modifiers"
        ],
        "min": 0,
        "max": "*",
        "type": [
          {
            "code": "Extension"
          }
        ],
        "isSummary": false,
        "mapping": [
          {
            "identity": "rim",
            "map": "N/A"
          },
          {
            "identity": "rim",
            "map": "N/A"
          }
        ]
      },
      {
        "path": "Patient.animal.species",
        "short": "E.g. Dog, Cow",
        "formal": "Identifies the high level categorization of the kind of animal.",
        "comments": "If the patient is non-human, at least a species SHALL be specified.",
        "requirements": "Need to know what kind of animal.",
        "min": 1,
        "max": "1",
        "type": [
          {
            "code": "CodeableConcept"
          }
        ],
        "isSummary": true,
        "binding": {
          "name": "AnimalSpecies",
          "isExtensible": true,
          "conformance": "example",
          "description": "The species of an animal",
          "referenceReference": {
            "reference": "http://hl7.org/fhir/vs/animal-species"
          }
        },
        "mapping": [
          {
            "identity": "v2",
            "map": "PID-35"
          },
          {
            "identity": "rim",
            "map": "code"
          },
          {
            "identity": "v2",
            "map": "PID-35"
          },
          {
            "identity": "rim",
            "map": "code"
          }
        ]
      },
      {
        "path": "Patient.animal.breed",
        "short": "E.g. Poodle, Angus",
        "formal": "Identifies the detailed categorization of the kind of animal.",
        "requirements": "May need to know the specific kind within the species.",
        "min": 0,
        "max": "1",
        "type": [
          {
            "code": "CodeableConcept"
          }
        ],
        "isSummary": true,
        "binding": {
          "name": "AnimalBreed",
          "isExtensible": true,
          "conformance": "example",
          "description": "The breed of an animal",
          "referenceReference": {
            "reference": "http://hl7.org/fhir/vs/animal-breeds"
          }
        },
        "mapping": [
          {
            "identity": "v2",
            "map": "PID-37"
          },
          {
            "identity": "rim",
            "map": "playedRole[classCode=GEN]/scoper[classCode=ANM, determinerCode=KIND]/code"
          },
          {
            "identity": "v2",
            "map": "PID-37"
          },
          {
            "identity": "rim",
            "map": "playedRole[classCode=GEN]/scoper[classCode=ANM, determinerCode=KIND]/code"
          }
        ]
      },
      {
        "path": "Patient.animal.genderStatus",
        "short": "E.g. Neutered, Intact",
        "formal": "Indicates the current state of the animal's reproductive organs.",
        "requirements": "Gender status can affect housing and animal behavior.",
        "min": 0,
        "max": "1",
        "type": [
          {
            "code": "CodeableConcept"
          }
        ],
        "isSummary": true,
        "binding": {
          "name": "AnimalGenderStatus",
          "isExtensible": true,
          "conformance": "example",
          "description": "The state of the animal's reproductive organs",
          "referenceReference": {
            "reference": "http://hl7.org/fhir/vs/animal-genderstatus"
          }
        },
        "mapping": [
          {
            "identity": "v2",
            "map": "N/A"
          },
          {
            "identity": "rim",
            "map": "genderStatusCode"
          },
          {
            "identity": "v2",
            "map": "N/A"
          },
          {
            "identity": "rim",
            "map": "genderStatusCode"
          }
        ]
      },
      {
        "path": "Patient.communication",
        "short": "Languages which may be used to communicate with the patient about his or her health",
        "formal": "Languages which may be used to communicate with the patient about his or her health.",
        "comments": "If no language is specified, this *implies* that the default local language is spoken.\rFor animals, language is not a relevant field, and should be absent from the instance.",
        "requirements": "If a patient does not speak the local language, interpreters may be required, so languages spoken is an important things to keep track of both for patient and other persons of interest.",
        "min": 0,
        "max": "*",
        "type": [
          {
            "code": "CodeableConcept"
          }
        ],
        "isSummary": false,
        "binding": {
          "name": "Language",
          "isExtensible": false,
          "conformance": "required",
          "description": "A human language",
          "referenceUri": "http://tools.ietf.org/html/bcp47"
        },
        "mapping": [
          {
            "identity": "v2",
            "map": "LAN-2"
          },
          {
            "identity": "rim",
            "map": "player[classCode=PSN|ANM and determinerCode=INSTANCE]/languageCommunication/code"
          },
          {
            "identity": "v2",
            "map": "LAN-2"
          },
          {
            "identity": "rim",
            "map": "player[classCode=PSN|ANM and determinerCode=INSTANCE]/languageCommunication/code"
          }
        ]
      },
      {
        "path": "Patient.careProvider",
        "short": "Patient's nominated care provider",
        "formal": "Patient's nominated care provider.",
        "min": 0,
        "max": "*",
        "type": [
          {
            "code": "Reference",
            "profile": "http://hl7.org/fhir/Profile/Organization"
          },
          {
            "code": "Reference",
            "profile": "http://hl7.org/fhir/Profile/Practitioner"
          }
        ],
        "isSummary": false,
        "mapping": [
          {
            "identity": "rim",
            "map": "subjectOf.CareEvent.performer.AssignedEntity"
          },
          {
            "identity": "rim",
            "map": "subjectOf.CareEvent.performer.AssignedEntity"
          }
        ]
      },
      {
        "path": "Patient.managingOrganization",
        "short": "Organization that is the custodian of the patient record",
        "formal": "Organization that is the custodian of the patient record.",
        "requirements": "Need to know who recognizes this patient record, manages and updates it.",
        "min": 0,
        "max": "1",
        "type": [
          {
            "code": "Reference",
            "profile": "http://hl7.org/fhir/Profile/Organization"
          }
        ],
        "isSummary": true,
        "mapping": [
          {
            "identity": "rim",
            "map": "scoper"
          },
          {
            "identity": "rim",
            "map": "scoper"
          }
        ]
      },
      {
        "path": "Patient.link",
        "short": "Link to another patient resource that concerns the same actual person",
        "formal": "Link to another patient resource that concerns the same actual person.",
        "comments": "There is no assumption that linked patient records have mutual links.",
        "requirements": "There are multiple usecases: * Duplicate patient records due to the clerical errors associated with the difficulties of identifying humans consistently, and * Distribution of patient information across multiple servers.",
        "min": 0,
        "max": "*",
        "isModifier": true,
        "isSummary": true,
        "mapping": [
          {
            "identity": "rim",
            "map": "outboundLink"
          },
          {
            "identity": "rim",
            "map": "outboundLink"
          }
        ]
      },
      {
        "path": "Patient.link.id",
        "representation": [
          "xmlAttr"
        ],
        "short": "xml:id (or equivalent in JSON)",
        "formal": "unique id for the element within a resource (for internal references).",
        "min": 0,
        "max": "1",
        "type": [
          {
            "code": "id"
          }
        ],
        "isSummary": false,
        "mapping": [
          {
            "identity": "rim",
            "map": "n/a"
          },
          {
            "identity": "rim",
            "map": "n/a"
          }
        ]
      },
      {
        "path": "Patient.link.extension",
        "short": "Additional Content defined by implementations",
        "formal": "May be used to represent additional information that is not part of the basic definition of the element. In order to make the use of extensions safe and manageable, there is a strict set of governance  applied to the definition and use of extensions. Though any implementer is allowed to define an extension, there is a set of requirements that SHALL be met as part of the definition of the extension.",
        "comments": "There can be no stigma associated with the use of extensions by any application, project, or standard - regardless of the institution or jurisdiction that uses or defines the extensions.  The use of extensions is what allows the FHIR specification to retain a core level of simplicity for everyone.",
        "synonym": [
          "extensions",
          "user content"
        ],
        "min": 0,
        "max": "*",
        "type": [
          {
            "code": "Extension"
          }
        ],
        "isSummary": false,
        "mapping": [
          {
            "identity": "rim",
            "map": "n/a"
          },
          {
            "identity": "rim",
            "map": "n/a"
          }
        ]
      },
      {
        "path": "Patient.link.modifierExtension",
        "short": "Extensions that cannot be ignored",
        "formal": "May be used to represent additional information that is not part of the basic definition of the element, and that modifies the understanding of the element that contains it. Usually modifier elements provide negation or qualification. In order to make the use of extensions safe and manageable, there is a strict set of governance applied to the definition and use of extensions. Though any implementer is allowed to define an extension, there is a set of requirements that SHALL be met as part of the definition of the extension. Applications processing a resource are required to check for modifier extensions.",
        "comments": "There can be no stigma associated with the use of extensions by any application, project, or standard - regardless of the institution or jurisdiction that uses or defines the extensions.  The use of extensions is what allows the FHIR specification to retain a core level of simplicity for everyone.",
        "synonym": [
          "extensions",
          "user content",
          "modifiers"
        ],
        "min": 0,
        "max": "*",
        "type": [
          {
            "code": "Extension"
          }
        ],
        "isSummary": false,
        "mapping": [
          {
            "identity": "rim",
            "map": "N/A"
          },
          {
            "identity": "rim",
            "map": "N/A"
          }
        ]
      },
      {
        "path": "Patient.link.other",
        "short": "The other patient resource that the link refers to",
        "formal": "The other patient resource that the link refers to.",
        "min": 1,
        "max": "1",
        "type": [
          {
            "code": "Reference",
            "profile": "http://hl7.org/fhir/Profile/Patient"
          }
        ],
        "isModifier": true,
        "isSummary": true,
        "mapping": [
          {
            "identity": "v2",
            "map": "PID-3, MRG-1"
          },
          {
            "identity": "rim",
            "map": "id"
          },
          {
            "identity": "v2",
            "map": "PID-3, MRG-1"
          },
          {
            "identity": "rim",
            "map": "id"
          }
        ]
      },
      {
        "path": "Patient.link.type",
        "short": "replace | refer | seealso - type of link",
        "formal": "The type of link between this patient resource and another patient resource.",
        "min": 1,
        "max": "1",
        "type": [
          {
            "code": "code"
          }
        ],
        "isModifier": true,
        "isSummary": true,
        "binding": {
          "name": "LinkType",
          "isExtensible": false,
          "conformance": "required",
          "description": "The type of link between this patient resource and another patient resource.",
          "referenceReference": {
            "reference": "http://hl7.org/fhir/vs/link-type"
          }
        },
        "mapping": [
          {
            "identity": "rim",
            "map": "typeCode"
          },
          {
            "identity": "rim",
            "map": "typeCode"
          }
        ]
      },
      {
        "path": "Patient.active",
        "short": "Whether this patient's record is in active use",
        "formal": "Whether this patient record is in active use.",
        "comments": "Default is true. If a record is inactive, and linked to an active record, then future patient/person/record updates should occur on the other patient.",
        "requirements": "Need to be able to mark a patient record as not to be used because it was created in error.",
        "min": 0,
        "max": "1",
        "type": [
          {
            "code": "boolean"
          }
        ],
        "defaultValueBoolean": true,
        "isModifier": true,
        "isSummary": true,
        "mapping": [
          {
            "identity": "rim",
            "map": "statusCode"
          },
          {
            "identity": "rim",
            "map": "statusCode"
          }
        ]
      }
    ]
  },
  "differential": {
    "element": [
      {
        "path": "Patient",
        "name": "USLabPHPatient",
        "short": "Patient with expanded contact information",
        "formal": "Subject of lab test.",
        "synonym": [
          "Subject"
        ],
        "min": 1,
        "max": "1",
        "isSummary": false
      },
      {
        "path": "Patient.extension",
        "slicing": {
          "discriminator": [
            "url"
          ],
          "rules": "open"
        }
      },
      {
        "path": "Patient.extension",
        "name": "race",
        "min": 0,
        "max": "*",
        "type": [
          {
            "code": "Extension",
            "profile": "http://hl7.org/fhir/ExtensionDefinition/us-core-race"
          }
        ],
        "mustSupport": true,
        "isSummary": false
      },
      {
        "path": "Patient.extension.coding",
        "min": 1,
        "max": "1",
        "mustSupport": true,
        "isSummary": false
      },
      {
        "path": "Patient.extension.coding.code",
        "min": 1,
        "max": "1",
        "mustSupport": true,
        "isSummary": false
      },
      {
        "path": "Patient.extension",
        "name": "ethnicity",
        "min": 0,
        "max": "1",
        "type": [
          {
            "code": "Extension",
            "profile": "http://hl7.org/fhir/ExtensionDefinition/us-core-ethnicity"
          }
        ],
        "mustSupport": true,
        "isSummary": false
      },
      {
        "path": "Patient.extension.coding",
        "min": 1,
        "max": "1",
        "mustSupport": true,
        "isSummary": false
      },
      {
        "path": "Patient.extension.coding.code",
        "min": 1,
        "max": "1",
        "mustSupport": true,
        "isSummary": false
      },
      {
        "path": "Patient.text",
        "min": 1,
        "max": "1",
        "mustSupport": true,
        "isSummary": false
      },
      {
        "path": "Patient.text.status",
        "min": 1,
        "max": "1",
        "type": [
          {
            "code": "code"
          }
        ],
        "fixedCode": "generated",
        "mustSupport": true,
        "isSummary": false
      },
      {
        "path": "Patient.identifier",
        "min": 1,
        "max": "*",
        "type": [
          {
            "code": "Identifier"
          }
        ],
        "mustSupport": true,
        "isSummary": false
      },
      {
        "path": "Patient.identifier.use",
        "min": 1,
        "max": "1",
        "mustSupport": true,
        "isSummary": false
      },
      {
        "path": "Patient.identifier.system",
        "short": "Organization or System URI",
        "formal": "URI of Organization or system that assigned the patient ID.  This may be the same as the Placer URI.",
        "min": 1,
        "max": "1",
        "mustSupport": true,
        "isSummary": false
      },
      {
        "path": "Patient.identifier.value",
        "short": "Patient Identifier String",
        "formal": "Patient Identifier String.",
        "min": 1,
        "max": "1",
        "mustSupport": true,
        "isSummary": false
      },
      {
        "path": "Patient.name",
        "min": 1,
        "max": "*",
        "mustSupport": true,
        "isSummary": false
      },
      {
        "path": "Patient.name.use",
        "min": 1,
        "max": "1",
        "type": [
          {
            "code": "code"
          }
        ],
        "mustSupport": true,
        "isSummary": false,
        "binding": {
          "name": "USLabPHNameUse",
          "isExtensible": false,
          "conformance": "required",
          "description": "The name types for US Laboratory reporting to Public Health",
          "referenceReference": {
            "reference": "http://hl7.org/fhir/vs/patient-uslabph-nameuse"
          }
        }
      },
      {
        "path": "Patient.name.family",
        "min": 1,
        "max": "1",
        "mustSupport": true,
        "isSummary": false
      },
      {
        "path": "Patient.name.given",
        "comments": "Can be first and middle name or initial.",
        "min": 0,
        "max": "2",
        "mustSupport": true,
        "isSummary": false
      },
      {
        "path": "Patient.name.prefix",
        "min": 0,
        "max": "1",
        "mustSupport": true,
        "isSummary": false
      },
      {
        "path": "Patient.name.suffix",
        "min": 0,
        "max": "1",
        "mustSupport": true,
        "isSummary": false
      },
      {
        "path": "Patient.telecom",
        "slicing": {
          "discriminator": [
            "use"
          ],
          "rules": "open"
        }
      },
      {
        "path": "Patient.telecom",
        "name": "USLabHomePhone",
        "min": 0,
        "max": "*",
        "mustSupport": true,
        "isSummary": false
      },
      {
        "path": "Patient.telecom.system",
        "min": 1,
        "max": "1",
        "mustSupport": true,
        "isSummary": false
      },
      {
        "path": "Patient.telecom.value",
        "min": 1,
        "max": "1",
        "mustSupport": true,
        "isSummary": false
      },
      {
        "path": "Patient.telecom.use",
        "min": 1,
        "max": "1",
        "type": [
          {
            "code": "code"
          }
        ],
        "fixedCode": "home",
        "mustSupport": true,
        "isSummary": false
      },
      {
        "path": "Patient.telecom",
        "name": "USLabWorkPhone",
        "min": 0,
        "max": "*",
        "mustSupport": true,
        "isSummary": false
      },
      {
        "path": "Patient.telecom.system",
        "min": 1,
        "max": "1",
        "mustSupport": true,
        "isSummary": false
      },
      {
        "path": "Patient.telecom.value",
        "min": 1,
        "max": "1",
        "mustSupport": true,
        "isSummary": false
      },
      {
        "path": "Patient.telecom.use",
        "min": 1,
        "max": "1",
        "type": [
          {
            "code": "code"
          }
        ],
        "fixedCode": "work",
        "mustSupport": true,
        "isSummary": false
      },
      {
        "path": "Patient.gender",
        "min": 1,
        "max": "1",
        "mustSupport": true,
        "isSummary": false
      },
      {
        "path": "Patient.birthDate",
        "min": 0,
        "max": "1",
        "mustSupport": true,
        "isSummary": false
      },
      {
        "path": "Patient.deceased[x]",
        "min": 0,
        "max": "1",
        "mustSupport": true,
        "isSummary": false
      },
      {
        "path": "Patient.address",
        "min": 0,
        "max": "*",
        "mustSupport": true,
        "isSummary": false
      },
      {
        "path": "Patient.address.extension",
        "short": "County/Parish FIPS codes",
        "formal": "County/Parish FIPS codes.",
        "requirements": "County/Parish Code SHALL use FIPS 6-4  ( INCITS 31:2009).",
        "min": 0,
        "max": "1",
        "type": [
          {
            "code": "Extension",
            "profile": "http://hl7.org/fhir/ExtensionDefinition/us-core-county"
          }
        ],
        "mustSupport": true,
        "isSummary": false
      },
      {
        "path": "Patient.address.extension.extension",
        "min": 1,
        "max": "1",
        "type": [
          {
            "code": "Extension",
            "profile": "http://hl7.org/fhir/ExtensionDefinition/iso21090-SC-coding"
          }
        ],
        "mustSupport": true,
        "isSummary": false,
        "binding": {
          "name": "USFIPSCounty",
          "isExtensible": false,
          "conformance": "required",
          "description": "FIPS codes for US counties and county equivalent entities",
          "referenceReference": {
            "reference": "http://hl7.org/fhir/vs/fips-county"
          }
        }
      },
      {
        "path": "Patient.address.extension.extension.system",
        "min": 1,
        "max": "1",
        "mustSupport": true,
        "isSummary": false
      },
      {
        "path": "Patient.address.extension.extension.code",
        "min": 1,
        "max": "1",
        "mustSupport": true,
        "isSummary": false
      },
      {
        "path": "Patient.address.use",
        "min": 0,
        "max": "1",
        "mustSupport": true,
        "isSummary": false
      },
      {
        "path": "Patient.address.line",
        "min": 0,
        "max": "2",
        "mustSupport": true,
        "isSummary": false
      },
      {
        "path": "Patient.address.city",
        "min": 0,
        "max": "1",
        "mustSupport": true,
        "isSummary": false
      },
      {
        "path": "Patient.address.state",
        "requirements": "State SHALL be the two letter USPS alphabetic codes.",
        "min": 0,
        "max": "1",
        "type": [
          {
            "code": "code"
          }
        ],
        "mustSupport": true,
        "isSummary": false,
        "binding": {
          "name": "USPSState",
          "isExtensible": true,
          "conformance": "required",
          "description": "Two letter USPS alphabetic codes.",
          "referenceReference": {
            "reference": "http://hl7.org/fhir/vs/usps-state"
          }
        }
      },
      {
        "path": "Patient.address.zip",
        "short": "US Zip Codes",
        "formal": "US Zip Codes.",
        "requirements": "Zip or Postal Code SHALL be formatted as 99999[-9999] for US Zip or ZIP +4 codes.",
        "min": 0,
        "max": "1",
        "condition": [
          "1"
        ],
        "constraint": [
          {
            "key": "1",
            "name": "Regex for Zip",
            "severity": "error",
            "human": "(Zip or Postal Code) SHALL be formatted as 99999[-9999] for US Zip or ZIP +4 codes or as A9A9A9 for Canadian postal codes.",
            "xpath": "f:matches(issued,[0-9]{5}(-[0-9]{4}){0,1} )"
          }
        ],
        "mustSupport": true,
        "isSummary": false
      },
      {
        "path": "Patient.address.country",
        "short": "ISO 3166 3 letter Country Code",
        "formal": "ISO 3166 3 letter Country Code.",
        "requirements": "Country SHALL be ISO 3166 3 letter codes.",
        "min": 0,
        "max": "1",
        "type": [
          {
            "code": "code"
          }
        ],
        "mustSupport": true,
        "isSummary": false,
        "binding": {
          "name": "USLabCountry",
          "isExtensible": true,
          "conformance": "required",
          "description": "ISO 3 letter codes",
          "referenceReference": {
            "reference": "http://hl7.org/fhir/vs/uslab-country-codes"
          }
        }
      },
      {
        "path": "Patient.contact",
        "min": 0,
        "max": "*",
        "mustSupport": true,
        "isSummary": false
      },
      {
        "path": "Patient.contact.relationship",
        "min": 0,
        "max": "1",
        "mustSupport": true,
        "isSummary": false
      },
      {
        "path": "Patient.contact.relationship.coding",
        "min": 1,
        "max": "1",
        "mustSupport": true,
        "isSummary": false
      },
      {
        "path": "Patient.contact.relationship.coding.code",
        "min": 1,
        "max": "1",
        "mustSupport": true,
        "isSummary": false
      },
      {
        "path": "Patient.contact.name",
        "min": 0,
        "max": "*",
        "mustSupport": true,
        "isSummary": false
      },
      {
        "path": "Patient.contact.family",
        "min": 1,
        "max": "1",
        "mustSupport": true,
        "isSummary": false
      },
      {
        "path": "Patient.contact.given",
        "min": 0,
        "max": "2",
        "mustSupport": true,
        "isSummary": false
      },
      {
        "path": "Patient.contact.suffix",
        "min": 0,
        "max": "1",
        "mustSupport": true,
        "isSummary": false
      },
      {
        "path": "Patient.contact.telecom",
        "min": 0,
        "max": "3",
        "mustSupport": true,
        "isSummary": false
      },
      {
        "path": "Patient.contact.telecom.system",
        "min": 1,
        "max": "1",
        "mustSupport": true,
        "isSummary": false
      },
      {
        "path": "Patient.contact.telecom.value",
        "min": 1,
        "max": "1",
        "mustSupport": true,
        "isSummary": false
      },
      {
        "path": "Patient.contact.address",
        "min": 0,
        "max": "*",
        "mustSupport": true,
        "isSummary": false
      },
      {
        "path": "Patient.contact.address.extension",
        "short": "County/Parish FIPS codes",
        "formal": "County/Parish FIPS codes.",
        "requirements": "County/Parish Code SHALL use FIPS 6-4  ( INCITS 31:2009).",
        "min": 0,
        "max": "1",
        "type": [
          {
            "code": "Extension",
            "profile": "http://hl7.org/fhir/ExtensionDefinition/us-core-county"
          }
        ],
        "mustSupport": true,
        "isSummary": false
      },
      {
        "path": "Patient.contact.address.extension.extension",
        "min": 1,
        "max": "1",
        "type": [
          {
            "code": "Extension",
            "profile": "http://hl7.org/fhir/ExtensionDefinition/iso21090-SC-coding"
          }
        ],
        "mustSupport": true,
        "isSummary": false,
        "binding": {
          "name": "USFIPSCounty",
          "isExtensible": false,
          "conformance": "required",
          "description": "FIPS codes for US counties and county equivalent entities",
          "referenceReference": {
            "reference": "http://hl7.org/fhir/vs/fips-county"
          }
        }
      },
      {
        "path": "Patient.contact.address.extension.extension.system",
        "min": 1,
        "max": "1",
        "mustSupport": true,
        "isSummary": false
      },
      {
        "path": "Patient.contact.address.extension.extension.code",
        "min": 1,
        "max": "1",
        "mustSupport": true,
        "isSummary": false
      },
      {
        "path": "Patient.contact.address.use",
        "min": 1,
        "max": "1",
        "mustSupport": true,
        "isSummary": false
      },
      {
        "path": "Patient.contact.address.line",
        "min": 0,
        "max": "2",
        "mustSupport": true,
        "isSummary": false
      },
      {
        "path": "Patient.contact.address.city",
        "min": 0,
        "max": "1",
        "mustSupport": true,
        "isSummary": false
      },
      {
        "path": "Patient.contact.address.state",
        "requirements": "State SHALL be the two letter USPS alphabetic codes.",
        "min": 0,
        "max": "1",
        "type": [
          {
            "code": "code"
          }
        ],
        "mustSupport": true,
        "isSummary": false,
        "binding": {
          "name": "USPSState",
          "isExtensible": true,
          "conformance": "required",
          "description": "Two letter USPS alphabetic codes.",
          "referenceReference": {
            "reference": "http://hl7.org/fhir/vs/usps-state"
          }
        }
      },
      {
        "path": "Patient.contact.address.zip",
        "short": "US Zip Codes",
        "formal": "US Zip Codes.",
        "requirements": "Zip or Postal Code SHALL be formatted as 99999[-9999] for US Zip or ZIP +4 codes.",
        "min": 0,
        "max": "1",
        "condition": [
          "2"
        ],
        "constraint": [
          {
            "key": "2",
            "name": "Regex for Zip",
            "severity": "error",
            "human": "(Zip or Postal Code) SHALL be formatted as 99999[-9999] for US Zip or ZIP +4 codes or as A9A9A9 for Canadian postal codes.",
            "xpath": "f:matches(issued,[0-9]{5}(-[0-9]{4}){0,1} )"
          }
        ],
        "mustSupport": true,
        "isSummary": false
      },
      {
        "path": "Patient.contact.address.country",
        "short": "ISO 3166 3 letter Country Code",
        "formal": "ISO 3166 3 letter Country Code.",
        "requirements": "Country SHALL be ISO 3166 3 letter codes.",
        "min": 0,
        "max": "1",
        "type": [
          {
            "code": "code"
          }
        ],
        "mustSupport": true,
        "isSummary": false,
        "binding": {
          "name": "USLabCountry",
          "isExtensible": true,
          "conformance": "required",
          "description": "ISO 3 letter codes",
          "referenceReference": {
            "reference": "http://hl7.org/fhir/vs/uslab-country-codes"
          }
        }
      }
    ]
  }
}