{"active":true,"address":[{"city":"PleasantVille","line":["534 Erewhon St"],"postalCode":"3999","state":"Vic","use":"home"}],"birthDate":"1974-12-25","gender":"male","id":"example","identifier":[{"assigner":{"display":"Acme Healthcare"},"label":"MRN","period":{"start":"2001-05-06"},"system":"urn:oid:1.2.36.146.595.217.0.1","use":"usual","value":"12345"}],"name":[{"family":["Chalmers"],"given":["Peter","James"],"use":"official"},{"given":["Jim"],"use":"usual"}],"resourceType":"Person","telecom":[{"use":"home"},{"system":"phone","use":"work","value":"(03) 5555 6473"}],"text":{"div":"<div>\n      \n      <table>\n        \n        <tbody>\n          \n          <tr>\n            \n            <td>Name</td>\n            \n            <td>Peter James \n              <b>Chalmers</b> (&quot;Jim&quot;)\n            </td>\n          \n          </tr>\n          \n          <tr>\n            \n            <td>Address</td>\n            \n            <td>534 Erewhon, Pleasantville, Vic, 3999</td>\n          \n          </tr>\n          \n          <tr>\n            \n            <td>Contacts</td>\n            \n            <td>Home: unknown. Work: (03) 5555 6473</td>\n          \n          </tr>\n          \n          <tr>\n            \n            <td>Id</td>\n            \n            <td>MRN: 12345 (Acme Healthcare)</td>\n          \n          </tr>\n        \n        </tbody>\n      \n      </table>\n    \n    </div>","status":"generated"}}