{
  "resourceType": "Person",
  "id": "example",
  "text": {
    "status": "generated",
    "div": "<div>\n      \n      <table>\n        \n        <tbody>\n          \n          <tr>\n            \n            <td>Name</td>\n            \n            <td>Peter James \n              <b>Chalmers</b> (&quot;Jim&quot;)\n            </td>\n          \n          </tr>\n          \n          <tr>\n            \n            <td>Address</td>\n            \n            <td>534 Erewhon, Pleasantville, Vic, 3999</td>\n          \n          </tr>\n          \n          <tr>\n            \n            <td>Contacts</td>\n            \n            <td>Home: unknown. Work: (03) 5555 6473</td>\n          \n          </tr>\n          \n          <tr>\n            \n            <td>Id</td>\n            \n            <td>MRN: 12345 (Acme Healthcare)</td>\n          \n          </tr>\n        \n        </tbody>\n      \n      </table>\n    \n    </div>"
  },
  "identifier": [
    {
      "use": "usual",
      "label": "MRN",
      "system": "urn:oid:1.2.36.146.595.217.0.1",
      "value": "12345",
      "period": {
        "start": "2001-05-06"
      },
      "assigner": {
        "display": "Acme Healthcare"
      }
    }
  ],
  "name": [
    {
      "use": "official",
      "family": [
        "Chalmers"
      ],
      "given": [
        "Peter",
        "James"
      ]
    },
    {
      "use": "usual",
      "given": [
        "Jim"
      ]
    }
  ],
  "telecom": [
    {
      "use": "home"
    },
    {
      "system": "phone",
      "value": "(03) 5555 6473",
      "use": "work"
    }
  ],
  "gender": "male",
  "birthDate": "1974-12-25",
  "address": [
    {
      "use": "home",
      "line": [
        "534 Erewhon St"
      ],
      "city": "PleasantVille",
      "state": "Vic",
      "postalCode": "3999"
    }
  ],
  "active": true
}