{
  "resourceType": "Profile",
  "id": "pract-uslab-uslabpract",
  "text": {
    "status": "generated",
    "div": "<div>to do</div>"
  },
  "url": "http://hl7.org/fhir/Profile/pract-uslab-uslabpract",
  "name": "US Laboratory Practitioner Profile",
  "publisher": "HL7 International - Orders and Observations WG",
  "telecom": [
    {
      "system": "url",
      "value": "http://hl7.org"
    }
  ],
  "description": "USLab Practitioner",
  "status": "draft",
  "date": "2014-11-17",
  "type": "Practitioner",
  "base": "http://hl7.org/fhir/Profile/Practitioner",
  "snapshot": {
    "element": [
      {
        "path": "Practitioner",
        "name": "USLabPract",
        "short": "USLab Practitioner",
        "formal": "This is the provider who either ordered a lab test or to whom the results have been sent.",
        "comments": "Note that a cab driver no longer fits the bill. You probably would be interested in the organization rather than the individual?.",
        "requirements": "Need to track doctors, staff, locums etc. for both healthcare practitioners, funders, etc.",
        "synonym": [
          "Provider",
          "Orderer",
          "Submitting  Physician"
        ],
        "min": 1,
        "max": "1",
        "constraint": [
          {
            "key": "1",
            "name": "NameandorID",
            "severity": "error",
            "human": "Shall have Organization.name and/or Organization.identifier.",
            "xpath": "exists(f:name) or exists(f:identifier)"
          }
        ],
        "isSummary": false,
        "mapping": [
          {
            "identity": "v2",
            "map": "PRD (as one example)"
          },
          {
            "identity": "rim",
            "map": "Role"
          },
          {
            "identity": "servd",
            "map": "Provider"
          },
          {
            "identity": "v2",
            "map": "PRD (as one example)"
          },
          {
            "identity": "rim",
            "map": "Role"
          },
          {
            "identity": "servd",
            "map": "Provider"
          }
        ]
      },
      {
        "path": "Practitioner.id",
        "short": "Logical id of this artefact",
        "formal": "The logical id of the resource, as used in the url for the resoure. Once assigned, this value never changes.",
        "comments": "The only time that a resource does not have an id is when it is being submitted to the server using a create operation. Bundles always have an id, though it is usually a generated UUID.",
        "min": 0,
        "max": "1",
        "type": [
          {
            "code": "id"
          }
        ],
        "isSummary": false
      },
      {
        "path": "Practitioner.meta",
        "short": "Metadata about the resource",
        "formal": "The metadata about the resource. This is content that is maintained by the infrastructure. Changes to the content may not always be associated with version changes to the resource.",
        "min": 0,
        "max": "1",
        "isSummary": false
      },
      {
        "path": "Practitioner.meta.id",
        "representation": [
          "xmlAttr"
        ],
        "short": "xml:id (or equivalent in JSON)",
        "formal": "unique id for the element within a resource (for internal references).",
        "min": 0,
        "max": "1",
        "type": [
          {
            "code": "id"
          }
        ],
        "isSummary": false,
        "mapping": [
          {
            "identity": "rim",
            "map": "n/a"
          },
          {
            "identity": "rim",
            "map": "n/a"
          }
        ]
      },
      {
        "path": "Practitioner.meta.extension",
        "short": "Additional Content defined by implementations",
        "formal": "May be used to represent additional information that is not part of the basic definition of the element. In order to make the use of extensions safe and manageable, there is a strict set of governance  applied to the definition and use of extensions. Though any implementer is allowed to define an extension, there is a set of requirements that SHALL be met as part of the definition of the extension.",
        "comments": "There can be no stigma associated with the use of extensions by any application, project, or standard - regardless of the institution or jurisdiction that uses or defines the extensions.  The use of extensions is what allows the FHIR specification to retain a core level of simplicity for everyone.",
        "synonym": [
          "extensions",
          "user content"
        ],
        "min": 0,
        "max": "*",
        "type": [
          {
            "code": "Extension"
          }
        ],
        "isSummary": false,
        "mapping": [
          {
            "identity": "rim",
            "map": "n/a"
          },
          {
            "identity": "rim",
            "map": "n/a"
          }
        ]
      },
      {
        "path": "Practitioner.meta.modifierExtension",
        "short": "Extensions that cannot be ignored",
        "formal": "May be used to represent additional information that is not part of the basic definition of the element, and that modifies the understanding of the element that contains it. Usually modifier elements provide negation or qualification. In order to make the use of extensions safe and manageable, there is a strict set of governance applied to the definition and use of extensions. Though any implementer is allowed to define an extension, there is a set of requirements that SHALL be met as part of the definition of the extension. Applications processing a resource are required to check for modifier extensions.",
        "comments": "There can be no stigma associated with the use of extensions by any application, project, or standard - regardless of the institution or jurisdiction that uses or defines the extensions.  The use of extensions is what allows the FHIR specification to retain a core level of simplicity for everyone.",
        "synonym": [
          "extensions",
          "user content",
          "modifiers"
        ],
        "min": 0,
        "max": "*",
        "type": [
          {
            "code": "Extension"
          }
        ],
        "isSummary": false,
        "mapping": [
          {
            "identity": "rim",
            "map": "N/A"
          },
          {
            "identity": "rim",
            "map": "N/A"
          }
        ]
      },
      {
        "path": "Practitioner.meta.versionId",
        "short": "Version specific identifier",
        "formal": "The version specific identifier, as it appears in the version portion of the url. This values changes when the resource is created, updated, or deleted.",
        "comments": "The server assigns this value, and ignores what the client specifies, except in the case that the server is imposing version integrity on updates/deletes.",
        "min": 0,
        "max": "1",
        "type": [
          {
            "code": "id"
          }
        ],
        "isSummary": false
      },
      {
        "path": "Practitioner.meta.lastUpdated",
        "short": "When the resource version last changed",
        "formal": "When the resource last changed - e.g. when the version changed.",
        "comments": "This value is always populated except when the resource is first being created. The server / resource manager sets this value; what a client provides is irrelevant.",
        "min": 0,
        "max": "1",
        "type": [
          {
            "code": "instant"
          }
        ],
        "isSummary": false
      },
      {
        "path": "Practitioner.meta.profile",
        "short": "Profiles this resource claims to conform to",
        "formal": "A list of profiles that this resource claims to conform to. The URL is a reference to Profile.url.",
        "comments": "It is up to the server and/or other infrastruture of policy to determine whether/how these claims are verified and/or updated over tiem.",
        "min": 0,
        "max": "*",
        "type": [
          {
            "code": "uri"
          }
        ],
        "isSummary": false
      },
      {
        "path": "Practitioner.meta.security",
        "short": "Security Labels applied to this resource",
        "formal": "Security labels applied to this resource. These tags connect specific resources to the overall security policy and infrastructure.",
        "comments": "The security labels can be updated without changing the stated version of the resource.",
        "min": 0,
        "max": "*",
        "type": [
          {
            "code": "Coding"
          }
        ],
        "isSummary": false
      },
      {
        "path": "Practitioner.meta.tag",
        "short": "Tags applied",
        "formal": "Tags applied to this resource. Tags are intended to to be used to identify and relate resources to process and workflow, and applications are not required to consider the tags when interpreting the meaning of a resource.",
        "comments": "The tags can be updated without changing the stated version of the resource.",
        "min": 0,
        "max": "*",
        "type": [
          {
            "code": "Coding"
          }
        ],
        "isSummary": false
      },
      {
        "path": "Practitioner.implicitRules",
        "short": "A set of rules under which this content was created",
        "formal": "A reference to a set of rules that were followed when the resource was constructed, and which must be understood when processing the content.",
        "comments": "Asserting this rule set restricts the content to be only understood by a limited set of trading partners. This inherently limits the usefulness of the data in the long term. However the existing health eco-system is highly fractured, and not yet ready to define, collect, and exchange data in a generally computable sense. Wherever possible, implementers and/or specification writers should avoid using this element as much as possible.",
        "min": 0,
        "max": "1",
        "type": [
          {
            "code": "uri"
          }
        ],
        "isModifier": true,
        "isSummary": false
      },
      {
        "path": "Practitioner.language",
        "short": "Language of the resource content",
        "formal": "The base language in which the resource is written.",
        "comments": "Language is provided to support indexing and accessibility (typically, services such as text to speech use the language tag). The html language tag in the narrative applies  to the narrative. The language tag on the resource may be used to specify the language of other presentations generated from the data in the resource\n\nNot all the content has to be in the base language. The Resource.language should not be assumed to apply to the narrative automatically. If a language is specified, it should it also be specified on the div element in the html (see rules in HTML5 for information about the relationship between xml:lang and the html lang attribute).",
        "min": 0,
        "max": "1",
        "type": [
          {
            "code": "code"
          }
        ],
        "isSummary": false,
        "binding": {
          "name": "Language",
          "isExtensible": false,
          "conformance": "required",
          "description": "A human language",
          "referenceUri": "http://tools.ietf.org/html/bcp47"
        }
      },
      {
        "path": "Practitioner.text",
        "short": "Text summary of the resource, for human interpretation",
        "formal": "A human-readable narrative that contains a summary of the resource, and may be used to represent the content of the resource to a human. The narrative need not encode all the structured data, but is required to contain sufficient detail to make it \"clinically safe\" for a human to just read the narrative. Resource definitions may define what content should be represented in the narrative to ensure clinical safety.",
        "comments": "Contained resources do not have narrative. Resources that are not contained SHOULD have a narrative.",
        "synonym": [
          "narrative",
          "html",
          "xhtml",
          "display"
        ],
        "min": 1,
        "max": "1",
        "condition": [
          "1"
        ],
        "mustSupport": true,
        "isSummary": false,
        "mapping": [
          {
            "identity": "rim",
            "map": "Act.text?"
          },
          {
            "identity": "rim",
            "map": "Act.text?"
          }
        ]
      },
      {
        "path": "Practitioner.contained",
        "short": "Contained, inline Resources",
        "formal": "These resources do not have an independent existence apart from the resource that contains them - they cannot be identified independently, and nor can they have their own independent transaction scope.",
        "comments": "This should never be done when the content can be identified properly, as once identification is lost, it is extremely difficult (and context dependent) to restore it again.",
        "synonym": [
          "inline resources",
          "anonymous resources",
          "contained resources"
        ],
        "min": 0,
        "max": "*",
        "type": [
          {
            "code": "Resource"
          }
        ],
        "isSummary": false,
        "mapping": [
          {
            "identity": "rim",
            "map": "N/A"
          },
          {
            "identity": "rim",
            "map": "N/A"
          }
        ]
      },
      {
        "path": "Practitioner.extension",
        "short": "Additional Content defined by implementations",
        "formal": "May be used to represent additional information that is not part of the basic definition of the resource. In order to make the use of extensions safe and manageable, there is a strict set of governance  applied to the definition and use of extensions. Though any implementer is allowed to define an extension, there is a set of requirements that SHALL be met as part of the definition of the extension.",
        "comments": "There can be no stigma associated with the use of extensions by any application, project, or standard - regardless of the institution or jurisdiction that uses or defines the extensions.  The use of extensions is what allows the FHIR specification to retain a core level of simplicity for everyone.",
        "synonym": [
          "extensions",
          "user content"
        ],
        "min": 0,
        "max": "*",
        "type": [
          {
            "code": "Extension"
          }
        ],
        "isSummary": false,
        "mapping": [
          {
            "identity": "rim",
            "map": "N/A"
          },
          {
            "identity": "rim",
            "map": "N/A"
          }
        ]
      },
      {
        "path": "Practitioner.modifierExtension",
        "short": "Extensions that cannot be ignored",
        "formal": "May be used to represent additional information that is not part of the basic definition of the resource, and that modifies the understanding of the element that contains it. Usually modifier elements provide negation or qualification. In order to make the use of extensions safe and manageable, there is a strict set of governance applied to the definition and use of extensions. Though any implementer is allowed to define an extension, there is a set of requirements that SHALL be met as part of the definition of the extension. Applications processing a resource are required to check for modifier extensions.",
        "comments": "There can be no stigma associated with the use of extensions by any application, project, or standard - regardless of the institution or jurisdiction that uses or defines the extensions.  The use of extensions is what allows the FHIR specification to retain a core level of simplicity for everyone.",
        "synonym": [
          "extensions",
          "user content"
        ],
        "min": 0,
        "max": "*",
        "type": [
          {
            "code": "Extension"
          }
        ],
        "isSummary": false,
        "mapping": [
          {
            "identity": "rim",
            "map": "N/A"
          },
          {
            "identity": "rim",
            "map": "N/A"
          }
        ]
      },
      {
        "path": "Practitioner.identifier",
        "short": "A identifier for the person as this agent",
        "formal": "An identifier that applies to this person in this role.",
        "comments": "The identifier shall be a provider NPI.",
        "requirements": "Either id or name is needed.",
        "min": 0,
        "max": "1",
        "type": [
          {
            "code": "Identifier"
          }
        ],
        "patternIdentifier": {
          "use": "official",
          "label": "NPI",
          "assigner": {
            "reference": "https://nppes.cms.hhs.gov/NPPES/",
            "display": "The Centers for Medicare and Medicaid Services (CMS)  National Plan and Provider Enumeration System (NPPES"
          }
        },
        "mustSupport": true,
        "isSummary": false,
        "mapping": [
          {
            "identity": "v2",
            "map": "PRD-7 (or XCN.1 Person Identifier)"
          },
          {
            "identity": "rim",
            "map": "./id"
          },
          {
            "identity": "servd",
            "map": "./Identifiers"
          },
          {
            "identity": "v2",
            "map": "PRD-7 (or XCN.1 Person Identifier)"
          },
          {
            "identity": "rim",
            "map": "./id"
          },
          {
            "identity": "servd",
            "map": "./Identifiers"
          }
        ]
      },
      {
        "path": "Practitioner.identifier.id",
        "representation": [
          "xmlAttr"
        ],
        "short": "xml:id (or equivalent in JSON)",
        "formal": "unique id for the element within a resource (for internal references).",
        "min": 0,
        "max": "1",
        "type": [
          {
            "code": "id"
          }
        ],
        "isSummary": false,
        "mapping": [
          {
            "identity": "rim",
            "map": "n/a"
          },
          {
            "identity": "rim",
            "map": "n/a"
          }
        ]
      },
      {
        "path": "Practitioner.identifier.extension",
        "short": "Additional Content defined by implementations",
        "formal": "May be used to represent additional information that is not part of the basic definition of the element. In order to make the use of extensions safe and manageable, there is a strict set of governance  applied to the definition and use of extensions. Though any implementer is allowed to define an extension, there is a set of requirements that SHALL be met as part of the definition of the extension.",
        "comments": "There can be no stigma associated with the use of extensions by any application, project, or standard - regardless of the institution or jurisdiction that uses or defines the extensions.  The use of extensions is what allows the FHIR specification to retain a core level of simplicity for everyone.",
        "synonym": [
          "extensions",
          "user content"
        ],
        "min": 0,
        "max": "*",
        "type": [
          {
            "code": "Extension"
          }
        ],
        "isSummary": false,
        "mapping": [
          {
            "identity": "rim",
            "map": "n/a"
          },
          {
            "identity": "rim",
            "map": "n/a"
          }
        ]
      },
      {
        "path": "Practitioner.identifier.use",
        "short": "usual | official | temp | secondary (If known)",
        "formal": "The purpose of this identifier.",
        "comments": "This is labeled as \"Is Modifier\" because applications should not mistake a temporary id for a permanent one. Applications can assume that an identifier is permanent unless it explicitly says that it is temporary.",
        "requirements": "Allows the appropriate identifier for a particular context of use to be selected from among a set of identifiers.",
        "min": 0,
        "max": "1",
        "type": [
          {
            "code": "code"
          }
        ],
        "isModifier": true,
        "isSummary": false,
        "binding": {
          "name": "IdentifierUse",
          "isExtensible": false,
          "conformance": "required",
          "description": "Identifies the purpose for this identifier, if known",
          "referenceReference": {
            "reference": "http://hl7.org/fhir/vs/identifier-use"
          }
        },
        "mapping": [
          {
            "identity": "v2",
            "map": "N/A"
          },
          {
            "identity": "rim",
            "map": "Role.code or implied by context"
          },
          {
            "identity": "v2",
            "map": "N/A"
          },
          {
            "identity": "rim",
            "map": "Role.code or implied by context"
          }
        ]
      },
      {
        "path": "Practitioner.identifier.label",
        "short": "Description of identifier",
        "formal": "A text string for the identifier that can be displayed to a human so they can recognize the identifier.",
        "requirements": "Allows humans to make use of identifiers when the identifier system is not known.",
        "min": 0,
        "max": "1",
        "type": [
          {
            "code": "string"
          }
        ],
        "isSummary": false,
        "mapping": [
          {
            "identity": "v2",
            "map": "CX.5"
          },
          {
            "identity": "rim",
            "map": "Role.title or implied by context"
          },
          {
            "identity": "v2",
            "map": "CX.5"
          },
          {
            "identity": "rim",
            "map": "Role.title or implied by context"
          }
        ]
      },
      {
        "path": "Practitioner.identifier.system",
        "short": "The namespace for the identifier",
        "formal": "Establishes the namespace in which set of possible id values is unique.",
        "requirements": "There are many sequences of identifiers.  To perform matching, we need to know what sequence we're dealing with. The system identifies a particular sequence or set of unique identifiers.",
        "min": 0,
        "max": "1",
        "type": [
          {
            "code": "uri"
          }
        ],
        "exampleUri": "http://www.acme.com/identifiers/patient or urn:ietf:rfc:3986 if the id itself is a full uri",
        "isSummary": false,
        "mapping": [
          {
            "identity": "v2",
            "map": "CX.4 / EI-2-4"
          },
          {
            "identity": "rim",
            "map": "II.root or Role.id.root"
          },
          {
            "identity": "servd",
            "map": "./IdentifierType"
          },
          {
            "identity": "v2",
            "map": "CX.4 / EI-2-4"
          },
          {
            "identity": "rim",
            "map": "II.root or Role.id.root"
          },
          {
            "identity": "servd",
            "map": "./IdentifierType"
          }
        ]
      },
      {
        "path": "Practitioner.identifier.value",
        "short": "NPI Provider Number",
        "formal": "NPI Provider Number.",
        "comments": "If the value is a full URI, then the system SHALL be urn:ietf:rfc:3986.",
        "min": 1,
        "max": "1",
        "exampleString": "123456",
        "mustSupport": true,
        "isSummary": false,
        "mapping": [
          {
            "identity": "v2",
            "map": "CX.1 / EI.1"
          },
          {
            "identity": "rim",
            "map": "II.extension or II.root if system indicates OID or GUID (Or Role.id.extension or root)"
          },
          {
            "identity": "servd",
            "map": "./Value"
          },
          {
            "identity": "v2",
            "map": "CX.1 / EI.1"
          },
          {
            "identity": "rim",
            "map": "II.extension or II.root if system indicates OID or GUID (Or Role.id.extension or root)"
          },
          {
            "identity": "servd",
            "map": "./Value"
          }
        ]
      },
      {
        "path": "Practitioner.identifier.period",
        "short": "Time period when id is/was valid for use",
        "formal": "Time period during which identifier is/was valid for use.",
        "min": 0,
        "max": "1",
        "type": [
          {
            "code": "Period"
          }
        ],
        "isSummary": false,
        "mapping": [
          {
            "identity": "v2",
            "map": "CX.7 + CX.8"
          },
          {
            "identity": "rim",
            "map": "Role.effectiveTime or implied by context"
          },
          {
            "identity": "servd",
            "map": "./StartDate and ./EndDate"
          },
          {
            "identity": "v2",
            "map": "CX.7 + CX.8"
          },
          {
            "identity": "rim",
            "map": "Role.effectiveTime or implied by context"
          },
          {
            "identity": "servd",
            "map": "./StartDate and ./EndDate"
          }
        ]
      },
      {
        "path": "Practitioner.identifier.assigner",
        "short": "Organization that issued id (may be just text)",
        "formal": "Organization that issued/manages the identifier.",
        "comments": "The reference may be just a text description of the assigner.",
        "min": 0,
        "max": "1",
        "type": [
          {
            "code": "Reference",
            "profile": "http://hl7.org/fhir/Profile/Organization"
          }
        ],
        "isSummary": false,
        "mapping": [
          {
            "identity": "v2",
            "map": "CX.4 / (CX.4,CX.9,CX.10)"
          },
          {
            "identity": "rim",
            "map": "II.assigningAuthorityName but note that this is an improper use by the definition of the field.  Also Role.scoper"
          },
          {
            "identity": "servd",
            "map": "./IdentifierIssuingAuthority"
          },
          {
            "identity": "v2",
            "map": "CX.4 / (CX.4,CX.9,CX.10)"
          },
          {
            "identity": "rim",
            "map": "II.assigningAuthorityName but note that this is an improper use by the definition of the field.  Also Role.scoper"
          },
          {
            "identity": "servd",
            "map": "./IdentifierIssuingAuthority"
          }
        ]
      },
      {
        "path": "Practitioner.name",
        "short": "A name associated with the person",
        "formal": "A name associated with the person.",
        "requirements": "Contact persons need to be identified by name, but it is uncommon to need details about multiple other names for that person.",
        "min": 0,
        "max": "1",
        "type": [
          {
            "code": "HumanName"
          }
        ],
        "mustSupport": true,
        "isSummary": false,
        "mapping": [
          {
            "identity": "v2",
            "map": "XCN Components"
          },
          {
            "identity": "rim",
            "map": "./name"
          },
          {
            "identity": "servd",
            "map": "./PreferredName (GivenNames, FamilyName, TitleCode)"
          },
          {
            "identity": "v2",
            "map": "XCN Components"
          },
          {
            "identity": "rim",
            "map": "./name"
          },
          {
            "identity": "servd",
            "map": "./PreferredName (GivenNames, FamilyName, TitleCode)"
          }
        ]
      },
      {
        "path": "Practitioner.name.id",
        "representation": [
          "xmlAttr"
        ],
        "short": "xml:id (or equivalent in JSON)",
        "formal": "unique id for the element within a resource (for internal references).",
        "min": 0,
        "max": "1",
        "type": [
          {
            "code": "id"
          }
        ],
        "isSummary": false,
        "mapping": [
          {
            "identity": "rim",
            "map": "n/a"
          },
          {
            "identity": "rim",
            "map": "n/a"
          }
        ]
      },
      {
        "path": "Practitioner.name.extension",
        "short": "Additional Content defined by implementations",
        "formal": "May be used to represent additional information that is not part of the basic definition of the element. In order to make the use of extensions safe and manageable, there is a strict set of governance  applied to the definition and use of extensions. Though any implementer is allowed to define an extension, there is a set of requirements that SHALL be met as part of the definition of the extension.",
        "comments": "There can be no stigma associated with the use of extensions by any application, project, or standard - regardless of the institution or jurisdiction that uses or defines the extensions.  The use of extensions is what allows the FHIR specification to retain a core level of simplicity for everyone.",
        "synonym": [
          "extensions",
          "user content"
        ],
        "min": 0,
        "max": "*",
        "type": [
          {
            "code": "Extension"
          }
        ],
        "isSummary": false,
        "mapping": [
          {
            "identity": "rim",
            "map": "n/a"
          },
          {
            "identity": "rim",
            "map": "n/a"
          }
        ]
      },
      {
        "path": "Practitioner.name.use",
        "short": "usual | official | temp | nickname | anonymous | old | maiden",
        "formal": "Identifies the purpose for this name.",
        "comments": "This is labeled as \"Is Modifier\" because applications should not mistake a temporary or old name etc for a current/permanent one. Applications can assume that a name is current unless it explicitly says that it is temporary or old.",
        "requirements": "Allows the appropriate name for a particular context of use to be selected from among a set of names.",
        "min": 0,
        "max": "1",
        "type": [
          {
            "code": "code"
          }
        ],
        "isModifier": true,
        "isSummary": false,
        "binding": {
          "name": "NameUse",
          "isExtensible": false,
          "conformance": "required",
          "description": "The use of a human name",
          "referenceReference": {
            "reference": "http://hl7.org/fhir/vs/name-use"
          }
        },
        "mapping": [
          {
            "identity": "v2",
            "map": "XPN.7, but often indicated by which field contains the name"
          },
          {
            "identity": "rim",
            "map": "unique(./use)"
          },
          {
            "identity": "servd",
            "map": "./NamePurpose"
          },
          {
            "identity": "v2",
            "map": "XPN.7, but often indicated by which field contains the name"
          },
          {
            "identity": "rim",
            "map": "unique(./use)"
          },
          {
            "identity": "servd",
            "map": "./NamePurpose"
          }
        ]
      },
      {
        "path": "Practitioner.name.text",
        "short": "Text representation of the full name",
        "formal": "A full text representation of the name.",
        "comments": "Can provide both a text representation and structured parts.",
        "requirements": "A renderable, unencoded form.",
        "min": 0,
        "max": "1",
        "type": [
          {
            "code": "string"
          }
        ],
        "isSummary": false,
        "mapping": [
          {
            "identity": "v2",
            "map": "implied by XPN.11"
          },
          {
            "identity": "rim",
            "map": "./formatted"
          },
          {
            "identity": "v2",
            "map": "implied by XPN.11"
          },
          {
            "identity": "rim",
            "map": "./formatted"
          }
        ]
      },
      {
        "path": "Practitioner.name.family",
        "short": "Family name (often called 'Surname')",
        "formal": "The part of a name that links to the genealogy. In some cultures (e.g. Eritrea) the family name of a son is the first name of his father.",
        "comments": "For family name, hyphenated names such as \"Smith-Jones\" are a single name, but names with spaces such as \"Smith Jones\" are broken into multiple parts.",
        "synonym": [
          "surname"
        ],
        "min": 1,
        "max": "1",
        "mustSupport": true,
        "isSummary": false,
        "mapping": [
          {
            "identity": "v2",
            "map": "XPN.1"
          },
          {
            "identity": "rim",
            "map": "./part[partType = FAM]"
          },
          {
            "identity": "servd",
            "map": "./FamilyName"
          },
          {
            "identity": "v2",
            "map": "XPN.1"
          },
          {
            "identity": "rim",
            "map": "./part[partType = FAM]"
          },
          {
            "identity": "servd",
            "map": "./FamilyName"
          }
        ]
      },
      {
        "path": "Practitioner.name.given",
        "short": "Given names (not always 'first'). Includes middle names",
        "formal": "Given name.",
        "comments": "Can be first and middle name or initial.",
        "synonym": [
          "first name",
          "middle name"
        ],
        "min": 0,
        "max": "2",
        "mustSupport": true,
        "isSummary": false,
        "mapping": [
          {
            "identity": "v2",
            "map": "XPN.2 + XPN.3"
          },
          {
            "identity": "rim",
            "map": "./part[partType = GIV]"
          },
          {
            "identity": "servd",
            "map": "./GivenNames"
          },
          {
            "identity": "v2",
            "map": "XPN.2 + XPN.3"
          },
          {
            "identity": "rim",
            "map": "./part[partType = GIV]"
          },
          {
            "identity": "servd",
            "map": "./GivenNames"
          }
        ]
      },
      {
        "path": "Practitioner.name.prefix",
        "short": "Parts that come before the name",
        "formal": "Part of the name that is acquired as a title due to academic, legal, employment or nobility status, etc. and that appears at the start of the name.",
        "min": 0,
        "max": "1",
        "mustSupport": true,
        "isSummary": false,
        "mapping": [
          {
            "identity": "v2",
            "map": "XPN.5"
          },
          {
            "identity": "rim",
            "map": "./part[partType = PFX]"
          },
          {
            "identity": "servd",
            "map": "./TitleCode"
          },
          {
            "identity": "v2",
            "map": "XPN.5"
          },
          {
            "identity": "rim",
            "map": "./part[partType = PFX]"
          },
          {
            "identity": "servd",
            "map": "./TitleCode"
          }
        ]
      },
      {
        "path": "Practitioner.name.suffix",
        "short": "Parts that come after the name",
        "formal": "Part of the name that is acquired as a title due to academic, legal, employment or nobility status, etc. and that appears at the end of the name.",
        "min": 0,
        "max": "1",
        "mustSupport": true,
        "isSummary": false,
        "mapping": [
          {
            "identity": "v2",
            "map": "XPN/4"
          },
          {
            "identity": "rim",
            "map": "./part[partType = SFX]"
          },
          {
            "identity": "v2",
            "map": "XPN/4"
          },
          {
            "identity": "rim",
            "map": "./part[partType = SFX]"
          }
        ]
      },
      {
        "path": "Practitioner.name.period",
        "short": "Time period when name was/is in use",
        "formal": "Indicates the period of time when this name was valid for the named person.",
        "requirements": "Allows names to be placed in historical context.",
        "min": 0,
        "max": "1",
        "type": [
          {
            "code": "Period"
          }
        ],
        "isSummary": false,
        "mapping": [
          {
            "identity": "v2",
            "map": "XPN.13 + XPN.14"
          },
          {
            "identity": "rim",
            "map": "./usablePeriod[type=\"IVL<TS>\"]"
          },
          {
            "identity": "servd",
            "map": "./StartDate and ./EndDate"
          },
          {
            "identity": "v2",
            "map": "XPN.13 + XPN.14"
          },
          {
            "identity": "rim",
            "map": "./usablePeriod[type=\"IVL<TS>\"]"
          },
          {
            "identity": "servd",
            "map": "./StartDate and ./EndDate"
          }
        ]
      },
      {
        "path": "Practitioner.telecom",
        "short": "A contact detail for the practitioner",
        "formal": "A contact detail for the practitioner, e.g. a telephone number or an email address.",
        "comments": "Person may have multiple ways to be contacted with different uses or applicable periods. \rMay need to have options for contacting the person urgently, and also to help with identification.",
        "requirements": "Need to know how to reach a practitioner.",
        "min": 0,
        "max": "2",
        "mustSupport": true,
        "isSummary": false,
        "mapping": [
          {
            "identity": "v2",
            "map": "PRT-15, STF-10, ROL-12"
          },
          {
            "identity": "rim",
            "map": "./telecom"
          },
          {
            "identity": "servd",
            "map": "./ContactPoints"
          },
          {
            "identity": "v2",
            "map": "PRT-15, STF-10, ROL-12"
          },
          {
            "identity": "rim",
            "map": "./telecom"
          },
          {
            "identity": "servd",
            "map": "./ContactPoints"
          }
        ]
      },
      {
        "path": "Practitioner.address",
        "short": "Where practitioner can be found/visited",
        "formal": "The postal address where the practitioner can be found or visited or to which mail can be delivered.",
        "requirements": "Need to keep track where the practitioner can found during work or for directing mail.",
        "min": 0,
        "max": "*",
        "type": [
          {
            "code": "Address"
          }
        ],
        "isSummary": true,
        "mapping": [
          {
            "identity": "v2",
            "map": "ORC-24, STF-11, ROL-11, PRT-14"
          },
          {
            "identity": "rim",
            "map": "./addr"
          },
          {
            "identity": "servd",
            "map": "./Addresses"
          },
          {
            "identity": "v2",
            "map": "ORC-24, STF-11, ROL-11, PRT-14"
          },
          {
            "identity": "rim",
            "map": "./addr"
          },
          {
            "identity": "servd",
            "map": "./Addresses"
          }
        ]
      },
      {
        "path": "Practitioner.gender",
        "short": "male | female | other | unknown",
        "formal": "Administrative Gender - the gender that the person is considered to have for administration and record keeping purposes.",
        "requirements": "Needed to address the person correctly.",
        "min": 0,
        "max": "1",
        "type": [
          {
            "code": "code"
          }
        ],
        "isSummary": true,
        "binding": {
          "name": "AdministrativeGender",
          "isExtensible": false,
          "conformance": "required",
          "description": "The gender of a person used for administrative purposes",
          "referenceReference": {
            "reference": "http://hl7.org/fhir/vs/administrative-gender"
          }
        },
        "mapping": [
          {
            "identity": "v2",
            "map": "STF-5"
          },
          {
            "identity": "rim",
            "map": "./administrativeGender"
          },
          {
            "identity": "servd",
            "map": "./GenderCode"
          },
          {
            "identity": "v2",
            "map": "STF-5"
          },
          {
            "identity": "rim",
            "map": "./administrativeGender"
          },
          {
            "identity": "servd",
            "map": "./GenderCode"
          }
        ]
      },
      {
        "path": "Practitioner.birthDate",
        "short": "The date and time of birth for the practitioner",
        "formal": "The date and time of birth for the practitioner.",
        "requirements": "Needed for identification.",
        "min": 0,
        "max": "1",
        "type": [
          {
            "code": "dateTime"
          }
        ],
        "isSummary": true,
        "mapping": [
          {
            "identity": "v2",
            "map": "STF-6"
          },
          {
            "identity": "rim",
            "map": "./birthTime"
          },
          {
            "identity": "servd",
            "map": "(not represented in ServD)"
          },
          {
            "identity": "v2",
            "map": "STF-6"
          },
          {
            "identity": "rim",
            "map": "./birthTime"
          },
          {
            "identity": "servd",
            "map": "(not represented in ServD)"
          }
        ]
      },
      {
        "path": "Practitioner.photo",
        "short": "Image of the person",
        "formal": "Image of the person.",
        "requirements": "Many EHR systems have the capability to capture an image of patients and personnel. Fits with newer social media usage too.",
        "min": 0,
        "max": "*",
        "type": [
          {
            "code": "Attachment"
          }
        ],
        "isSummary": false,
        "mapping": [
          {
            "identity": "rim",
            "map": "./subjectOf/ObservationEvent[code=\"photo\"]/value"
          },
          {
            "identity": "servd",
            "map": "./ImageURI (only supports the URI reference)"
          },
          {
            "identity": "rim",
            "map": "./subjectOf/ObservationEvent[code=\"photo\"]/value"
          },
          {
            "identity": "servd",
            "map": "./ImageURI (only supports the URI reference)"
          }
        ]
      },
      {
        "path": "Practitioner.organization",
        "short": "The represented organization",
        "formal": "The organization that the practitioner represents.",
        "requirements": "Need to be able to track the represented organization separately, if any.",
        "min": 0,
        "max": "1",
        "type": [
          {
            "code": "Reference",
            "profile": "http://hl7.org/fhir/Profile/Organization"
          }
        ],
        "isSummary": true,
        "mapping": [
          {
            "identity": "v2",
            "map": "PRD-10 (-> 14) / PRA-9-Institution / PRT-8-Participation Organization for person participation"
          },
          {
            "identity": "rim",
            "map": "./scoper"
          },
          {
            "identity": "servd",
            "map": "(ServD maps Practitioners and Organizations via another entity, so this concept is not available)"
          },
          {
            "identity": "v2",
            "map": "PRD-10 (-> 14) / PRA-9-Institution / PRT-8-Participation Organization for person participation"
          },
          {
            "identity": "rim",
            "map": "./scoper"
          },
          {
            "identity": "servd",
            "map": "(ServD maps Practitioners and Organizations via another entity, so this concept is not available)"
          }
        ]
      },
      {
        "path": "Practitioner.role",
        "short": "Roles which this practitioner may perform",
        "formal": "Roles which this practitioner is authorized to perform for the organization.",
        "comments": "A person may have more than one role. At least one role is required.",
        "requirements": "Need to know what authority the practitioner has - what can they do?.",
        "min": 0,
        "max": "*",
        "type": [
          {
            "code": "CodeableConcept"
          }
        ],
        "isSummary": true,
        "binding": {
          "name": "PractitionerRole",
          "isExtensible": true,
          "conformance": "example",
          "description": "The role a person plays representing an organization",
          "referenceReference": {
            "reference": "http://hl7.org/fhir/vs/practitioner-role"
          }
        },
        "mapping": [
          {
            "identity": "v2",
            "map": "PRD-1 / STF-18-job title / PRA-3-practitioner category  / PRT-4-Participation / ROL-3-role-ROL / ORC-12-ordering provider / OBR-16-ordering provider / PV1-7-attending doctor / PV1-8-referring doctor / PV1-9-consulting doctor / PV1-17-admitting doctor"
          },
          {
            "identity": "rim",
            "map": "./code"
          },
          {
            "identity": "servd",
            "map": "(ServD maps Practitioners and Organizations via another entity, so this concept is not available)"
          },
          {
            "identity": "v2",
            "map": "PRD-1 / STF-18-job title / PRA-3-practitioner category  / PRT-4-Participation / ROL-3-role-ROL / ORC-12-ordering provider / OBR-16-ordering provider / PV1-7-attending doctor / PV1-8-referring doctor / PV1-9-consulting doctor / PV1-17-admitting doctor"
          },
          {
            "identity": "rim",
            "map": "./code"
          },
          {
            "identity": "servd",
            "map": "(ServD maps Practitioners and Organizations via another entity, so this concept is not available)"
          }
        ]
      },
      {
        "path": "Practitioner.specialty",
        "short": "Specific specialty of the practitioner",
        "formal": "Specific specialty of the practitioner.",
        "min": 0,
        "max": "*",
        "type": [
          {
            "code": "CodeableConcept"
          }
        ],
        "isSummary": true,
        "binding": {
          "name": "PractitionerSpecialty",
          "isExtensible": true,
          "conformance": "example",
          "description": "Specific specialty associated with the agency",
          "referenceReference": {
            "reference": "http://hl7.org/fhir/vs/practitioner-specialty"
          }
        },
        "mapping": [
          {
            "identity": "v2",
            "map": "PRA-5-specialty"
          },
          {
            "identity": "rim",
            "map": "indirectAuthority/QualifiedEntity[code < Speciality]/code"
          },
          {
            "identity": "servd",
            "map": "./Specialty"
          },
          {
            "identity": "v2",
            "map": "PRA-5-specialty"
          },
          {
            "identity": "rim",
            "map": "indirectAuthority/QualifiedEntity[code < Speciality]/code"
          },
          {
            "identity": "servd",
            "map": "./Specialty"
          }
        ]
      },
      {
        "path": "Practitioner.period",
        "short": "The period during which the practitioner is authorized to perform in these role(s)",
        "formal": "The period during which the person is authorized to act as a practitioner in these role(s) for the organization.",
        "requirements": "Even after the agencies is revoked, the fact that it existed must still be recorded.",
        "min": 0,
        "max": "1",
        "type": [
          {
            "code": "Period"
          }
        ],
        "isSummary": true,
        "mapping": [
          {
            "identity": "v2",
            "map": "PRD-8/9 / PRA-5.4-date of certification"
          },
          {
            "identity": "rim",
            "map": "./effectiveTime"
          },
          {
            "identity": "servd",
            "map": "(ServD maps Practitioners and Organizations via another entity, so this concept is not available)"
          },
          {
            "identity": "v2",
            "map": "PRD-8/9 / PRA-5.4-date of certification"
          },
          {
            "identity": "rim",
            "map": "./effectiveTime"
          },
          {
            "identity": "servd",
            "map": "(ServD maps Practitioners and Organizations via another entity, so this concept is not available)"
          }
        ]
      },
      {
        "path": "Practitioner.location",
        "short": "The location(s) at which this practitioner provides care",
        "formal": "The location(s) at which this practitioner provides care.",
        "min": 0,
        "max": "*",
        "type": [
          {
            "code": "Reference",
            "profile": "http://hl7.org/fhir/Profile/Location"
          }
        ],
        "isSummary": false,
        "mapping": [
          {
            "identity": "rim",
            "map": "./target[classCode=\"indirectAuthority].source[classCode=SDLOC]"
          },
          {
            "identity": "servd",
            "map": "(ServD maps Practitioners and Organizations via another entity, so this concept is not available)<br/>\nHowever these are accessed via the Site.ServiceSite.ServiceSiteProvider record. (The Site has the location)"
          },
          {
            "identity": "rim",
            "map": "./target[classCode=\"indirectAuthority].source[classCode=SDLOC]"
          },
          {
            "identity": "servd",
            "map": "(ServD maps Practitioners and Organizations via another entity, so this concept is not available)<br/>\nHowever these are accessed via the Site.ServiceSite.ServiceSiteProvider record. (The Site has the location)"
          }
        ]
      },
      {
        "path": "Practitioner.qualification",
        "short": "Qualifications obtained by training and certification",
        "formal": "Qualifications obtained by training and certification.",
        "min": 0,
        "max": "*",
        "isSummary": false,
        "mapping": [
          {
            "identity": "v2",
            "map": "CER?"
          },
          {
            "identity": "rim",
            "map": "./indirectAuthority/QualifiedEntity[code < qualifiedEntity]"
          },
          {
            "identity": "servd",
            "map": "./Qualifications"
          },
          {
            "identity": "v2",
            "map": "CER?"
          },
          {
            "identity": "rim",
            "map": "./indirectAuthority/QualifiedEntity[code < qualifiedEntity]"
          },
          {
            "identity": "servd",
            "map": "./Qualifications"
          }
        ]
      },
      {
        "path": "Practitioner.qualification.id",
        "representation": [
          "xmlAttr"
        ],
        "short": "xml:id (or equivalent in JSON)",
        "formal": "unique id for the element within a resource (for internal references).",
        "min": 0,
        "max": "1",
        "type": [
          {
            "code": "id"
          }
        ],
        "isSummary": false,
        "mapping": [
          {
            "identity": "rim",
            "map": "n/a"
          },
          {
            "identity": "rim",
            "map": "n/a"
          }
        ]
      },
      {
        "path": "Practitioner.qualification.extension",
        "short": "Additional Content defined by implementations",
        "formal": "May be used to represent additional information that is not part of the basic definition of the element. In order to make the use of extensions safe and manageable, there is a strict set of governance  applied to the definition and use of extensions. Though any implementer is allowed to define an extension, there is a set of requirements that SHALL be met as part of the definition of the extension.",
        "comments": "There can be no stigma associated with the use of extensions by any application, project, or standard - regardless of the institution or jurisdiction that uses or defines the extensions.  The use of extensions is what allows the FHIR specification to retain a core level of simplicity for everyone.",
        "synonym": [
          "extensions",
          "user content"
        ],
        "min": 0,
        "max": "*",
        "type": [
          {
            "code": "Extension"
          }
        ],
        "isSummary": false,
        "mapping": [
          {
            "identity": "rim",
            "map": "n/a"
          },
          {
            "identity": "rim",
            "map": "n/a"
          }
        ]
      },
      {
        "path": "Practitioner.qualification.modifierExtension",
        "short": "Extensions that cannot be ignored",
        "formal": "May be used to represent additional information that is not part of the basic definition of the element, and that modifies the understanding of the element that contains it. Usually modifier elements provide negation or qualification. In order to make the use of extensions safe and manageable, there is a strict set of governance applied to the definition and use of extensions. Though any implementer is allowed to define an extension, there is a set of requirements that SHALL be met as part of the definition of the extension. Applications processing a resource are required to check for modifier extensions.",
        "comments": "There can be no stigma associated with the use of extensions by any application, project, or standard - regardless of the institution or jurisdiction that uses or defines the extensions.  The use of extensions is what allows the FHIR specification to retain a core level of simplicity for everyone.",
        "synonym": [
          "extensions",
          "user content",
          "modifiers"
        ],
        "min": 0,
        "max": "*",
        "type": [
          {
            "code": "Extension"
          }
        ],
        "isSummary": false,
        "mapping": [
          {
            "identity": "rim",
            "map": "N/A"
          },
          {
            "identity": "rim",
            "map": "N/A"
          }
        ]
      },
      {
        "path": "Practitioner.qualification.identifier",
        "short": "An identifier for this qualification for the practitioner",
        "formal": "An identifier that applies to this person's qualification in this role.",
        "requirements": "Often, specific identities are assigned for the qualification.",
        "min": 0,
        "max": "*",
        "type": [
          {
            "code": "Identifier"
          }
        ],
        "isSummary": false
      },
      {
        "path": "Practitioner.qualification.code",
        "short": "Coded representation of the qualification",
        "formal": "Coded representation of the qualification.",
        "min": 1,
        "max": "1",
        "type": [
          {
            "code": "CodeableConcept"
          }
        ],
        "isSummary": false,
        "binding": {
          "name": "Qualification",
          "isExtensible": true,
          "conformance": "example",
          "description": "Specific qualification the practitioner has to provide a service",
          "referenceReference": {
            "reference": "http://hl7.org/fhir/vs/anzsco-occupations"
          }
        },
        "mapping": [
          {
            "identity": "rim",
            "map": "./code"
          },
          {
            "identity": "servd",
            "map": "./Qualifications.Value"
          },
          {
            "identity": "rim",
            "map": "./code"
          },
          {
            "identity": "servd",
            "map": "./Qualifications.Value"
          }
        ]
      },
      {
        "path": "Practitioner.qualification.period",
        "short": "Period during which the qualification is valid",
        "formal": "Period during which the qualification is valid.",
        "requirements": "Qualifications are often for a limited period of time, and can be revoked.",
        "min": 0,
        "max": "1",
        "type": [
          {
            "code": "Period"
          }
        ],
        "isSummary": false,
        "mapping": [
          {
            "identity": "rim",
            "map": "./effectiveTime"
          },
          {
            "identity": "servd",
            "map": "./Qualifications.StartDate and ./Qualifications.EndDate"
          },
          {
            "identity": "rim",
            "map": "./effectiveTime"
          },
          {
            "identity": "servd",
            "map": "./Qualifications.StartDate and ./Qualifications.EndDate"
          }
        ]
      },
      {
        "path": "Practitioner.qualification.issuer",
        "short": "Organization that regulates and issues the qualification",
        "formal": "Organization that regulates and issues the qualification.",
        "min": 0,
        "max": "1",
        "type": [
          {
            "code": "Reference",
            "profile": "http://hl7.org/fhir/Profile/Organization"
          }
        ],
        "isSummary": false,
        "mapping": [
          {
            "identity": "rim",
            "map": "./scoper"
          },
          {
            "identity": "rim",
            "map": "./scoper"
          }
        ]
      },
      {
        "path": "Practitioner.communication",
        "short": "A language the practitioner is able to use in patient communication",
        "formal": "A language the practitioner is able to use in patient communication.",
        "comments": "The structure aa-BB with this exact casing is one the most widely used notations for locale. However not all systems actually code this but instead have it as free text. Hence CodeableConcept instead of code as the data type.",
        "requirements": "Knowing which language a practitioner speaks can help in facilitating communication with patients.",
        "min": 0,
        "max": "*",
        "type": [
          {
            "code": "CodeableConcept"
          }
        ],
        "isSummary": false,
        "binding": {
          "name": "Language",
          "isExtensible": false,
          "conformance": "required",
          "description": "A human language",
          "referenceUri": "http://tools.ietf.org/html/bcp47"
        },
        "mapping": [
          {
            "identity": "v2",
            "map": "PID-15, NK1-20, LAN-2"
          },
          {
            "identity": "rim",
            "map": "./languageCode"
          },
          {
            "identity": "servd",
            "map": "./Languages.LanguageSpokenCode"
          },
          {
            "identity": "v2",
            "map": "PID-15, NK1-20, LAN-2"
          },
          {
            "identity": "rim",
            "map": "./languageCode"
          },
          {
            "identity": "servd",
            "map": "./Languages.LanguageSpokenCode"
          }
        ]
      }
    ]
  },
  "differential": {
    "element": [
      {
        "path": "Practitioner",
        "name": "USLabPract",
        "short": "USLab Practitioner",
        "formal": "This is the provider who either ordered a lab test or to whom the results have been sent.",
        "synonym": [
          "Provider",
          "Orderer",
          "Submitting  Physician"
        ],
        "min": 1,
        "max": "1",
        "constraint": [
          {
            "key": "1",
            "name": "NameandorID",
            "severity": "error",
            "human": "Shall have Organization.name and/or Organization.identifier.",
            "xpath": "exists(f:name) or exists(f:identifier)"
          }
        ],
        "isSummary": false
      },
      {
        "path": "Practitioner.text",
        "min": 1,
        "max": "1",
        "mustSupport": true,
        "isSummary": false
      },
      {
        "path": "Practitioner.text.status",
        "min": 1,
        "max": "1",
        "type": [
          {
            "code": "code"
          }
        ],
        "fixedCode": "generated",
        "mustSupport": true,
        "isSummary": false
      },
      {
        "path": "Practitioner.identifier",
        "comments": "The identifier shall be a provider NPI.",
        "requirements": "Either id or name is needed.",
        "min": 0,
        "max": "1",
        "type": [
          {
            "code": "Identifier"
          }
        ],
        "patternIdentifier": {
          "use": "official",
          "label": "NPI",
          "assigner": {
            "reference": "https://nppes.cms.hhs.gov/NPPES/",
            "display": "The Centers for Medicare and Medicaid Services (CMS)  National Plan and Provider Enumeration System (NPPES"
          }
        },
        "condition": [
          "1"
        ],
        "mustSupport": true,
        "isSummary": false
      },
      {
        "path": "Practitioner.identifier.value",
        "short": "NPI Provider Number",
        "formal": "NPI Provider Number.",
        "min": 1,
        "max": "1",
        "mustSupport": true,
        "isSummary": false
      },
      {
        "path": "Practitioner.name",
        "min": 0,
        "max": "1",
        "type": [
          {
            "code": "HumanName"
          }
        ],
        "condition": [
          "1"
        ],
        "mustSupport": true,
        "isSummary": false
      },
      {
        "path": "Practitioner.name.family",
        "min": 1,
        "max": "1",
        "mustSupport": true,
        "isSummary": false
      },
      {
        "path": "Practitioner.name.given",
        "comments": "Can be first and middle name or initial.",
        "min": 0,
        "max": "2",
        "mustSupport": true,
        "isSummary": false
      },
      {
        "path": "Practitioner.name.prefix",
        "min": 0,
        "max": "1",
        "mustSupport": true,
        "isSummary": false
      },
      {
        "path": "Practitioner.name.suffix",
        "min": 0,
        "max": "1",
        "mustSupport": true,
        "isSummary": false
      },
      {
        "path": "Practitioner.telecom",
        "min": 0,
        "max": "2",
        "mustSupport": true,
        "isSummary": false
      },
      {
        "path": "Practitioner.telecom.system",
        "min": 1,
        "max": "1",
        "mustSupport": true,
        "isSummary": false
      },
      {
        "path": "Practitioner.telecom.value",
        "min": 1,
        "max": "1",
        "mustSupport": true,
        "isSummary": false
      }
    ]
  }
}