{"id":"uslab-example1","identifier":[{"assigner":{"display":"The Centers for Medicare and Medicaid Services (CMS) National Plan and Provider Enumeration System (NPPES)","reference":"https://nppes.cms.hhs.gov/NPPES/"},"label":"NPI","use":"official","value":"4444444445"}],"name":{"family":["Bloodraw"],"given":["Leanard","T"],"suffix":["Jr"]},"resourceType":"Practitioner","telecom":[{"system":"phone","value":"(555)7771234 ext.11"}],"text":{"div":"<div>\n\t\t\t\n      <ul>\n\t\t\t\t\n        <li>file: pract-uslab-example1.xml</li>\n\t\t\t\t\n        <li> id: uslab-example1</li>\n\t\t\t\t\n        <li> Name: USLab Practitioner Example1 </li>\n\t\t\t\t\n        <li>Description: USLab Practitioner Canonical Example: Dr Leonard T Bloodraw Jr</li>\n\t\t\t\n      </ul>\n\t\t\n    </div>","status":"generated"}}