{"address":[{"city":"Boston","country":"USA","http://example.org/us-core-county":[{"http://example.org//iso21090-SC-coding":[{"valueCoding":{"code":"42043","system":"https://www.census.gov/geo/reference"}}]}],"line":["100 Medical Drive","Suite 6"],"postalCode":"01236","state":"MA","use":"work"}],"id":"uslab-example2","identifier":[{"assigner":{"display":"The Centers for Medicare and Medicaid Services (CMS) National Plan and Provider Enumeration System (NPPES)","reference":"https://nppes.cms.hhs.gov/NPPES/"},"label":"NPI","use":"official","value":"121121121"}],"name":{"family":["Lookafter"],"given":["Bill","T"],"suffix":["Jr"]},"organization":{"display":"Children's Hospital","reference":"Organization/uslab-example1"},"resourceType":"Practitioner","telecom":[{"system":"phone","value":"(617)5551234 ext.12"},{"system":"email","value":"docbill@healthedatainc.com"}],"text":{"div":"<div>\n\t\t\t\n      <ul>\n\t\t\t\t\n        <li>file: pract-uslab-example2.xml</li>\n\t\t\t\t\n        <li> id: uslab-example2</li>\n\t\t\t\t\n        <li> Name: USLab PHPractitioner Example2 </li>\n\t\t\t\t\n        <li>Description: USLab PHPractitioner Canonical Example: DR Bill T Lookafter JR\n</li>\n\t\t\t\n      </ul>\n\t\t\n    </div>","status":"generated"}}