{
  "resourceType": "Practitioner",
  "id": "uslab-example3",
  "text": {
    "status": "generated",
    "div": "<div>\n\t\t\t\n      <ul>\n\t\t\t\t\n        <li>file: pract-uslab-example3.xml</li>\n\t\t\t\t\n        <li> id: uslab-example3</li>\n\t\t\t\t\n        <li> Name: USLab Practitioner Example3 </li>\n\t\t\t\t\n        <li>Description: USLab Practitioner Canonical Example: Dr Gregory House</li>\n\t\t\t\n      </ul>\n\t\t\n    </div>"
  },
  "identifier": [
    {
      "use": "official",
      "label": "NPI",
      "value": "1234567893",
      "assigner": {
        "reference": "https://nppes.cms.hhs.gov/NPPES/",
        "display": "The Centers for Medicare and Medicaid Services (CMS) National Plan and Provider Enumeration System (NPPES)"
      }
    }
  ],
  "name": {
    "family": [
      "House"
    ],
    "given": [
      "Gregory",
      "F"
    ],
    "suffix": [
      "PhD"
    ]
  },
  "telecom": [
    {
      "system": "phone",
      "value": "555 777 1234 11"
    }
  ]
}