{
  "resourceType": "Questionnaire",
  "id": "qs1",
  "contained": [
    {
      "resourceType": "ValueSet",
      "id": "vs2",
      "identifier": "urn:uuid:f0c34b58-cf50-44c2-89fd-8c2c960f1d02",
      "name": "Type options for ProcedureRequest.timing[x]",
      "description": "Type options for ProcedureRequest.timing[x]",
      "status": "active",
      "expansion": {
        "timestamp": "2014-12-30T11:05:37+00:00",
        "contains": [
          {
            "system": "http://hl7.org/fhir/data-types",
            "code": "dateTime",
            "display": "dateTime"
          },
          {
            "system": "http://hl7.org/fhir/data-types",
            "code": "Period",
            "display": "Period"
          },
          {
            "system": "http://hl7.org/fhir/data-types",
            "code": "Timing",
            "display": "Timing"
          }
        ]
      }
    },
    {
      "resourceType": "ValueSet",
      "id": "vs3",
      "identifier": "urn:uuid:8b173b1d-81bc-4d13-a3fd-d91108760c90",
      "name": "Type options for ProcedureRequest.performer",
      "description": "Type options for ProcedureRequest.performer",
      "status": "active",
      "expansion": {
        "timestamp": "2014-12-30T11:05:37+00:00",
        "contains": [
          {
            "system": "http://hl7.org/fhir/resource-types",
            "code": "Practitioner",
            "display": "Practitioner"
          },
          {
            "system": "http://hl7.org/fhir/resource-types",
            "code": "Organization",
            "display": "Organization"
          },
          {
            "system": "http://hl7.org/fhir/resource-types",
            "code": "Patient",
            "display": "Patient"
          },
          {
            "system": "http://hl7.org/fhir/resource-types",
            "code": "RelatedPerson",
            "display": "RelatedPerson"
          }
        ]
      }
    },
    {
      "resourceType": "ValueSet",
      "id": "vs4",
      "identifier": "urn:uuid:9d30a044-2eb3-491b-945a-e7c947254cfc",
      "name": "Type options for ProcedureRequest.asNeeded[x]",
      "description": "Type options for ProcedureRequest.asNeeded[x]",
      "status": "active",
      "expansion": {
        "timestamp": "2014-12-30T11:05:37+00:00",
        "contains": [
          {
            "system": "http://hl7.org/fhir/data-types",
            "code": "boolean",
            "display": "boolean"
          },
          {
            "system": "http://hl7.org/fhir/data-types",
            "code": "CodeableConcept",
            "display": "CodeableConcept"
          }
        ]
      }
    },
    {
      "resourceType": "ValueSet",
      "id": "vs5",
      "identifier": "urn:uuid:9bafc87d-572b-47a8-b76d-24679600e61f",
      "name": "Type options for ProcedureRequest.orderer",
      "description": "Type options for ProcedureRequest.orderer",
      "status": "active",
      "expansion": {
        "timestamp": "2014-12-30T11:05:37+00:00",
        "contains": [
          {
            "system": "http://hl7.org/fhir/resource-types",
            "code": "Practitioner",
            "display": "Practitioner"
          },
          {
            "system": "http://hl7.org/fhir/resource-types",
            "code": "Patient",
            "display": "Patient"
          },
          {
            "system": "http://hl7.org/fhir/resource-types",
            "code": "RelatedPerson",
            "display": "RelatedPerson"
          },
          {
            "system": "http://hl7.org/fhir/resource-types",
            "code": "Device",
            "display": "Device"
          }
        ]
      }
    }
  ],
  "identifier": [
    {
      "system": "urn:ietf:rfc:3986"
    }
  ],
  "status": "draft",
  "date": "2014-12-30T10:55:31",
  "publisher": "HL7 FHIR Project (Patient Care)",
  "group": {
    "http://hl7.org/fhir/Profile/questionnaire-extensions#flyover": [
      {
        "valueString": "A request for a procedure to be performed. May be a proposal or an order."
      }
    ],
    "linkId": "ProcedureRequest",
    "title": "Procedure Request",
    "required": true,
    "group": [
      {
        "http://hl7.org/fhir/Profile/questionnaire-extensions#flyover": [
          {
            "valueString": "The logical id of the resource, as used in the url for the resoure. Once assigned, this value never changes. The only time that a resource does not have an id is when it is being submitted to the server using a create operation. Bundles always have an id, though it is usually a generated UUID."
          }
        ],
        "http://www.healthintersections.com.au/fhir/Profile/metadata#type": [
          {
            "valueString": "string"
          }
        ],
        "linkId": "ProcedureRequest.id",
        "repeats": true,
        "question": [
          {
            "linkId": "ProcedureRequest.id.value",
            "text": "Logical id of this artefact",
            "type": "string"
          }
        ]
      },
      {
        "http://hl7.org/fhir/Profile/questionnaire-extensions#flyover": [
          {
            "valueString": "The metadata about the resource. This is content that is maintained by the infrastructure. Changes to the content may not always be associated with version changes to the resource."
          }
        ],
        "linkId": "ProcedureRequest.meta",
        "title": "Metadata about the resource",
        "group": [
          {
            "http://hl7.org/fhir/Profile/questionnaire-extensions#flyover": [
              {
                "valueString": "unique id for the element within a resource (for internal references)."
              }
            ],
            "http://www.healthintersections.com.au/fhir/Profile/metadata#type": [
              {
                "valueString": "string"
              }
            ],
            "linkId": "ProcedureRequest.meta.id",
            "repeats": true,
            "question": [
              {
                "linkId": "ProcedureRequest.meta.id.value",
                "text": "xml:id (or equivalent in JSON)",
                "type": "string"
              }
            ]
          },
          {
            "http://hl7.org/fhir/Profile/questionnaire-extensions#flyover": [
              {
                "valueString": "The version specific identifier, as it appears in the version portion of the url. This values changes when the resource is created, updated, or deleted. The server assigns this value, and ignores what the client specifies, except in the case that the server is imposing version integrity on updates/deletes."
              }
            ],
            "http://www.healthintersections.com.au/fhir/Profile/metadata#type": [
              {
                "valueString": "string"
              }
            ],
            "linkId": "ProcedureRequest.meta.versionId",
            "repeats": true,
            "question": [
              {
                "linkId": "ProcedureRequest.meta.versionId.value",
                "text": "Version specific identifier",
                "type": "string"
              }
            ]
          },
          {
            "http://hl7.org/fhir/Profile/questionnaire-extensions#flyover": [
              {
                "valueString": "When the resource last changed - e.g. when the version changed. This value is always populated except when the resource is first being created. The server / resource manager sets this value; what a client provides is irrelevant."
              }
            ],
            "http://www.healthintersections.com.au/fhir/Profile/metadata#type": [
              {
                "valueString": "instant"
              }
            ],
            "linkId": "ProcedureRequest.meta.lastUpdated",
            "repeats": true,
            "question": [
              {
                "linkId": "ProcedureRequest.meta.lastUpdated.value",
                "text": "When the resource version last changed",
                "type": "instant"
              }
            ]
          },
          {
            "http://hl7.org/fhir/Profile/questionnaire-extensions#flyover": [
              {
                "valueString": "A list of profiles that this resource claims to conform to. The URL is a reference to Profile.url. It is up to the server and/or other infrastruture of policy to determine whether/how these claims are verified and/or updated over tiem."
              }
            ],
            "http://www.healthintersections.com.au/fhir/Profile/metadata#type": [
              {
                "valueString": "uri"
              }
            ],
            "linkId": "ProcedureRequest.meta.profile",
            "repeats": true,
            "question": [
              {
                "linkId": "ProcedureRequest.meta.profile.value",
                "text": "Profiles this resource claims to conform to",
                "type": "string"
              }
            ]
          },
          {
            "http://hl7.org/fhir/Profile/questionnaire-extensions#flyover": [
              {
                "valueString": "Security labels applied to this resource. These tags connect specific resources to the overall security policy and infrastructure. The security labels can be updated without changing the stated version of the resource."
              }
            ],
            "http://www.healthintersections.com.au/fhir/Profile/metadata#type": [
              {
                "valueString": "Coding"
              }
            ],
            "linkId": "ProcedureRequest.meta.security",
            "repeats": true,
            "question": [
              {
                "linkId": "ProcedureRequest.meta.security.value",
                "text": "Security Labels applied to this resource",
                "type": "open-choice"
              }
            ]
          },
          {
            "http://hl7.org/fhir/Profile/questionnaire-extensions#flyover": [
              {
                "valueString": "Tags applied to this resource. Tags are intended to to be used to identify and relate resources to process and workflow, and applications are not required to consider the tags when interpreting the meaning of a resource. The tags can be updated without changing the stated version of the resource."
              }
            ],
            "http://www.healthintersections.com.au/fhir/Profile/metadata#type": [
              {
                "valueString": "Coding"
              }
            ],
            "linkId": "ProcedureRequest.meta.tag",
            "repeats": true,
            "question": [
              {
                "linkId": "ProcedureRequest.meta.tag.value",
                "text": "Tags applied",
                "type": "open-choice"
              }
            ]
          }
        ]
      },
      {
        "http://hl7.org/fhir/Profile/questionnaire-extensions#flyover": [
          {
            "valueString": "A reference to a set of rules that were followed when the resource was constructed, and which must be understood when processing the content. Asserting this rule set restricts the content to be only understood by a limited set of trading partners. This inherently limits the usefulness of the data in the long term. However the existing health eco-system is highly fractured, and not yet ready to define, collect, and exchange data in a generally computable sense. Wherever possible, implementers and/or specification writers should avoid using this element as much as possible."
          }
        ],
        "http://www.healthintersections.com.au/fhir/Profile/metadata#type": [
          {
            "valueString": "uri"
          }
        ],
        "linkId": "ProcedureRequest.implicitRules",
        "repeats": true,
        "question": [
          {
            "linkId": "ProcedureRequest.implicitRules.value",
            "text": "A set of rules under which this content was created",
            "type": "string"
          }
        ]
      },
      {
        "http://hl7.org/fhir/Profile/questionnaire-extensions#flyover": [
          {
            "valueString": "The base language in which the resource is written. Language is provided to support indexing and accessibility (typically, services such as text to speech use the language tag). The html language tag in the narrative applies  to the narrative. The language tag on the resource may be used to specify the language of other presentations generated from the data in the resource\n\nNot all the content has to be in the base language. The Resource.language should not be assumed to apply to the narrative automatically. If a language is specified, it should it also be specified on the div element in the html (see rules in HTML5 for information about the relationship between xml:lang and the html lang attribute)."
          }
        ],
        "http://www.healthintersections.com.au/fhir/Profile/metadata#type": [
          {
            "valueString": "code"
          }
        ],
        "linkId": "ProcedureRequest.language",
        "repeats": true,
        "question": [
          {
            "linkId": "ProcedureRequest.language.value",
            "text": "language",
            "type": "choice"
          }
        ]
      },
      {
        "http://hl7.org/fhir/Profile/questionnaire-extensions#flyover": [
          {
            "valueString": "A human-readable narrative that contains a summary of the resource, and may be used to represent the content of the resource to a human. The narrative need not encode all the structured data, but is required to contain sufficient detail to make it \"clinically safe\" for a human to just read the narrative. Resource definitions may define what content should be represented in the narrative to ensure clinical safety. Contained resources do not have narrative. Resources that are not contained SHOULD have a narrative."
          }
        ],
        "linkId": "ProcedureRequest.text",
        "text": "Text summary of the resource, for human interpretation",
        "repeats": true
      },
      {
        "http://hl7.org/fhir/Profile/questionnaire-extensions#flyover": [
          {
            "valueString": "These resources do not have an independent existence apart from the resource that contains them - they cannot be identified independently, and nor can they have their own independent transaction scope. This should never be done when the content can be identified properly, as once identification is lost, it is extremely difficult (and context dependent) to restore it again."
          }
        ],
        "linkId": "ProcedureRequest.contained",
        "text": "Contained, inline Resources",
        "repeats": true
      },
      {
        "http://hl7.org/fhir/Profile/questionnaire-extensions#flyover": [
          {
            "valueString": "Identifiers assigned to this order by the order or by the receiver."
          }
        ],
        "http://www.healthintersections.com.au/fhir/Profile/metadata#type": [
          {
            "valueString": "Identifier"
          }
        ],
        "linkId": "ProcedureRequest.identifier",
        "text": "Identifier",
        "repeats": true,
        "question": [
          {
            "linkId": "ProcedureRequest.identifier.label",
            "text": "label:",
            "type": "string"
          },
          {
            "linkId": "ProcedureRequest.identifier.system",
            "text": "system:",
            "type": "string"
          },
          {
            "linkId": "ProcedureRequest.identifier.value",
            "text": "value:",
            "type": "string"
          }
        ]
      },
      {
        "http://hl7.org/fhir/Profile/questionnaire-extensions#flyover": [
          {
            "valueString": "The patient who will receive the procedure."
          }
        ],
        "http://www.healthintersections.com.au/fhir/Profile/metadata#type": [
          {
            "valueString": "Reference"
          }
        ],
        "linkId": "ProcedureRequest.subject",
        "required": true,
        "repeats": true,
        "question": [
          {
            "http://www.healthintersections.com.au/fhir/Profile/metadata#reference": [
              {
                "valueString": "/Patient?subject=$subj&patient=$subj&encounter=$encounter"
              }
            ],
            "linkId": "ProcedureRequest.subject.value",
            "text": "Subject",
            "type": "reference"
          }
        ]
      },
      {
        "http://hl7.org/fhir/Profile/questionnaire-extensions#flyover": [
          {
            "valueString": "The specific procedure that is ordered. Use text if the exact nature of the procedure can't be coded."
          }
        ],
        "http://www.healthintersections.com.au/fhir/Profile/metadata#type": [
          {
            "valueString": "CodeableConcept"
          }
        ],
        "linkId": "ProcedureRequest.type",
        "text": "Procedure Type",
        "required": true,
        "repeats": true,
        "question": [
          {
            "linkId": "ProcedureRequest.type.coding",
            "text": "code:",
            "type": "open-choice"
          },
          {
            "linkId": "ProcedureRequest.type.text",
            "text": "text:",
            "type": "string"
          }
        ]
      },
      {
        "http://hl7.org/fhir/Profile/questionnaire-extensions#flyover": [
          {
            "valueString": "The site where the procedure is to be performed."
          }
        ],
        "http://www.healthintersections.com.au/fhir/Profile/metadata#type": [
          {
            "valueString": "CodeableConcept"
          }
        ],
        "linkId": "ProcedureRequest.bodySite",
        "text": "Target Body Site",
        "repeats": true,
        "question": [
          {
            "linkId": "ProcedureRequest.bodySite.coding",
            "text": "code:",
            "type": "open-choice"
          },
          {
            "linkId": "ProcedureRequest.bodySite.text",
            "text": "text:",
            "type": "string"
          }
        ]
      },
      {
        "http://hl7.org/fhir/Profile/questionnaire-extensions#flyover": [
          {
            "valueString": "The reason why the procedure is proposed or ordered. This procedure request may be motivated by a Condition for instance."
          }
        ],
        "http://www.healthintersections.com.au/fhir/Profile/metadata#type": [
          {
            "valueString": "CodeableConcept"
          }
        ],
        "linkId": "ProcedureRequest.indication",
        "text": "Indication",
        "repeats": true,
        "question": [
          {
            "linkId": "ProcedureRequest.indication.coding",
            "text": "code:",
            "type": "open-choice"
          },
          {
            "linkId": "ProcedureRequest.indication.text",
            "text": "text:",
            "type": "string"
          }
        ]
      },
      {
        "http://hl7.org/fhir/Profile/questionnaire-extensions#flyover": [
          {
            "valueString": "The timing schedule for the proposed or ordered procedure. The Schedule data type allows many different expressions, for example. \"Every 8 hours\"; \"Three times a day\"; \"1/2 an hour before breakfast for 10 days from 23-Dec 2011:\"; \"15 Oct 2013, 17 Oct 2013 and 1 Nov 2013\"."
          }
        ],
        "linkId": "ProcedureRequest.timing[x]",
        "text": "Timing",
        "repeats": true,
        "question": [
          {
            "linkId": "ProcedureRequest.timing[x]._type",
            "text": "type",
            "type": "choice",
            "options": {
              "reference": "#vs2"
            },
            "group": [
              {
                "http://www.healthintersections.com.au/fhir/Profile/metadata#type": [
                  {
                    "valueString": "datetime"
                  }
                ],
                "linkId": "ProcedureRequest.timing[x]._dateTime",
                "question": [
                  {
                    "linkId": "ProcedureRequest.timing[x]._dateTime.value",
                    "text": "dateTime",
                    "type": "dateTime"
                  }
                ]
              },
              {
                "http://www.healthintersections.com.au/fhir/Profile/metadata#type": [
                  {
                    "valueString": "Period"
                  }
                ],
                "linkId": "ProcedureRequest.timing[x]._Period",
                "text": "Period",
                "question": [
                  {
                    "linkId": "ProcedureRequest.timing[x]._Period.low",
                    "text": "start:",
                    "type": "dateTime"
                  },
                  {
                    "linkId": "ProcedureRequest.timing[x]._Period.end",
                    "text": "end:",
                    "type": "dateTime"
                  }
                ]
              },
              {
                "http://www.healthintersections.com.au/fhir/Profile/metadata#type": [
                  {
                    "valueString": "Schedule"
                  }
                ],
                "linkId": "ProcedureRequest.timing[x]._Timing",
                "text": "Timing"
              }
            ]
          }
        ]
      },
      {
        "http://hl7.org/fhir/Profile/questionnaire-extensions#flyover": [
          {
            "valueString": "The encounter within which the procedure proposal or request was created."
          }
        ],
        "http://www.healthintersections.com.au/fhir/Profile/metadata#type": [
          {
            "valueString": "Reference"
          }
        ],
        "linkId": "ProcedureRequest.encounter",
        "repeats": true,
        "question": [
          {
            "http://www.healthintersections.com.au/fhir/Profile/metadata#reference": [
              {
                "valueString": "/Encounter?subject=$subj&patient=$subj&encounter=$encounter"
              }
            ],
            "linkId": "ProcedureRequest.encounter.value",
            "text": "Encounter",
            "type": "reference"
          }
        ]
      },
      {
        "http://hl7.org/fhir/Profile/questionnaire-extensions#flyover": [
          {
            "valueString": "E.g. surgeon, anaethetist, endoscopist."
          }
        ],
        "linkId": "ProcedureRequest.performer",
        "text": "Performer",
        "repeats": true,
        "question": [
          {
            "linkId": "ProcedureRequest.performer._type",
            "text": "type",
            "type": "choice",
            "options": {
              "reference": "#vs3"
            },
            "group": [
              {
                "http://www.healthintersections.com.au/fhir/Profile/metadata#type": [
                  {
                    "valueString": "Reference"
                  }
                ],
                "linkId": "ProcedureRequest.performer._Practitioner",
                "question": [
                  {
                    "http://www.healthintersections.com.au/fhir/Profile/metadata#reference": [
                      {
                        "valueString": "/Practitioner?subject=$subj&patient=$subj&encounter=$encounter"
                      }
                    ],
                    "linkId": "ProcedureRequest.performer._Practitioner.value",
                    "text": "Practitioner",
                    "type": "reference"
                  }
                ]
              },
              {
                "http://www.healthintersections.com.au/fhir/Profile/metadata#type": [
                  {
                    "valueString": "Reference"
                  }
                ],
                "linkId": "ProcedureRequest.performer._Organization",
                "question": [
                  {
                    "http://www.healthintersections.com.au/fhir/Profile/metadata#reference": [
                      {
                        "valueString": "/Organization?subject=$subj&patient=$subj&encounter=$encounter"
                      }
                    ],
                    "linkId": "ProcedureRequest.performer._Organization.value",
                    "text": "Organization",
                    "type": "reference"
                  }
                ]
              },
              {
                "http://www.healthintersections.com.au/fhir/Profile/metadata#type": [
                  {
                    "valueString": "Reference"
                  }
                ],
                "linkId": "ProcedureRequest.performer._Patient",
                "question": [
                  {
                    "http://www.healthintersections.com.au/fhir/Profile/metadata#reference": [
                      {
                        "valueString": "/Patient?subject=$subj&patient=$subj&encounter=$encounter"
                      }
                    ],
                    "linkId": "ProcedureRequest.performer._Patient.value",
                    "text": "Patient",
                    "type": "reference"
                  }
                ]
              },
              {
                "http://www.healthintersections.com.au/fhir/Profile/metadata#type": [
                  {
                    "valueString": "Reference"
                  }
                ],
                "linkId": "ProcedureRequest.performer._RelatedPerson",
                "question": [
                  {
                    "http://www.healthintersections.com.au/fhir/Profile/metadata#reference": [
                      {
                        "valueString": "/RelatedPerson?subject=$subj&patient=$subj&encounter=$encounter"
                      }
                    ],
                    "linkId": "ProcedureRequest.performer._RelatedPerson.value",
                    "text": "RelatedPerson",
                    "type": "reference"
                  }
                ]
              }
            ]
          }
        ]
      },
      {
        "http://hl7.org/fhir/Profile/questionnaire-extensions#flyover": [
          {
            "valueString": "The status of the order."
          }
        ],
        "http://www.healthintersections.com.au/fhir/Profile/metadata#type": [
          {
            "valueString": "code"
          }
        ],
        "linkId": "ProcedureRequest.status",
        "repeats": true,
        "question": [
          {
            "linkId": "ProcedureRequest.status.value",
            "text": "status",
            "type": "choice"
          }
        ]
      },
      {
        "http://hl7.org/fhir/Profile/questionnaire-extensions#flyover": [
          {
            "valueString": "Any other notes associated with this proposal or order - e.g., provider instructions."
          }
        ],
        "http://www.healthintersections.com.au/fhir/Profile/metadata#type": [
          {
            "valueString": "string"
          }
        ],
        "linkId": "ProcedureRequest.notes",
        "repeats": true,
        "question": [
          {
            "linkId": "ProcedureRequest.notes.value",
            "text": "Notes",
            "type": "string"
          }
        ]
      },
      {
        "http://hl7.org/fhir/Profile/questionnaire-extensions#flyover": [
          {
            "valueString": "If a CodeableConcept is present, it indicates the pre-condition for performing the procedure."
          }
        ],
        "linkId": "ProcedureRequest.asNeeded[x]",
        "text": "PRN",
        "repeats": true,
        "question": [
          {
            "linkId": "ProcedureRequest.asNeeded[x]._type",
            "text": "type",
            "type": "choice",
            "options": {
              "reference": "#vs4"
            },
            "group": [
              {
                "http://www.healthintersections.com.au/fhir/Profile/metadata#type": [
                  {
                    "valueString": "boolean"
                  }
                ],
                "linkId": "ProcedureRequest.asNeeded[x]._boolean",
                "question": [
                  {
                    "linkId": "ProcedureRequest.asNeeded[x]._boolean.value",
                    "text": "boolean",
                    "type": "boolean"
                  }
                ]
              },
              {
                "http://www.healthintersections.com.au/fhir/Profile/metadata#type": [
                  {
                    "valueString": "CodeableConcept"
                  }
                ],
                "linkId": "ProcedureRequest.asNeeded[x]._CodeableConcept",
                "text": "CodeableConcept",
                "question": [
                  {
                    "linkId": "ProcedureRequest.asNeeded[x]._CodeableConcept.coding",
                    "text": "code:",
                    "type": "open-choice"
                  },
                  {
                    "linkId": "ProcedureRequest.asNeeded[x]._CodeableConcept.text",
                    "text": "text:",
                    "type": "string"
                  }
                ]
              }
            ]
          }
        ]
      },
      {
        "http://hl7.org/fhir/Profile/questionnaire-extensions#flyover": [
          {
            "valueString": "The time when the request was made."
          }
        ],
        "http://www.healthintersections.com.au/fhir/Profile/metadata#type": [
          {
            "valueString": "datetime"
          }
        ],
        "linkId": "ProcedureRequest.orderedOn",
        "repeats": true,
        "question": [
          {
            "linkId": "ProcedureRequest.orderedOn.value",
            "text": "When Requested",
            "type": "dateTime"
          }
        ]
      },
      {
        "http://hl7.org/fhir/Profile/questionnaire-extensions#flyover": [
          {
            "valueString": "The healthcare professional responsible for proposing or ordering the procedure."
          }
        ],
        "linkId": "ProcedureRequest.orderer",
        "text": "Ordering Party",
        "repeats": true,
        "question": [
          {
            "linkId": "ProcedureRequest.orderer._type",
            "text": "type",
            "type": "choice",
            "options": {
              "reference": "#vs5"
            },
            "group": [
              {
                "http://www.healthintersections.com.au/fhir/Profile/metadata#type": [
                  {
                    "valueString": "Reference"
                  }
                ],
                "linkId": "ProcedureRequest.orderer._Practitioner",
                "question": [
                  {
                    "http://www.healthintersections.com.au/fhir/Profile/metadata#reference": [
                      {
                        "valueString": "/Practitioner?subject=$subj&patient=$subj&encounter=$encounter"
                      }
                    ],
                    "linkId": "ProcedureRequest.orderer._Practitioner.value",
                    "text": "Practitioner",
                    "type": "reference"
                  }
                ]
              },
              {
                "http://www.healthintersections.com.au/fhir/Profile/metadata#type": [
                  {
                    "valueString": "Reference"
                  }
                ],
                "linkId": "ProcedureRequest.orderer._Patient",
                "question": [
                  {
                    "http://www.healthintersections.com.au/fhir/Profile/metadata#reference": [
                      {
                        "valueString": "/Patient?subject=$subj&patient=$subj&encounter=$encounter"
                      }
                    ],
                    "linkId": "ProcedureRequest.orderer._Patient.value",
                    "text": "Patient",
                    "type": "reference"
                  }
                ]
              },
              {
                "http://www.healthintersections.com.au/fhir/Profile/metadata#type": [
                  {
                    "valueString": "Reference"
                  }
                ],
                "linkId": "ProcedureRequest.orderer._RelatedPerson",
                "question": [
                  {
                    "http://www.healthintersections.com.au/fhir/Profile/metadata#reference": [
                      {
                        "valueString": "/RelatedPerson?subject=$subj&patient=$subj&encounter=$encounter"
                      }
                    ],
                    "linkId": "ProcedureRequest.orderer._RelatedPerson.value",
                    "text": "RelatedPerson",
                    "type": "reference"
                  }
                ]
              },
              {
                "http://www.healthintersections.com.au/fhir/Profile/metadata#type": [
                  {
                    "valueString": "Reference"
                  }
                ],
                "linkId": "ProcedureRequest.orderer._Device",
                "question": [
                  {
                    "http://www.healthintersections.com.au/fhir/Profile/metadata#reference": [
                      {
                        "valueString": "/Device?subject=$subj&patient=$subj&encounter=$encounter"
                      }
                    ],
                    "linkId": "ProcedureRequest.orderer._Device.value",
                    "text": "Device",
                    "type": "reference"
                  }
                ]
              }
            ]
          }
        ]
      },
      {
        "http://hl7.org/fhir/Profile/questionnaire-extensions#flyover": [
          {
            "valueString": "The clinical priority associated with this order."
          }
        ],
        "http://www.healthintersections.com.au/fhir/Profile/metadata#type": [
          {
            "valueString": "code"
          }
        ],
        "linkId": "ProcedureRequest.priority",
        "repeats": true,
        "question": [
          {
            "linkId": "ProcedureRequest.priority.value",
            "text": "priority",
            "type": "choice"
          }
        ]
      }
    ]
  }
}