{"bodySite":[{"coding":[{"code":"368225008","display":"Entire Left Forearm","system":"http://snomed.info/sct"}],"text":"Left forearm"}],"date":{"start":"2014-02-03"},"followUp":"Review in clinic","id":"biopsy","indication":[{"text":"Dark lesion l) forearm. getting darker last 3 months."}],"notes":"Standard Biopsy","patient":{"reference":"Patient/example"},"performer":[{"person":{"display":"Dr Bert Biopser","reference":"Practitioner/example"}}],"resourceType":"Procedure","text":{"div":"<div>Biopsy of suspected melanoma L) arm</div>","status":"generated"},"type":{"coding":[{"code":"90105005","display":"Biopsy of soft tissue of forearm (Procedure)","system":"http://snomed.info/sct"}],"text":"Biopsy of suspected melanoma L) arm"}}