{"date":{"start":"2013-04-05"},"followUp":"ROS 5 days  - 2013-04-10","id":"example","indication":[{"text":"Generalized abdominal pain 24 hours. Localized in RIF with rebound and guarding"}],"notes":"Routine Appendicectomy. Appendix was inflamed and in retro-caecal position","patient":{"reference":"Patient/example"},"performer":[{"person":{"display":"Dr Cyril Surgeon","reference":"Practitioner/example"}}],"resourceType":"Procedure","text":{"div":"<div>Routine appendicectomy</div>","status":"generated"},"type":{"coding":[{"code":"80146002","display":"Appendectomy (Procedure)","system":"http://snomed.info/sct"}],"text":"Appendicectomy"}}