{
  "resourceType": "Procedure",
  "id": "example",
  "text": {
    "status": "generated",
    "div": "<div>Routine appendicectomy</div>"
  },
  "patient": {
    "reference": "Patient/example"
  },
  "type": {
    "coding": [
      {
        "system": "http://snomed.info/sct",
        "code": "80146002",
        "display": "Appendectomy (Procedure)"
      }
    ],
    "text": "Appendicectomy"
  },
  "indication": [
    {
      "text": "Generalized abdominal pain 24 hours. Localized in RIF with rebound and guarding"
    }
  ],
  "performer": [
    {
      "person": {
        "reference": "Practitioner/example",
        "display": "Dr Cyril Surgeon"
      }
    }
  ],
  "date": {
    "start": "2013-04-05"
  },
  "followUp": "ROS 5 days  - 2013-04-10",
  "notes": "Routine Appendicectomy. Appendix was inflamed and in retro-caecal position"
}