{
  "resourceType": "QuestionnaireAnswers",
  "id": "sdc",
  "text": {
    "status": "generated",
    "div": "<div>\n      \n      <h1>Diagnosis NCI Standard Template</h1>\n      \n      <h2>Mandatory Diagnosis Questions</h2>\n      \n      <pre>These items must be included when this data is collected for reporting.\n\n  \n        <b>Date of Current Pathologic Diagnosis</b>: 02/18/2003\n  \n        <b>Diagnosis Type</b>                      : Primary Diagnosis__\n  \n        <b>Primary Site</b>                        : Left Ovary\n\n      </pre>\n\n      <h2>Conditional Diagnosis Questions</h2>\n\n      <pre>There are business rules to indicate situations under which these elements should be used on a case report form.\n\n  \n        <b>Diagnosis Time Point</b>: Restaging\n\n      </pre>\n\n      <h2>Optional Diagnosis Conditions</h2>\n\n      <pre>There is no requirement for inclusion of these elements on the case report form. If the design and scientific questions posed in the study dictate the need to collect this type of data, these elements should be included.\n\n  \n        <b>Reviewing Pathologist</b>: Harold Ornada\n  \n        <b>MedDRA Source Code</b>   : __________\n  \n        <b>Assessment Method</b>    : Histological Procedure\n  \n        <b>Tumor Grade</b>          : Moderately Differentiated\n      </pre>\n    \n    </div>"
  },
  "status": "completed",
  "authored": "2014-01-21",
  "group": {
    "title": "Diagnosis NCI Standard Template",
    "group": [
      {
        "linkId": "3921053v1.0",
        "title": "Mandatory Diagnosis Questions",
        "text": "These items must be included when this data is collected for reporting.",
        "question": [
          {
            "linkId": "3921059v1.0",
            "text": "Date of Current Pathologic Diagnosis",
            "answer": [
              {
                "valueDate": "2003-02-18"
              }
            ]
          },
          {
            "linkId": "3921060v1.0",
            "text": "Diagnosis Type",
            "answer": [
              {
                "valueCoding": {
                  "system": "http://nci.nih.gov/xml/owl/cadsr/data_element_scoped_identifier#3921060v1.0-cs",
                  "code": "1",
                  "display": "Primary Diagnosis"
                }
              }
            ]
          },
          {
            "linkId": "3921053v1.0",
            "text": "Primary Site",
            "answer": [
              {
                "valueString": "Left Ovary"
              }
            ]
          }
        ]
      },
      {
        "linkId": "3921066v1.0",
        "title": "Conditional Diagnosis Questions",
        "text": "There are business rules to indicate situations under which these elements should be used on a case report form.",
        "question": [
          {
            "text": "Diagnosis Time Point",
            "answer": [
              {
                "valueCoding": {
                  "system": "http://nci.nih.gov/xml/owl/cadsr/data_element_scoped_identifier#3921066v1.0-cs",
                  "code": "3",
                  "display": "Restaging"
                }
              }
            ]
          }
        ]
      },
      {
        "linkId": "3921077v1.0",
        "title": "Optional Diagnosis Questions",
        "text": "There is no requirement for inclusion of these elements on the case report form. If the design and scientific questions posed in the study dictate the need to collect this type of data, these elements should be included.",
        "question": [
          {
            "linkId": "3921079v1.0",
            "text": "Reviewing Pathologist",
            "answer": [
              {
                "valueString": "Harold Ornada"
              }
            ]
          },
          {
            "linkId": "3921080v1.0",
            "text": "MedDRA disease code"
          },
          {
            "linkId": "3921081v1.0",
            "text": "Assessment Method",
            "answer": [
              {
                "valueCoding": {
                  "system": "http://nci.nih.gov/xml/owl/cadsr/data_element_scoped_identifier#3921081v1.0-cs",
                  "code": "2",
                  "display": "Histological Procedure"
                }
              }
            ]
          },
          {
            "linkId": "3921085v1.0",
            "text": "Tumor grade",
            "answer": [
              {
                "valueCoding": {
                  "system": "http://nci.nih.gov/xml/owl/cadsr/data_element_scoped_identifier#3921085v1.0-cs",
                  "code": "2",
                  "display": "Moderately Differentiated"
                }
              }
            ]
          }
        ]
      }
    ]
  }
}