{"date":"2013-02-19","group":{"group":[{"group":[{"question":[{"text":"Name of child"},{"text":"Sex"}]},{"question":[{"text":"Birth weight (kg)"},{"text":"Birth length (cm)"},{"group":[{"http://example.org/Profile/questionnaire#visibilityCondition":[{"valueString":"HAS_VALUE(../choice/code) AND NEQ(../choice/code,'NO')"}],"question":[{"text":"1st dose"},{"text":"2nd dose"}]}],"text":"Vitamin K given"},{"group":[{"question":[{"text":"Date given"}]}],"text":"Hep B given y / n"},{"text":"Abnormalities noted at birth"}],"title":"Neonatal Information"}],"title":"Birth details - To be completed by health professional"}],"title":"NSW Government My Personal Health Record"},"id":"bb","publisher":"New South Wales Department of Health","resourceType":"Questionnaire","status":"draft","text":{"div":"<div>\n      \n      <pre>\n\n        <b>Birth details - To be completed by health professional</b>\n  Name of child: ____________________________________\n            Sex: __\n            \n  Neonatal Information\n    Birth Weight (kg): ___________\n    Birth Length (cm): ___________\n    Vitamin K given  : __\n             1st dose: ___________\n             2nd dose: ___________\n    Hep B given      : __\n      Date given     : ___________\n    Abnormalities noted at birth:\n      _______________________________________________\n      \n      </pre>\n    \n    </div>","status":"generated"}}