{"author":{"reference":"Practitioner/f201"},"authored":"2013-06-18T00:00:00+01:00","group":{"group":[{"question":[{"answer":[{"valueString":"I am allergic to house dust"}],"text":"Do you have allergies?"}]},{"question":[{"answer":[{"valueString":"Male"}],"text":"What is your gender?"},{"answer":[{"valueDate":"1960-03-13"}],"text":"What is your date of birth?"},{"answer":[{"valueString":"The Netherlands"}],"text":"What is your country of birth?"},{"answer":[{"valueString":"married"}],"text":"What is your marital status?"}],"title":"General questions"},{"question":[{"answer":[{"valueString":"No"}],"text":"Do you smoke?"},{"answer":[{"valueString":"No, but I used to drink"}],"text":"Do you drink alchohol?"}],"title":"Intoxications"}]},"id":"f201","resourceType":"QuestionnaireAnswers","source":{"reference":"Practitioner/f201"},"status":"completed","subject":{"display":"Roel","reference":"Patient/f201"}}