{"date":"2010","group":{"concept":[{"code":"VL 1-1, 18-65_1.2.2","display":"Lifelines Questionnaire 1 part 1","system":"http://example.org/system/code/lifelines/nl"}],"group":[{"question":[{"text":"Do you have allergies?"}]},{"question":[{"text":"What is your gender?"},{"text":"What is your date of birth?"},{"text":"What is your country of birth?"},{"text":"What is your marital status?"}],"text":"General questions"},{"question":[{"text":"Do you smoke?"},{"text":"Do you drink alchohol?"}],"title":"Intoxications"}]},"id":"f201","identifier":[{"label":"Roel's VL 1-1, 18-65_1.2.2","use":"temp"}],"resourceType":"Questionnaire","status":"published","text":{"div":"<div>\n\n      <pre>Lifelines Questionnaire 1 part 1\n  1. Do you have allergies?\n  2. General Questions:\n    2.a) What is your gender?\n    2.b) What is your date of birth?\n    2.c) What is your country of birth?\n    2.d) What is your marital status?\n    3. Intoxications:\n      3.a) Do you smoke?\n      3.b) Do you drink alcohol?</pre>\n    \n    </div>","status":"generated"}}