{"contained":[{"define":{"concept":[{"code":"1","display":"Yes"},{"code":"2","display":"No"}],"system":"http://example.org/system/code/yesno"},"description":"Captures simple yes-no","id":"yesno","name":"Example YesNo","resourceType":"ValueSet","status":"active"}],"date":"2012-01","group":{"group":[{"concept":[{"code":"COMORBIDITY","system":"http://example.org/system/code/sections"}],"question":[{"concept":[{"code":"COMORB","system":"http://example.org/system/code/questions"}],"group":[{"concept":[{"code":"CARDIAL","system":"http://example.org/system/code/sections"}],"question":[{"concept":[{"code":"COMORBCAR","system":"http://example.org/system/code/questions"}],"options":{"reference":"#yesno"},"type":"choice"},{"concept":[{"code":"COMCAR00","display":"Angina Pectoris","system":"http://example.org/system/code/questions"},{"code":"194828000","display":"Angina (disorder)","system":"http://snomed.info/sct"}],"options":{"reference":"#yesno"},"type":"choice"},{"concept":[{"code":"22298006","display":"Myocardial infarction (disorder)","system":"http://snomed.info/sct"}],"options":{"reference":"#yesno"},"type":"choice"}]},{"concept":[{"code":"VASCULAR","system":"http://example.org/system/code/sections"}]}],"options":{"reference":"#yesno"},"type":"choice"}]},{"concept":[{"code":"HISTOPATHOLOGY","system":"http://example.org/system/code/sections"}],"group":[{"concept":[{"code":"ABDOMINAL","system":"http://example.org/system/code/sections"}],"question":[{"concept":[{"code":"STADPT","display":"pT category","system":"http://example.org/system/code/questions"}]}]}]}],"title":"Cancer Quality Forum Questionnaire 2012"},"id":"3141","resourceType":"Questionnaire","status":"draft","text":{"div":"<div>\n      \n      <pre>\n            Comorbidity? YES\n              Cardial Comorbidity? YES\n                Angina? YES\n                MI? NO\n              Vascular Comorbidity?\n                (no answers)\n              ...\n            Histopathology\n              Abdominal\n                pT category: 1a\n              ...\n          </pre>\n    \n    </div>","status":"generated"}}