{"author":{"reference":"#questauth"},"authored":"2013-02-19T14:15:00","contained":[{"birthDate":"1972-11-30","gender":"male","id":"patsub","identifier":[{"system":"http://cancer.questionnaire.org/systems/id/patientnr","value":"A34442332"},{"label":"Dutch BSN","system":"urn:oid:2.16.840.1.113883.2.4.6.3","value":"188912345"}],"resourceType":"Patient"},{"id":"questauth","identifier":[{"label":"AUMC, Den Helder","system":"http://cancer.questionnaire.org/systems/id/org","value":"AUMC"}],"resourceType":"Practitioner"},{"id":"obs.pt-category","name":{"coding":[{"code":"53786006","display":"pT1 category","system":"http://snomed.info/sct"}]},"reliability":"unknown","resourceType":"Observation","status":"final","valueCodeableConcept":{"coding":[{"code":"443357004","display":"pT1a category","system":"http://snomed.info/sct"}]}}],"group":{"group":[{"question":[{"answer":[{"valueCoding":{"code":"1","display":"Yes","system":"http://cancer.questionnaire.org/system/code/yesno"}}],"group":[{"question":[{"answer":[{"valueCoding":{"code":"1","system":"http://cancer.questionnaire.org/system/code/yesno"}}]},{"answer":[{"valueCoding":{"code":"1","system":"http://cancer.questionnaire.org/system/code/yesno"}}]},{"answer":[{"valueCoding":{"code":"0","system":"http://cancer.questionnaire.org/system/code/yesno"}}]}]}]}]}],"title":"Cancer Quality Forum Questionnaire 2012"},"id":"3141","resourceType":"QuestionnaireAnswers","status":"completed","subject":{"reference":"#patsub"},"text":{"div":"<div>\n      \n      <pre>\n            Comorbidity? YES\n              Cardial Comorbidity? YES\n                Angina? YES\n                MI? NO\n              Vascular Comorbidity?\n                (no answers)\n              ...\n            Histopathology\n              Abdominal\n                pT category: 1a\n              ...\n          </pre>\n    \n    </div>","status":"generated"}}