{
  "resourceType": "Readjudicate",
  "id": "44654",
  "text": {
    "status": "generated",
    "div": "<div>A human-readable rendering of the Readjudicate resource.</div>"
  },
  "identifier": [
    {
      "system": "http://happyvalley.com/reversal",
      "value": "44543"
    }
  ],
  "created": "2014-08-16",
  "organization": {
    "reference": "Organization/1"
  },
  "request": {
    "reference": "http://BenefitsInc.com/fhir/oralhealthclaim/12345"
  },
  "reference": "ABC12345G",
  "item": [
    {
      "sequenceLinkId": 1
    }
  ]
}