{
  "resourceType": "RelatedPerson",
  "id": "f001",
  "text": {
    "status": "generated",
    "div": "<div>\n     Sarah Abels\n    </div>"
  },
  "identifier": [
    {
      "use": "official",
      "label": "BSN",
      "system": "urn:oid:2.16.840.1.113883.2.4.6.3"
    }
  ],
  "patient": {
    "reference": "Patient/f001"
  },
  "relationship": {
    "coding": [
      {
        "system": "http://hl7.org/fhir/v3/RoleCode",
        "code": "SIGOTHR"
      }
    ]
  },
  "name": {
    "use": "usual",
    "family": [
      "Abels"
    ],
    "given": [
      "Sarah"
    ]
  },
  "telecom": [
    {
      "system": "phone",
      "value": "0690383372",
      "use": "mobile"
    },
    {
      "system": "email",
      "value": "s.abels@kpn.nl",
      "use": "home"
    }
  ],
  "gender": "female"
}