{"address":{"city":"Paris","country":"FRA","line":["43, Place du Marché Sainte Catherine"],"postalCode":"75004"},"gender":"female","id":"benedicte","identifier":[{"label":"INSEE","system":"urn:oid:1.2.250.1.61","use":"usual","value":"272117510400399"}],"name":{"_family":[{"http://hl7.org/fhir/Profileiso-21090#qualifier":[{"valueCode":"VV"}]},null],"family":["du","Marché"],"given":["Bénédicte"]},"patient":{"reference":"Patient/example"},"photo":[{"contentType":"image/jpeg","url":"Binary/f016"}],"relationship":{"coding":[{"code":"partner","system":"http://hl7.org/fhir/patient-contact-relationship"},{"code":"WIFE","system":"http://hl7.org/fhir/v3/RoleCode"}]},"resourceType":"RelatedPerson","telecom":[{"system":"phone","value":"+33 (237) 998327"}],"text":{"div":"<div>\n      \n      <table>\n        \n        <tbody>\n          \n          <tr>\n            \n            <td>Name</td>\n            \n            <td>Bénédicte du Marché</td>\n          \n          </tr>\n          \n          <tr>\n            \n            <td>Address</td>\n            \n            <td>43, Place du Marché Sainte Catherine, 75004 Paris, France</td>\n          \n          </tr>\n          \n          <tr>\n            \n            <td>Contacts</td>\n            \n            <td>Phone: +33 (237) 998327</td>\n          \n          </tr>\n        \n        </tbody>\n      \n      </table>\n    \n    </div>","status":"generated"}}