{
  "resourceType": "RelatedPerson",
  "id": "benedicte",
  "text": {
    "status": "generated",
    "div": "<div>\n      \n      <table>\n        \n        <tbody>\n          \n          <tr>\n            \n            <td>Name</td>\n            \n            <td>Bénédicte du Marché</td>\n          \n          </tr>\n          \n          <tr>\n            \n            <td>Address</td>\n            \n            <td>43, Place du Marché Sainte Catherine, 75004 Paris, France</td>\n          \n          </tr>\n          \n          <tr>\n            \n            <td>Contacts</td>\n            \n            <td>Phone: +33 (237) 998327</td>\n          \n          </tr>\n        \n        </tbody>\n      \n      </table>\n    \n    </div>"
  },
  "identifier": [
    {
      "use": "usual",
      "label": "INSEE",
      "system": "urn:oid:1.2.250.1.61",
      "value": "272117510400399"
    }
  ],
  "patient": {
    "reference": "Patient/example"
  },
  "relationship": {
    "coding": [
      {
        "system": "http://hl7.org/fhir/patient-contact-relationship",
        "code": "partner"
      },
      {
        "system": "http://hl7.org/fhir/v3/RoleCode",
        "code": "WIFE"
      }
    ]
  },
  "name": {
    "family": [
      "du",
      "Marché"
    ],
    "_family": [
      {
        "http://hl7.org/fhir/Profileiso-21090#qualifier": [
          {
            "valueCode": "VV"
          }
        ]
      },
      null
    ],
    "given": [
      "Bénédicte"
    ]
  },
  "telecom": [
    {
      "system": "phone",
      "value": "+33 (237) 998327"
    }
  ],
  "gender": "female",
  "address": {
    "line": [
      "43, Place du Marché Sainte Catherine"
    ],
    "city": "Paris",
    "postalCode": "75004",
    "country": "FRA"
  },
  "photo": [
    {
      "contentType": "image/jpeg",
      "url": "Binary/f016"
    }
  ]
}