{"gender":"female","id":"f001","identifier":[{"label":"BSN","system":"urn:oid:2.16.840.1.113883.2.4.6.3","use":"official"}],"name":{"family":["Abels"],"given":["Sarah"],"use":"usual"},"patient":{"reference":"Patient/f001"},"relationship":{"coding":[{"code":"SIGOTHR","system":"http://hl7.org/fhir/v3/RoleCode"}]},"resourceType":"RelatedPerson","telecom":[{"system":"phone","use":"mobile","value":"0690383372"},{"system":"email","use":"home","value":"s.abels@kpn.nl"}],"text":{"div":"<div>\n     Sarah Abels\n    </div>","status":"generated"}}