{
  "resourceType": "RelatedPerson",
  "id": "f002",
  "text": {
    "status": "generated",
    "div": "<div>\n     Ariadne Bor-Jansma\n    </div>"
  },
  "patient": {
    "reference": "Patient/f201"
  },
  "relationship": {
    "coding": [
      {
        "system": "http://hl7.org/fhir/v3/RoleCode",
        "code": "SIGOTHR"
      }
    ]
  },
  "name": {
    "use": "usual",
    "text": "Ariadne Bor-Jansma"
  },
  "telecom": [
    {
      "system": "phone",
      "value": "+31201234567",
      "use": "home"
    }
  ],
  "gender": "female"
}