{
  "resourceType": "Reversal",
  "id": "87654",
  "text": {
    "status": "generated",
    "div": "<div>A human-readable rendering of the Reversal</div>"
  },
  "identifier": [
    {
      "system": "http://happyvalley.com/reversal",
      "value": "76543"
    }
  ],
  "created": "2014-08-16",
  "organization": {
    "reference": "Organization/1"
  },
  "request": {
    "reference": "http://BenefitsInc.com/fhir/oralhealthclaim/12345"
  },
  "coverage": {
    "sequence": 1,
    "focal": true,
    "coverage": {
      "reference": "Coverage/9876B1"
    },
    "relationship": {
      "code": "self"
    }
  },
  "nullify": false
}