{
  "resourceType": "RiskAssessment",
  "id": "prognosis",
  "text": {
    "status": "additional",
    "div": "<div>\n      \n      <p>Moderate risk of permanent weakness of the left arm, but otherwise no permanent disability</p>\n    \n    </div>"
  },
  "date": "2010-11-22",
  "condition": {
    "reference": "Condition/stroke",
    "display": "Ischemic Stroke"
  },
  "prediction": [
    {
      "outcome": {
        "coding": [
          {
            "system": "http://snomed.info/sct",
            "code": "249943000:363698007=72098002,260868000=6934004"
          }
        ],
        "text": "permanent weakness of the left arm"
      },
      "probabilityCodeableConcept": {
        "coding": [
          {
            "system": "http://hl7.org/fhir/risk-probability",
            "code": "moderate",
            "display": "moderate likelihood"
          }
        ]
      }
    }
  ]
}