{"basis":[{"reference":"FamilyHistory/"}],"date":"2006-01-13T23:01:00","id":"genetic","method":{"coding":[{"code":"BRCAPRO"}]},"prediction":[{"outcome":{"text":"Breast Cancer"},"probabilityDecimal":0.000168,"whenRange":{"high":{"code":"a","system":"http://unitsofmeasure.org","units":"years","value":53}}},{"outcome":{"text":"Breast Cancer"},"probabilityDecimal":0.000368,"whenRange":{"high":{"code":"a","system":"http://unitsofmeasure.org","units":"years","value":57},"low":{"code":"a","system":"http://unitsofmeasure.org","units":"years","value":54}}},{"outcome":{"text":"Breast Cancer"},"probabilityDecimal":0.000594,"whenRange":{"high":{"code":"a","system":"http://unitsofmeasure.org","units":"years","value":62},"low":{"code":"a","system":"http://unitsofmeasure.org","units":"years","value":58}}},{"outcome":{"text":"Breast Cancer"},"probabilityDecimal":0.000838,"whenRange":{"high":{"code":"a","system":"http://unitsofmeasure.org","units":"years","value":67},"low":{"code":"a","system":"http://unitsofmeasure.org","units":"years","value":63}}},{"outcome":{"text":"Breast Cancer"},"probabilityDecimal":0.001089,"whenRange":{"high":{"code":"a","system":"http://unitsofmeasure.org","units":"years","value":72},"low":{"code":"a","system":"http://unitsofmeasure.org","units":"years","value":68}}},{"outcome":{"text":"Breast Cancer"},"probabilityDecimal":0.001327,"whenRange":{"high":{"code":"a","system":"http://unitsofmeasure.org","units":"years","value":77},"low":{"code":"a","system":"http://unitsofmeasure.org","units":"years","value":73}}},{"outcome":{"text":"Breast Cancer"},"probabilityDecimal":0.001530,"whenRange":{"high":{"code":"a","system":"http://unitsofmeasure.org","units":"years","value":82},"low":{"code":"a","system":"http://unitsofmeasure.org","units":"years","value":78}}},{"outcome":{"text":"Breast Cancer"},"probabilityDecimal":0.001663,"whenRange":{"high":{"code":"a","system":"http://unitsofmeasure.org","units":"years","value":88},"low":{"code":"a","system":"http://unitsofmeasure.org","units":"years","value":83}}}],"resourceType":"RiskAssessment","text":{"div":"<div>\n      \n      <p>Probability of developing breast cancer before the age indicated:</p>\n      \n      <table>\n        \n        <thead>\n          \n          <tr>\n            \n            <th>Age</th>\n            \n            <th>Probability (%)</th>\n          \n          </tr>\n        \n        </thead>\n        \n        <tbody>\n          \n          <tr>\n            \n            <td>current-53</td>\n            \n            <td>0.0168</td>\n          \n          </tr>\n          \n          <tr>\n            \n            <td>54-57</td>\n            \n            <td>0.0368</td>\n          \n          </tr>\n          \n          <tr>\n            \n            <td>58-62</td>\n            \n            <td>0.0594</td>\n          \n          </tr>\n          \n          <tr>\n            \n            <td>63-67</td>\n            \n            <td>0.0838</td>\n          \n          </tr>\n          \n          <tr>\n            \n            <td>68-72</td>\n            \n            <td>0.1089</td>\n          \n          </tr>\n          \n          <tr>\n            \n            <td>73-77</td>\n            \n            <td>0.1327</td>\n          \n          </tr>\n          \n          <tr>\n            \n            <td>78-82</td>\n            \n            <td>0.1530</td>\n          \n          </tr>\n          \n          <tr>\n            \n            <td>83-87</td>\n            \n            <td>0.1663</td>\n          \n          </tr>\n        \n        </tbody>\n      \n      </table>\n    \n    </div>","status":"generated"}}