{"condition":{"display":"Ischemic Stroke","reference":"Condition/stroke"},"date":"2010-11-22","id":"prognosis","prediction":[{"outcome":{"coding":[{"code":"249943000:363698007=72098002,260868000=6934004","system":"http://snomed.info/sct"}],"text":"permanent weakness of the left arm"},"probabilityCodeableConcept":{"coding":[{"code":"moderate","display":"moderate likelihood","system":"http://hl7.org/fhir/risk-probability"}]}}],"resourceType":"RiskAssessment","text":{"div":"<div>\n      \n      <p>Moderate risk of permanent weakness of the left arm, but otherwise no permanent disability</p>\n    \n    </div>","status":"additional"}}