{"actor":{"display":"Burgers UMC, South Wing, second floor","reference":"Location/1"},"comment":"Assessments should be performed before requesting appointments in this slot.","id":"example","lastModified":"2012-09-17","planningHorizon":{"end":"2013-12-25T09:30:00Z","start":"2013-12-25T09:15:00Z"},"resourceType":"Schedule","text":{"div":"<div>\n      Burgers UMC, South Wing, second floor Physiotherapy Schedule\n    </div>","status":"generated"},"type":[{"coding":[{"code":"45","display":"Physiotherapy"}]}]}