{"event":{"action":"R","dateTime":"2013-06-20T23:42:24Z","outcome":"0","subtype":[{"coding":[{"code":"vread","display":"vread","system":"http://hl7.org/fhir/restful-interaction"}]}],"type":{"coding":[{"code":"rest","display":"Restful Operation","system":"http://hl7.org/fhir/security-event-type"}]}},"id":"example-rest","object":[{"lifecycle":"6","reference":{"reference":"Patient/example/_history/1"},"type":"2"}],"participant":[{"altId":"601847123","name":"Grahame Grieve","requestor":true,"userId":"95"}],"resourceType":"SecurityEvent","source":{"identifier":"hl7connect.healthintersections.com.au","site":"Cloud","type":[{"code":"3","display":"Web Server","system":"http://hl7.org/fhir/security-source-type"}]}}