{"event":{"action":"E","dateTime":"2013-06-20T23:41:23Z","outcome":"0","subtype":[{"coding":[{"code":"110122","display":"Login","system":"http://nema.org/dicom/dcid"}]}],"type":{"coding":[{"code":"110114","display":"User Authentication","system":"http://nema.org/dicom/dcid"}]}},"id":"example-login","participant":[{"altId":"601847123","name":"Grahame Grieve","network":{"identifier":"127.0.0.1","type":"2"},"requestor":true,"userId":"95"}],"resourceType":"SecurityEvent","source":{"identifier":"hl7connect.healthintersections.com.au","site":"Cloud","type":[{"code":"3","display":"Web Server","system":"http://hl7.org/fhir/security-source-type"}]}}