{
  "resourceType": "Slot",
  "id": "2",
  "text": {
    "status": "generated",
    "div": "<div>\n\t\t\t25 Dec 2013 9:45am - 10:00am: \n      <b>Tentative</b> Physiotherapy\n\t\t\n    </div>"
  },
  "type": {
    "coding": [
      {
        "code": "45",
        "display": "Physiotherapy"
      }
    ]
  },
  "schedule": {
    "reference": "Schedule/example"
  },
  "freeBusyType": "BUSY-TENTATIVE",
  "start": "2013-12-25T09:45:00Z",
  "end": "2013-12-25T10:00:00Z",
  "comment": "Dr Careful is out of the office",
  "lastModified": "2012-09-17"
}