{"comment":"Assessments should be performed before requesting appointments in this slot.","end":"2013-12-25T09:15:00Z","freeBusyType":"BUSY","id":"1","identifier":[{"system":"http://example.org/identifiers/slots","value":"123132"}],"lastModified":"2012-09-17","overbooked":true,"resourceType":"Slot","schedule":{"reference":"Schedule/example"},"start":"2013-12-25T09:00:00Z","text":{"div":"<div>\n\t\t\t25 Dec 2013 9:00am - 9:15am: \n      <b>Busy</b> Physiotherapy\n\t\t\n    </div>","status":"generated"},"type":{"coding":[{"code":"45","display":"Physiotherapy"}]}}