{"accessionIdentifier":{"system":"http://lis.acmelabs.org/identifiers/accession","use":"official","value":"21041205000001"},"collection":{"collectedDateTime":"2014-12-05","sourceSite":{"coding":[{"code":" 53120007","display":"Arm","system":"http://snomed.info/sct"},{"code":"ARM","display":"Arm","system":"http://ehr.goodhealthclinic.org"}],"text":"Drawn from Arm"}},"id":"uslab-example1","identifier":[{"label":"Placer Specimen ID","system":"http://ehr.goodhealthclinic.org/identifiers/specimen","use":"official","value":"SID123"}],"resourceType":"Specimen","subject":{"display":"Todd Lerr","reference":"Patient/uslab-example1"},"text":{"div":"<div>\n\t\t\t\n      <ul>\n\t\t\t\t\n        <li>file: spec-uslab-example1.xml</li>\n\t\t\t\t\n        <li> id: uslab-example1</li>\n\t\t\t\t\n        <li> Name: USLab Specimen Example1</li>\n\t\t\t\t\n        <li>Description: USLab Specimen Profile Canonical Example: Whole Blood</li>\n\t\t\t\n      </ul>\n\t\t\n    </div>","status":"generated"},"type":{"coding":[{"code":"122555007","display":"Venous blood specimen","system":"http://snomed.info/sct"},{"code":"BLD","display":"Blood","system":"http://ehr.goodhealthclinic.org"}],"text":"Blood sample"}}