{
  "resourceType": "Questionnaire",
  "id": "qs1",
  "contained": [
    {
      "resourceType": "ValueSet",
      "id": "vs2",
      "identifier": "urn:uuid:7055e93e-d8ba-4728-ad25-f7ca43ba4e64",
      "name": "Type options for Specimen.subject",
      "description": "Type options for Specimen.subject",
      "status": "active",
      "expansion": {
        "timestamp": "2014-12-30T11:06:54+00:00",
        "contains": [
          {
            "system": "http://hl7.org/fhir/resource-types",
            "code": "Patient",
            "display": "Patient"
          },
          {
            "system": "http://hl7.org/fhir/resource-types",
            "code": "Group",
            "display": "Group"
          },
          {
            "system": "http://hl7.org/fhir/resource-types",
            "code": "Device",
            "display": "Device"
          },
          {
            "system": "http://hl7.org/fhir/resource-types",
            "code": "Substance",
            "display": "Substance"
          }
        ]
      }
    },
    {
      "resourceType": "ValueSet",
      "id": "vs3",
      "identifier": "urn:uuid:e9192e71-5c07-44de-8274-3424e01ce92b",
      "name": "Type options for Specimen.collection.collected[x]",
      "description": "Type options for Specimen.collection.collected[x]",
      "status": "active",
      "expansion": {
        "timestamp": "2014-12-30T11:06:54+00:00",
        "contains": [
          {
            "system": "http://hl7.org/fhir/data-types",
            "code": "dateTime",
            "display": "dateTime"
          },
          {
            "system": "http://hl7.org/fhir/data-types",
            "code": "Period",
            "display": "Period"
          }
        ]
      }
    },
    {
      "resourceType": "ValueSet",
      "id": "vs4",
      "identifier": "urn:uuid:8bf4fc81-e5f0-4505-9175-130a7246ec30",
      "name": "Type options for Specimen.container.additive[x]",
      "description": "Type options for Specimen.container.additive[x]",
      "status": "active",
      "expansion": {
        "timestamp": "2014-12-30T11:06:54+00:00",
        "contains": [
          {
            "system": "http://hl7.org/fhir/data-types",
            "code": "CodeableConcept",
            "display": "CodeableConcept"
          },
          {
            "system": "http://hl7.org/fhir/resource-types",
            "code": "Substance",
            "display": "Substance"
          }
        ]
      }
    }
  ],
  "identifier": [
    {
      "system": "urn:ietf:rfc:3986"
    }
  ],
  "status": "draft",
  "date": "2014-12-30T10:55:31",
  "publisher": "HL7 FHIR Project (Orders and Observations)",
  "group": {
    "http://hl7.org/fhir/Profile/questionnaire-extensions#flyover": [
      {
        "valueString": "Sample for analysis."
      }
    ],
    "linkId": "Specimen",
    "title": "Sample for analysis",
    "required": true,
    "group": [
      {
        "http://hl7.org/fhir/Profile/questionnaire-extensions#flyover": [
          {
            "valueString": "The logical id of the resource, as used in the url for the resoure. Once assigned, this value never changes. The only time that a resource does not have an id is when it is being submitted to the server using a create operation. Bundles always have an id, though it is usually a generated UUID."
          }
        ],
        "http://www.healthintersections.com.au/fhir/Profile/metadata#type": [
          {
            "valueString": "string"
          }
        ],
        "linkId": "Specimen.id",
        "repeats": true,
        "question": [
          {
            "linkId": "Specimen.id.value",
            "text": "Logical id of this artefact",
            "type": "string"
          }
        ]
      },
      {
        "http://hl7.org/fhir/Profile/questionnaire-extensions#flyover": [
          {
            "valueString": "The metadata about the resource. This is content that is maintained by the infrastructure. Changes to the content may not always be associated with version changes to the resource."
          }
        ],
        "linkId": "Specimen.meta",
        "title": "Metadata about the resource",
        "group": [
          {
            "http://hl7.org/fhir/Profile/questionnaire-extensions#flyover": [
              {
                "valueString": "unique id for the element within a resource (for internal references)."
              }
            ],
            "http://www.healthintersections.com.au/fhir/Profile/metadata#type": [
              {
                "valueString": "string"
              }
            ],
            "linkId": "Specimen.meta.id",
            "repeats": true,
            "question": [
              {
                "linkId": "Specimen.meta.id.value",
                "text": "xml:id (or equivalent in JSON)",
                "type": "string"
              }
            ]
          },
          {
            "http://hl7.org/fhir/Profile/questionnaire-extensions#flyover": [
              {
                "valueString": "The version specific identifier, as it appears in the version portion of the url. This values changes when the resource is created, updated, or deleted. The server assigns this value, and ignores what the client specifies, except in the case that the server is imposing version integrity on updates/deletes."
              }
            ],
            "http://www.healthintersections.com.au/fhir/Profile/metadata#type": [
              {
                "valueString": "string"
              }
            ],
            "linkId": "Specimen.meta.versionId",
            "repeats": true,
            "question": [
              {
                "linkId": "Specimen.meta.versionId.value",
                "text": "Version specific identifier",
                "type": "string"
              }
            ]
          },
          {
            "http://hl7.org/fhir/Profile/questionnaire-extensions#flyover": [
              {
                "valueString": "When the resource last changed - e.g. when the version changed. This value is always populated except when the resource is first being created. The server / resource manager sets this value; what a client provides is irrelevant."
              }
            ],
            "http://www.healthintersections.com.au/fhir/Profile/metadata#type": [
              {
                "valueString": "instant"
              }
            ],
            "linkId": "Specimen.meta.lastUpdated",
            "repeats": true,
            "question": [
              {
                "linkId": "Specimen.meta.lastUpdated.value",
                "text": "When the resource version last changed",
                "type": "instant"
              }
            ]
          },
          {
            "http://hl7.org/fhir/Profile/questionnaire-extensions#flyover": [
              {
                "valueString": "A list of profiles that this resource claims to conform to. The URL is a reference to Profile.url. It is up to the server and/or other infrastruture of policy to determine whether/how these claims are verified and/or updated over tiem."
              }
            ],
            "http://www.healthintersections.com.au/fhir/Profile/metadata#type": [
              {
                "valueString": "uri"
              }
            ],
            "linkId": "Specimen.meta.profile",
            "repeats": true,
            "question": [
              {
                "linkId": "Specimen.meta.profile.value",
                "text": "Profiles this resource claims to conform to",
                "type": "string"
              }
            ]
          },
          {
            "http://hl7.org/fhir/Profile/questionnaire-extensions#flyover": [
              {
                "valueString": "Security labels applied to this resource. These tags connect specific resources to the overall security policy and infrastructure. The security labels can be updated without changing the stated version of the resource."
              }
            ],
            "http://www.healthintersections.com.au/fhir/Profile/metadata#type": [
              {
                "valueString": "Coding"
              }
            ],
            "linkId": "Specimen.meta.security",
            "repeats": true,
            "question": [
              {
                "linkId": "Specimen.meta.security.value",
                "text": "Security Labels applied to this resource",
                "type": "open-choice"
              }
            ]
          },
          {
            "http://hl7.org/fhir/Profile/questionnaire-extensions#flyover": [
              {
                "valueString": "Tags applied to this resource. Tags are intended to to be used to identify and relate resources to process and workflow, and applications are not required to consider the tags when interpreting the meaning of a resource. The tags can be updated without changing the stated version of the resource."
              }
            ],
            "http://www.healthintersections.com.au/fhir/Profile/metadata#type": [
              {
                "valueString": "Coding"
              }
            ],
            "linkId": "Specimen.meta.tag",
            "repeats": true,
            "question": [
              {
                "linkId": "Specimen.meta.tag.value",
                "text": "Tags applied",
                "type": "open-choice"
              }
            ]
          }
        ]
      },
      {
        "http://hl7.org/fhir/Profile/questionnaire-extensions#flyover": [
          {
            "valueString": "A reference to a set of rules that were followed when the resource was constructed, and which must be understood when processing the content. Asserting this rule set restricts the content to be only understood by a limited set of trading partners. This inherently limits the usefulness of the data in the long term. However the existing health eco-system is highly fractured, and not yet ready to define, collect, and exchange data in a generally computable sense. Wherever possible, implementers and/or specification writers should avoid using this element as much as possible."
          }
        ],
        "http://www.healthintersections.com.au/fhir/Profile/metadata#type": [
          {
            "valueString": "uri"
          }
        ],
        "linkId": "Specimen.implicitRules",
        "repeats": true,
        "question": [
          {
            "linkId": "Specimen.implicitRules.value",
            "text": "A set of rules under which this content was created",
            "type": "string"
          }
        ]
      },
      {
        "http://hl7.org/fhir/Profile/questionnaire-extensions#flyover": [
          {
            "valueString": "The base language in which the resource is written. Language is provided to support indexing and accessibility (typically, services such as text to speech use the language tag). The html language tag in the narrative applies  to the narrative. The language tag on the resource may be used to specify the language of other presentations generated from the data in the resource\n\nNot all the content has to be in the base language. The Resource.language should not be assumed to apply to the narrative automatically. If a language is specified, it should it also be specified on the div element in the html (see rules in HTML5 for information about the relationship between xml:lang and the html lang attribute)."
          }
        ],
        "http://www.healthintersections.com.au/fhir/Profile/metadata#type": [
          {
            "valueString": "code"
          }
        ],
        "linkId": "Specimen.language",
        "repeats": true,
        "question": [
          {
            "linkId": "Specimen.language.value",
            "text": "language",
            "type": "choice"
          }
        ]
      },
      {
        "http://hl7.org/fhir/Profile/questionnaire-extensions#flyover": [
          {
            "valueString": "A human-readable narrative that contains a summary of the resource, and may be used to represent the content of the resource to a human. The narrative need not encode all the structured data, but is required to contain sufficient detail to make it \"clinically safe\" for a human to just read the narrative. Resource definitions may define what content should be represented in the narrative to ensure clinical safety. Contained resources do not have narrative. Resources that are not contained SHOULD have a narrative."
          }
        ],
        "linkId": "Specimen.text",
        "text": "Text summary of the resource, for human interpretation",
        "repeats": true
      },
      {
        "http://hl7.org/fhir/Profile/questionnaire-extensions#flyover": [
          {
            "valueString": "These resources do not have an independent existence apart from the resource that contains them - they cannot be identified independently, and nor can they have their own independent transaction scope. This should never be done when the content can be identified properly, as once identification is lost, it is extremely difficult (and context dependent) to restore it again."
          }
        ],
        "linkId": "Specimen.contained",
        "text": "Contained, inline Resources",
        "repeats": true
      },
      {
        "http://hl7.org/fhir/Profile/questionnaire-extensions#flyover": [
          {
            "valueString": "Id for specimen."
          }
        ],
        "http://www.healthintersections.com.au/fhir/Profile/metadata#type": [
          {
            "valueString": "Identifier"
          }
        ],
        "linkId": "Specimen.identifier",
        "text": "External Identifier",
        "repeats": true,
        "question": [
          {
            "linkId": "Specimen.identifier.label",
            "text": "label:",
            "type": "string"
          },
          {
            "linkId": "Specimen.identifier.system",
            "text": "system:",
            "type": "string"
          },
          {
            "linkId": "Specimen.identifier.value",
            "text": "value:",
            "type": "string"
          }
        ]
      },
      {
        "http://hl7.org/fhir/Profile/questionnaire-extensions#flyover": [
          {
            "valueString": "Kind of material that forms the specimen. The type can change the way that a specimen is handled, and drives what kind of analyses can properly be performed on the specimen. It is frequently used in diagnostic work flow decision making systems."
          }
        ],
        "http://www.healthintersections.com.au/fhir/Profile/metadata#type": [
          {
            "valueString": "CodeableConcept"
          }
        ],
        "linkId": "Specimen.type",
        "text": "Kind of material that forms the specimen",
        "repeats": true,
        "question": [
          {
            "linkId": "Specimen.type.coding",
            "text": "code:",
            "type": "open-choice"
          },
          {
            "linkId": "Specimen.type.text",
            "text": "text:",
            "type": "string"
          }
        ]
      },
      {
        "http://hl7.org/fhir/Profile/questionnaire-extensions#flyover": [
          {
            "valueString": "Parent specimen from which the focal specimen was a component."
          }
        ],
        "linkId": "Specimen.source",
        "title": "Parent of specimen",
        "repeats": true,
        "group": [
          {
            "http://hl7.org/fhir/Profile/questionnaire-extensions#flyover": [
              {
                "valueString": "unique id for the element within a resource (for internal references)."
              }
            ],
            "http://www.healthintersections.com.au/fhir/Profile/metadata#type": [
              {
                "valueString": "string"
              }
            ],
            "linkId": "Specimen.source.id",
            "repeats": true,
            "question": [
              {
                "linkId": "Specimen.source.id.value",
                "text": "xml:id (or equivalent in JSON)",
                "type": "string"
              }
            ]
          },
          {
            "http://hl7.org/fhir/Profile/questionnaire-extensions#flyover": [
              {
                "valueString": "Whether this relationship is to a parent or to a child."
              }
            ],
            "http://www.healthintersections.com.au/fhir/Profile/metadata#type": [
              {
                "valueString": "code"
              }
            ],
            "linkId": "Specimen.source.relationship",
            "required": true,
            "repeats": true,
            "question": [
              {
                "linkId": "Specimen.source.relationship.value",
                "text": "relationship",
                "type": "choice"
              }
            ]
          },
          {
            "http://hl7.org/fhir/Profile/questionnaire-extensions#flyover": [
              {
                "valueString": "The specimen resource that is the target of this relationship."
              }
            ],
            "http://www.healthintersections.com.au/fhir/Profile/metadata#type": [
              {
                "valueString": "Reference"
              }
            ],
            "linkId": "Specimen.source.target",
            "repeats": true,
            "question": [
              {
                "http://www.healthintersections.com.au/fhir/Profile/metadata#reference": [
                  {
                    "valueString": "/Specimen?subject=$subj&patient=$subj&encounter=$encounter"
                  }
                ],
                "linkId": "Specimen.source.target.value",
                "text": "The subject of the relationship",
                "type": "reference"
              }
            ]
          }
        ]
      },
      {
        "http://hl7.org/fhir/Profile/questionnaire-extensions#flyover": [
          {
            "valueString": "Where the specimen came from. This may be from the patient(s) or from the environment or a device."
          }
        ],
        "linkId": "Specimen.subject",
        "text": "Where the specimen came from. This may be from the patient(s) or from the environment or a device",
        "required": true,
        "repeats": true,
        "question": [
          {
            "linkId": "Specimen.subject._type",
            "text": "type",
            "type": "choice",
            "options": {
              "reference": "#vs2"
            },
            "group": [
              {
                "http://www.healthintersections.com.au/fhir/Profile/metadata#type": [
                  {
                    "valueString": "Reference"
                  }
                ],
                "linkId": "Specimen.subject._Patient",
                "question": [
                  {
                    "http://www.healthintersections.com.au/fhir/Profile/metadata#reference": [
                      {
                        "valueString": "/Patient?subject=$subj&patient=$subj&encounter=$encounter"
                      }
                    ],
                    "linkId": "Specimen.subject._Patient.value",
                    "text": "Patient",
                    "type": "reference"
                  }
                ]
              },
              {
                "http://www.healthintersections.com.au/fhir/Profile/metadata#type": [
                  {
                    "valueString": "Reference"
                  }
                ],
                "linkId": "Specimen.subject._Group",
                "question": [
                  {
                    "http://www.healthintersections.com.au/fhir/Profile/metadata#reference": [
                      {
                        "valueString": "/Group?subject=$subj&patient=$subj&encounter=$encounter"
                      }
                    ],
                    "linkId": "Specimen.subject._Group.value",
                    "text": "Group",
                    "type": "reference"
                  }
                ]
              },
              {
                "http://www.healthintersections.com.au/fhir/Profile/metadata#type": [
                  {
                    "valueString": "Reference"
                  }
                ],
                "linkId": "Specimen.subject._Device",
                "question": [
                  {
                    "http://www.healthintersections.com.au/fhir/Profile/metadata#reference": [
                      {
                        "valueString": "/Device?subject=$subj&patient=$subj&encounter=$encounter"
                      }
                    ],
                    "linkId": "Specimen.subject._Device.value",
                    "text": "Device",
                    "type": "reference"
                  }
                ]
              },
              {
                "http://www.healthintersections.com.au/fhir/Profile/metadata#type": [
                  {
                    "valueString": "Reference"
                  }
                ],
                "linkId": "Specimen.subject._Substance",
                "question": [
                  {
                    "http://www.healthintersections.com.au/fhir/Profile/metadata#reference": [
                      {
                        "valueString": "/Substance?subject=$subj&patient=$subj&encounter=$encounter"
                      }
                    ],
                    "linkId": "Specimen.subject._Substance.value",
                    "text": "Substance",
                    "type": "reference"
                  }
                ]
              }
            ]
          }
        ]
      },
      {
        "http://hl7.org/fhir/Profile/questionnaire-extensions#flyover": [
          {
            "valueString": "The identifier assigned by the lab when accessioning specimen(s). This is not necessarily the same as the specimen identifier, depending on local lab procedures."
          }
        ],
        "http://www.healthintersections.com.au/fhir/Profile/metadata#type": [
          {
            "valueString": "Identifier"
          }
        ],
        "linkId": "Specimen.accessionIdentifier",
        "text": "Identifier assigned by the lab",
        "repeats": true,
        "question": [
          {
            "linkId": "Specimen.accessionIdentifier.label",
            "text": "label:",
            "type": "string"
          },
          {
            "linkId": "Specimen.accessionIdentifier.system",
            "text": "system:",
            "type": "string"
          },
          {
            "linkId": "Specimen.accessionIdentifier.value",
            "text": "value:",
            "type": "string"
          }
        ]
      },
      {
        "http://hl7.org/fhir/Profile/questionnaire-extensions#flyover": [
          {
            "valueString": "Time when specimen was received for processing or testing."
          }
        ],
        "http://www.healthintersections.com.au/fhir/Profile/metadata#type": [
          {
            "valueString": "datetime"
          }
        ],
        "linkId": "Specimen.receivedTime",
        "repeats": true,
        "question": [
          {
            "linkId": "Specimen.receivedTime.value",
            "text": "The time when specimen was received for processing",
            "type": "dateTime"
          }
        ]
      },
      {
        "http://hl7.org/fhir/Profile/questionnaire-extensions#flyover": [
          {
            "valueString": "Details concerning the specimen collection."
          }
        ],
        "linkId": "Specimen.collection",
        "title": "Collection details",
        "group": [
          {
            "http://hl7.org/fhir/Profile/questionnaire-extensions#flyover": [
              {
                "valueString": "unique id for the element within a resource (for internal references)."
              }
            ],
            "http://www.healthintersections.com.au/fhir/Profile/metadata#type": [
              {
                "valueString": "string"
              }
            ],
            "linkId": "Specimen.collection.id",
            "repeats": true,
            "question": [
              {
                "linkId": "Specimen.collection.id.value",
                "text": "xml:id (or equivalent in JSON)",
                "type": "string"
              }
            ]
          },
          {
            "http://hl7.org/fhir/Profile/questionnaire-extensions#flyover": [
              {
                "valueString": "Person who collected the specimen."
              }
            ],
            "http://www.healthintersections.com.au/fhir/Profile/metadata#type": [
              {
                "valueString": "Reference"
              }
            ],
            "linkId": "Specimen.collection.collector",
            "repeats": true,
            "question": [
              {
                "http://www.healthintersections.com.au/fhir/Profile/metadata#reference": [
                  {
                    "valueString": "/Practitioner?subject=$subj&patient=$subj&encounter=$encounter"
                  }
                ],
                "linkId": "Specimen.collection.collector.value",
                "text": "Who collected the specimen",
                "type": "reference"
              }
            ]
          },
          {
            "http://hl7.org/fhir/Profile/questionnaire-extensions#flyover": [
              {
                "valueString": "To communicate any details or issues encountered during the specimen collection procedure."
              }
            ],
            "http://www.healthintersections.com.au/fhir/Profile/metadata#type": [
              {
                "valueString": "string"
              }
            ],
            "linkId": "Specimen.collection.comment",
            "repeats": true,
            "question": [
              {
                "linkId": "Specimen.collection.comment.value",
                "text": "Collector comments",
                "type": "string"
              }
            ]
          },
          {
            "http://hl7.org/fhir/Profile/questionnaire-extensions#flyover": [
              {
                "valueString": "Time when specimen was collected from subject - the physiologically relevant time."
              }
            ],
            "linkId": "Specimen.collection.collected[x]",
            "text": "Collection time",
            "repeats": true,
            "question": [
              {
                "linkId": "Specimen.collection.collected[x]._type",
                "text": "type",
                "type": "choice",
                "options": {
                  "reference": "#vs3"
                },
                "group": [
                  {
                    "http://www.healthintersections.com.au/fhir/Profile/metadata#type": [
                      {
                        "valueString": "datetime"
                      }
                    ],
                    "linkId": "Specimen.collection.collected[x]._dateTime",
                    "question": [
                      {
                        "linkId": "Specimen.collection.collected[x]._dateTime.value",
                        "text": "dateTime",
                        "type": "dateTime"
                      }
                    ]
                  },
                  {
                    "http://www.healthintersections.com.au/fhir/Profile/metadata#type": [
                      {
                        "valueString": "Period"
                      }
                    ],
                    "linkId": "Specimen.collection.collected[x]._Period",
                    "text": "Period",
                    "question": [
                      {
                        "linkId": "Specimen.collection.collected[x]._Period.low",
                        "text": "start:",
                        "type": "dateTime"
                      },
                      {
                        "linkId": "Specimen.collection.collected[x]._Period.end",
                        "text": "end:",
                        "type": "dateTime"
                      }
                    ]
                  }
                ]
              }
            ]
          },
          {
            "http://hl7.org/fhir/Profile/questionnaire-extensions#flyover": [
              {
                "valueString": "The quantity of specimen collected; for instance the volume of a blood sample, or the physical measurement of an anatomic pathology sample."
              }
            ],
            "http://www.healthintersections.com.au/fhir/Profile/metadata#type": [
              {
                "valueString": "Quantity"
              }
            ],
            "linkId": "Specimen.collection.quantity",
            "text": "The quantity of specimen collected",
            "repeats": true,
            "question": [
              {
                "linkId": "Specimen.collection.quantity.comparator",
                "text": "comp:",
                "type": "choice"
              },
              {
                "linkId": "Specimen.collection.quantity.value",
                "text": "value:",
                "type": "decimal"
              },
              {
                "linkId": "Specimen.collection.quantity.units",
                "text": "units:",
                "type": "string"
              },
              {
                "linkId": "Specimen.collection.quantity.code",
                "text": "coded units:",
                "type": "string"
              },
              {
                "linkId": "Specimen.collection.quantity.system",
                "text": "units system:",
                "type": "string"
              }
            ]
          },
          {
            "http://hl7.org/fhir/Profile/questionnaire-extensions#flyover": [
              {
                "valueString": "A coded value specifying the technique that is used to perform the procedure."
              }
            ],
            "http://www.healthintersections.com.au/fhir/Profile/metadata#type": [
              {
                "valueString": "CodeableConcept"
              }
            ],
            "linkId": "Specimen.collection.method",
            "text": "Technique used to perform collection",
            "repeats": true,
            "question": [
              {
                "linkId": "Specimen.collection.method.coding",
                "text": "code:",
                "type": "open-choice"
              },
              {
                "linkId": "Specimen.collection.method.text",
                "text": "text:",
                "type": "string"
              }
            ]
          },
          {
            "http://hl7.org/fhir/Profile/questionnaire-extensions#flyover": [
              {
                "valueString": "Anatomical location from which the specimen was collected (if subject is a patient). This element is not used for environmental specimens."
              }
            ],
            "http://www.healthintersections.com.au/fhir/Profile/metadata#type": [
              {
                "valueString": "CodeableConcept"
              }
            ],
            "linkId": "Specimen.collection.sourceSite",
            "text": "Anatomical collection site",
            "repeats": true,
            "question": [
              {
                "linkId": "Specimen.collection.sourceSite.coding",
                "text": "code:",
                "type": "open-choice"
              },
              {
                "linkId": "Specimen.collection.sourceSite.text",
                "text": "text:",
                "type": "string"
              }
            ]
          }
        ]
      },
      {
        "http://hl7.org/fhir/Profile/questionnaire-extensions#flyover": [
          {
            "valueString": "Details concerning treatment and processing steps for the specimen."
          }
        ],
        "linkId": "Specimen.treatment",
        "title": "Treatment and processing step details",
        "repeats": true,
        "group": [
          {
            "http://hl7.org/fhir/Profile/questionnaire-extensions#flyover": [
              {
                "valueString": "unique id for the element within a resource (for internal references)."
              }
            ],
            "http://www.healthintersections.com.au/fhir/Profile/metadata#type": [
              {
                "valueString": "string"
              }
            ],
            "linkId": "Specimen.treatment.id",
            "repeats": true,
            "question": [
              {
                "linkId": "Specimen.treatment.id.value",
                "text": "xml:id (or equivalent in JSON)",
                "type": "string"
              }
            ]
          },
          {
            "http://hl7.org/fhir/Profile/questionnaire-extensions#flyover": [
              {
                "valueString": "Textual description of procedure."
              }
            ],
            "http://www.healthintersections.com.au/fhir/Profile/metadata#type": [
              {
                "valueString": "string"
              }
            ],
            "linkId": "Specimen.treatment.description",
            "repeats": true,
            "question": [
              {
                "linkId": "Specimen.treatment.description.value",
                "text": "Textual description of procedure",
                "type": "string"
              }
            ]
          },
          {
            "http://hl7.org/fhir/Profile/questionnaire-extensions#flyover": [
              {
                "valueString": "A coded value specifying the procedure used to process the specimen."
              }
            ],
            "http://www.healthintersections.com.au/fhir/Profile/metadata#type": [
              {
                "valueString": "CodeableConcept"
              }
            ],
            "linkId": "Specimen.treatment.procedure",
            "text": "Indicates the treatment or processing step  applied to the specimen",
            "repeats": true,
            "question": [
              {
                "linkId": "Specimen.treatment.procedure.coding",
                "text": "code:",
                "type": "open-choice"
              },
              {
                "linkId": "Specimen.treatment.procedure.text",
                "text": "text:",
                "type": "string"
              }
            ]
          },
          {
            "http://hl7.org/fhir/Profile/questionnaire-extensions#flyover": [
              {
                "valueString": "Material used in the processing step."
              }
            ],
            "http://www.healthintersections.com.au/fhir/Profile/metadata#type": [
              {
                "valueString": "Reference"
              }
            ],
            "linkId": "Specimen.treatment.additive",
            "repeats": true,
            "question": [
              {
                "http://www.healthintersections.com.au/fhir/Profile/metadata#reference": [
                  {
                    "valueString": "/Substance?subject=$subj&patient=$subj&encounter=$encounter"
                  }
                ],
                "linkId": "Specimen.treatment.additive.value",
                "text": "Material used in the processing step",
                "type": "reference"
              }
            ]
          }
        ]
      },
      {
        "http://hl7.org/fhir/Profile/questionnaire-extensions#flyover": [
          {
            "valueString": "The container holding the specimen.  The recursive nature of containers; i.e. blood in tube in tray in rack is not addressed here."
          }
        ],
        "linkId": "Specimen.container",
        "title": "Direct container of specimen (tube/slide, etc)",
        "repeats": true,
        "group": [
          {
            "http://hl7.org/fhir/Profile/questionnaire-extensions#flyover": [
              {
                "valueString": "unique id for the element within a resource (for internal references)."
              }
            ],
            "http://www.healthintersections.com.au/fhir/Profile/metadata#type": [
              {
                "valueString": "string"
              }
            ],
            "linkId": "Specimen.container.id",
            "repeats": true,
            "question": [
              {
                "linkId": "Specimen.container.id.value",
                "text": "xml:id (or equivalent in JSON)",
                "type": "string"
              }
            ]
          },
          {
            "http://hl7.org/fhir/Profile/questionnaire-extensions#flyover": [
              {
                "valueString": "Id for container. There may be multiple; a manufacturer's bar code, lab assigned identifier, etc. The container ID may differ from the specimen id in some circumstances."
              }
            ],
            "http://www.healthintersections.com.au/fhir/Profile/metadata#type": [
              {
                "valueString": "Identifier"
              }
            ],
            "linkId": "Specimen.container.identifier",
            "text": "Id for the container",
            "repeats": true,
            "question": [
              {
                "linkId": "Specimen.container.identifier.label",
                "text": "label:",
                "type": "string"
              },
              {
                "linkId": "Specimen.container.identifier.system",
                "text": "system:",
                "type": "string"
              },
              {
                "linkId": "Specimen.container.identifier.value",
                "text": "value:",
                "type": "string"
              }
            ]
          },
          {
            "http://hl7.org/fhir/Profile/questionnaire-extensions#flyover": [
              {
                "valueString": "Textual description of the container."
              }
            ],
            "http://www.healthintersections.com.au/fhir/Profile/metadata#type": [
              {
                "valueString": "string"
              }
            ],
            "linkId": "Specimen.container.description",
            "repeats": true,
            "question": [
              {
                "linkId": "Specimen.container.description.value",
                "text": "Textual description of the container",
                "type": "string"
              }
            ]
          },
          {
            "http://hl7.org/fhir/Profile/questionnaire-extensions#flyover": [
              {
                "valueString": "The type of container associated with the specimen (e.g. slide, aliquot, etc)."
              }
            ],
            "http://www.healthintersections.com.au/fhir/Profile/metadata#type": [
              {
                "valueString": "CodeableConcept"
              }
            ],
            "linkId": "Specimen.container.type",
            "text": "Kind of container directly associated with specimen",
            "repeats": true,
            "question": [
              {
                "linkId": "Specimen.container.type.coding",
                "text": "code:",
                "type": "open-choice"
              },
              {
                "linkId": "Specimen.container.type.text",
                "text": "text:",
                "type": "string"
              }
            ]
          },
          {
            "http://hl7.org/fhir/Profile/questionnaire-extensions#flyover": [
              {
                "valueString": "The capacity (volume or other measure) the container may contain."
              }
            ],
            "http://www.healthintersections.com.au/fhir/Profile/metadata#type": [
              {
                "valueString": "Quantity"
              }
            ],
            "linkId": "Specimen.container.capacity",
            "text": "Container volume or size",
            "repeats": true,
            "question": [
              {
                "linkId": "Specimen.container.capacity.comparator",
                "text": "comp:",
                "type": "choice"
              },
              {
                "linkId": "Specimen.container.capacity.value",
                "text": "value:",
                "type": "decimal"
              },
              {
                "linkId": "Specimen.container.capacity.units",
                "text": "units:",
                "type": "string"
              },
              {
                "linkId": "Specimen.container.capacity.code",
                "text": "coded units:",
                "type": "string"
              },
              {
                "linkId": "Specimen.container.capacity.system",
                "text": "units system:",
                "type": "string"
              }
            ]
          },
          {
            "http://hl7.org/fhir/Profile/questionnaire-extensions#flyover": [
              {
                "valueString": "The quantity of specimen in the container; may be volume, dimensions, or other appropriate measurements, depending on the specimen type."
              }
            ],
            "http://www.healthintersections.com.au/fhir/Profile/metadata#type": [
              {
                "valueString": "Quantity"
              }
            ],
            "linkId": "Specimen.container.specimenQuantity",
            "text": "Quantity of specimen within container",
            "repeats": true,
            "question": [
              {
                "linkId": "Specimen.container.specimenQuantity.comparator",
                "text": "comp:",
                "type": "choice"
              },
              {
                "linkId": "Specimen.container.specimenQuantity.value",
                "text": "value:",
                "type": "decimal"
              },
              {
                "linkId": "Specimen.container.specimenQuantity.units",
                "text": "units:",
                "type": "string"
              },
              {
                "linkId": "Specimen.container.specimenQuantity.code",
                "text": "coded units:",
                "type": "string"
              },
              {
                "linkId": "Specimen.container.specimenQuantity.system",
                "text": "units system:",
                "type": "string"
              }
            ]
          },
          {
            "http://hl7.org/fhir/Profile/questionnaire-extensions#flyover": [
              {
                "valueString": "Introduced substance to preserve, maintain or enhance the specimen. examples: Formalin, Citrate, EDTA."
              }
            ],
            "linkId": "Specimen.container.additive[x]",
            "text": "Additive associated with container",
            "repeats": true,
            "question": [
              {
                "linkId": "Specimen.container.additive[x]._type",
                "text": "type",
                "type": "choice",
                "options": {
                  "reference": "#vs4"
                },
                "group": [
                  {
                    "http://www.healthintersections.com.au/fhir/Profile/metadata#type": [
                      {
                        "valueString": "CodeableConcept"
                      }
                    ],
                    "linkId": "Specimen.container.additive[x]._CodeableConcept",
                    "text": "CodeableConcept",
                    "question": [
                      {
                        "linkId": "Specimen.container.additive[x]._CodeableConcept.coding",
                        "text": "code:",
                        "type": "open-choice"
                      },
                      {
                        "linkId": "Specimen.container.additive[x]._CodeableConcept.text",
                        "text": "text:",
                        "type": "string"
                      }
                    ]
                  },
                  {
                    "http://www.healthintersections.com.au/fhir/Profile/metadata#type": [
                      {
                        "valueString": "Reference"
                      }
                    ],
                    "linkId": "Specimen.container.additive[x]._Substance",
                    "question": [
                      {
                        "http://www.healthintersections.com.au/fhir/Profile/metadata#reference": [
                          {
                            "valueString": "/Substance?subject=$subj&patient=$subj&encounter=$encounter"
                          }
                        ],
                        "linkId": "Specimen.container.additive[x]._Substance.value",
                        "text": "Substance",
                        "type": "reference"
                      }
                    ]
                  }
                ]
              }
            ]
          }
        ]
      }
    ]
  }
}