{
  "resourceType": "StatusRequest",
  "id": "87654",
  "text": {
    "status": "generated",
    "div": "<div>A human-readable rendering of the StatusRequest</div>"
  },
  "identifier": [
    {
      "system": "http://happyvalley.com/statusrequest",
      "value": "1776543"
    }
  ],
  "created": "2014-08-16",
  "organization": {
    "reference": "Organization/1"
  },
  "request": {
    "reference": "http://BenefitsInc.com/oralhealthclaim/12345"
  },
  "response": {
    "reference": "http://BenefitsInc.com/fhir/claimresponse/3500"
  }
}