{
  "resourceType": "Profile",
  "id": "supply-ccda-nonmedsupplyactivity-ccdanonmedsupplyactivity",
  "text": {
    "status": "generated",
    "div": "<div>to do</div>"
  },
  "url": "http://hl7.org/fhir/Profile/supply-ccda-nonmedsupplyactivity-ccdanonmedsupplyactivity",
  "name": "CCDA Non-Medicinal Supply Activity",
  "publisher": "HL7 International - Orders and Observations WG",
  "telecom": [
    {
      "system": "url",
      "value": "http://hl7.org"
    }
  ],
  "description": "CCDA Non-Medicinal Supply Activity template to FHIR Profile mapping : CCDA Non-Medicinal Supply Activity",
  "status": "draft",
  "date": "2014-11-08",
  "type": "Supply",
  "base": "http://hl7.org/fhir/Profile/Supply",
  "snapshot": {
    "element": [
      {
        "path": "Supply",
        "name": "CCDANonMedSupplyActivity",
        "short": "A supply -  request and provision",
        "formal": "A supply - a  request for something, and provision of what is supplied.",
        "min": 1,
        "max": "1",
        "isSummary": false,
        "mapping": [
          {
            "identity": "rim",
            "map": "Supply[moodCode=RQO]"
          },
          {
            "identity": "rim",
            "map": "Supply[moodCode=RQO]"
          }
        ]
      },
      {
        "path": "Supply.id",
        "short": "Logical id of this artefact",
        "formal": "The logical id of the resource, as used in the url for the resoure. Once assigned, this value never changes.",
        "comments": "The only time that a resource does not have an id is when it is being submitted to the server using a create operation. Bundles always have an id, though it is usually a generated UUID.",
        "min": 0,
        "max": "1",
        "type": [
          {
            "code": "id"
          }
        ],
        "isSummary": false
      },
      {
        "path": "Supply.meta",
        "short": "Metadata about the resource",
        "formal": "The metadata about the resource. This is content that is maintained by the infrastructure. Changes to the content may not always be associated with version changes to the resource.",
        "min": 0,
        "max": "1",
        "isSummary": false
      },
      {
        "path": "Supply.meta.id",
        "representation": [
          "xmlAttr"
        ],
        "short": "xml:id (or equivalent in JSON)",
        "formal": "unique id for the element within a resource (for internal references).",
        "min": 0,
        "max": "1",
        "type": [
          {
            "code": "id"
          }
        ],
        "isSummary": false,
        "mapping": [
          {
            "identity": "rim",
            "map": "n/a"
          },
          {
            "identity": "rim",
            "map": "n/a"
          }
        ]
      },
      {
        "path": "Supply.meta.extension",
        "short": "Additional Content defined by implementations",
        "formal": "May be used to represent additional information that is not part of the basic definition of the element. In order to make the use of extensions safe and manageable, there is a strict set of governance  applied to the definition and use of extensions. Though any implementer is allowed to define an extension, there is a set of requirements that SHALL be met as part of the definition of the extension.",
        "comments": "There can be no stigma associated with the use of extensions by any application, project, or standard - regardless of the institution or jurisdiction that uses or defines the extensions.  The use of extensions is what allows the FHIR specification to retain a core level of simplicity for everyone.",
        "synonym": [
          "extensions",
          "user content"
        ],
        "min": 0,
        "max": "*",
        "type": [
          {
            "code": "Extension"
          }
        ],
        "isSummary": false,
        "mapping": [
          {
            "identity": "rim",
            "map": "n/a"
          },
          {
            "identity": "rim",
            "map": "n/a"
          }
        ]
      },
      {
        "path": "Supply.meta.modifierExtension",
        "short": "Extensions that cannot be ignored",
        "formal": "May be used to represent additional information that is not part of the basic definition of the element, and that modifies the understanding of the element that contains it. Usually modifier elements provide negation or qualification. In order to make the use of extensions safe and manageable, there is a strict set of governance applied to the definition and use of extensions. Though any implementer is allowed to define an extension, there is a set of requirements that SHALL be met as part of the definition of the extension. Applications processing a resource are required to check for modifier extensions.",
        "comments": "There can be no stigma associated with the use of extensions by any application, project, or standard - regardless of the institution or jurisdiction that uses or defines the extensions.  The use of extensions is what allows the FHIR specification to retain a core level of simplicity for everyone.",
        "synonym": [
          "extensions",
          "user content",
          "modifiers"
        ],
        "min": 0,
        "max": "*",
        "type": [
          {
            "code": "Extension"
          }
        ],
        "isSummary": false,
        "mapping": [
          {
            "identity": "rim",
            "map": "N/A"
          },
          {
            "identity": "rim",
            "map": "N/A"
          }
        ]
      },
      {
        "path": "Supply.meta.versionId",
        "short": "Version specific identifier",
        "formal": "The version specific identifier, as it appears in the version portion of the url. This values changes when the resource is created, updated, or deleted.",
        "comments": "The server assigns this value, and ignores what the client specifies, except in the case that the server is imposing version integrity on updates/deletes.",
        "min": 0,
        "max": "1",
        "type": [
          {
            "code": "id"
          }
        ],
        "isSummary": false
      },
      {
        "path": "Supply.meta.lastUpdated",
        "short": "When the resource version last changed",
        "formal": "When the resource last changed - e.g. when the version changed.",
        "comments": "This value is always populated except when the resource is first being created. The server / resource manager sets this value; what a client provides is irrelevant.",
        "min": 0,
        "max": "1",
        "type": [
          {
            "code": "instant"
          }
        ],
        "isSummary": false
      },
      {
        "path": "Supply.meta.profile",
        "short": "Profiles this resource claims to conform to",
        "formal": "A list of profiles that this resource claims to conform to. The URL is a reference to Profile.url.",
        "comments": "It is up to the server and/or other infrastruture of policy to determine whether/how these claims are verified and/or updated over tiem.",
        "min": 0,
        "max": "*",
        "type": [
          {
            "code": "uri"
          }
        ],
        "isSummary": false
      },
      {
        "path": "Supply.meta.security",
        "short": "Security Labels applied to this resource",
        "formal": "Security labels applied to this resource. These tags connect specific resources to the overall security policy and infrastructure.",
        "comments": "The security labels can be updated without changing the stated version of the resource.",
        "min": 0,
        "max": "*",
        "type": [
          {
            "code": "Coding"
          }
        ],
        "isSummary": false
      },
      {
        "path": "Supply.meta.tag",
        "short": "Tags applied",
        "formal": "Tags applied to this resource. Tags are intended to to be used to identify and relate resources to process and workflow, and applications are not required to consider the tags when interpreting the meaning of a resource.",
        "comments": "The tags can be updated without changing the stated version of the resource.",
        "min": 0,
        "max": "*",
        "type": [
          {
            "code": "Coding"
          }
        ],
        "isSummary": false
      },
      {
        "path": "Supply.implicitRules",
        "short": "A set of rules under which this content was created",
        "formal": "A reference to a set of rules that were followed when the resource was constructed, and which must be understood when processing the content.",
        "comments": "Asserting this rule set restricts the content to be only understood by a limited set of trading partners. This inherently limits the usefulness of the data in the long term. However the existing health eco-system is highly fractured, and not yet ready to define, collect, and exchange data in a generally computable sense. Wherever possible, implementers and/or specification writers should avoid using this element as much as possible.",
        "min": 0,
        "max": "1",
        "type": [
          {
            "code": "uri"
          }
        ],
        "isModifier": true,
        "isSummary": false
      },
      {
        "path": "Supply.language",
        "short": "Language of the resource content",
        "formal": "The base language in which the resource is written.",
        "comments": "Language is provided to support indexing and accessibility (typically, services such as text to speech use the language tag). The html language tag in the narrative applies  to the narrative. The language tag on the resource may be used to specify the language of other presentations generated from the data in the resource\n\nNot all the content has to be in the base language. The Resource.language should not be assumed to apply to the narrative automatically. If a language is specified, it should it also be specified on the div element in the html (see rules in HTML5 for information about the relationship between xml:lang and the html lang attribute).",
        "min": 0,
        "max": "1",
        "type": [
          {
            "code": "code"
          }
        ],
        "isSummary": false,
        "binding": {
          "name": "Language",
          "isExtensible": false,
          "conformance": "required",
          "description": "A human language",
          "referenceUri": "http://tools.ietf.org/html/bcp47"
        }
      },
      {
        "path": "Supply.text",
        "short": "Text summary of the resource, for human interpretation",
        "formal": "A human-readable narrative that contains a summary of the resource, and may be used to represent the content of the resource to a human. The narrative need not encode all the structured data, but is required to contain sufficient detail to make it \"clinically safe\" for a human to just read the narrative. Resource definitions may define what content should be represented in the narrative to ensure clinical safety.",
        "comments": "Contained resources do not have narrative. Resources that are not contained SHOULD have a narrative.",
        "synonym": [
          "narrative",
          "html",
          "xhtml",
          "display"
        ],
        "min": 0,
        "max": "1",
        "type": [
          {
            "code": "Narrative"
          }
        ],
        "condition": [
          "1"
        ],
        "isSummary": false,
        "mapping": [
          {
            "identity": "rim",
            "map": "Act.text?"
          },
          {
            "identity": "rim",
            "map": "Act.text?"
          }
        ]
      },
      {
        "path": "Supply.contained",
        "short": "Contained, inline Resources",
        "formal": "These resources do not have an independent existence apart from the resource that contains them - they cannot be identified independently, and nor can they have their own independent transaction scope.",
        "comments": "This should never be done when the content can be identified properly, as once identification is lost, it is extremely difficult (and context dependent) to restore it again.",
        "synonym": [
          "inline resources",
          "anonymous resources",
          "contained resources"
        ],
        "min": 0,
        "max": "*",
        "type": [
          {
            "code": "Resource"
          }
        ],
        "isSummary": false,
        "mapping": [
          {
            "identity": "rim",
            "map": "N/A"
          },
          {
            "identity": "rim",
            "map": "N/A"
          }
        ]
      },
      {
        "path": "Supply.extension",
        "short": "Additional Content defined by implementations",
        "formal": "May be used to represent additional information that is not part of the basic definition of the resource. In order to make the use of extensions safe and manageable, there is a strict set of governance  applied to the definition and use of extensions. Though any implementer is allowed to define an extension, there is a set of requirements that SHALL be met as part of the definition of the extension.",
        "comments": "There can be no stigma associated with the use of extensions by any application, project, or standard - regardless of the institution or jurisdiction that uses or defines the extensions.  The use of extensions is what allows the FHIR specification to retain a core level of simplicity for everyone.",
        "synonym": [
          "extensions",
          "user content"
        ],
        "min": 0,
        "max": "*",
        "type": [
          {
            "code": "Extension"
          }
        ],
        "isSummary": false,
        "mapping": [
          {
            "identity": "rim",
            "map": "N/A"
          },
          {
            "identity": "rim",
            "map": "N/A"
          }
        ]
      },
      {
        "path": "Supply.modifierExtension",
        "short": "Extensions that cannot be ignored",
        "formal": "May be used to represent additional information that is not part of the basic definition of the resource, and that modifies the understanding of the element that contains it. Usually modifier elements provide negation or qualification. In order to make the use of extensions safe and manageable, there is a strict set of governance applied to the definition and use of extensions. Though any implementer is allowed to define an extension, there is a set of requirements that SHALL be met as part of the definition of the extension. Applications processing a resource are required to check for modifier extensions.",
        "comments": "There can be no stigma associated with the use of extensions by any application, project, or standard - regardless of the institution or jurisdiction that uses or defines the extensions.  The use of extensions is what allows the FHIR specification to retain a core level of simplicity for everyone.",
        "synonym": [
          "extensions",
          "user content"
        ],
        "min": 0,
        "max": "*",
        "type": [
          {
            "code": "Extension"
          }
        ],
        "isSummary": false,
        "mapping": [
          {
            "identity": "rim",
            "map": "N/A"
          },
          {
            "identity": "rim",
            "map": "N/A"
          }
        ]
      },
      {
        "path": "Supply.kind",
        "short": "The kind of supply (central, non-stock, etc)",
        "formal": "Category of supply, e.g.  central, non-stock, etc. This is used to support work flows associated with the supply process.",
        "min": 0,
        "max": "1",
        "type": [
          {
            "code": "CodeableConcept"
          }
        ],
        "isSummary": false,
        "binding": {
          "name": "SupplyKind",
          "isExtensible": true,
          "conformance": "preferred",
          "description": "Category of supply",
          "referenceReference": {
            "reference": "http://hl7.org/fhir/vs/supply-kind"
          }
        },
        "mapping": [
          {
            "identity": "rim",
            "map": ".code"
          },
          {
            "identity": "rim",
            "map": ".code"
          }
        ]
      },
      {
        "path": "Supply.identifier",
        "short": "Unique identifier",
        "formal": "Unique identifier for this supply request.",
        "comments": "This is assigned by the orderer, and used to refer to this order in other external standards.",
        "min": 0,
        "max": "1",
        "type": [
          {
            "code": "Identifier"
          }
        ],
        "isSummary": false,
        "mapping": [
          {
            "identity": "rim",
            "map": ".id"
          },
          {
            "identity": "rim",
            "map": ".id"
          }
        ]
      },
      {
        "path": "Supply.status",
        "short": "requested | dispensed | received | failed | cancelled",
        "formal": "Status of the supply request.",
        "min": 1,
        "max": "1",
        "type": [
          {
            "code": "code"
          }
        ],
        "fixedCode": "dispensed",
        "isSummary": false,
        "binding": {
          "name": "SupplyStatus",
          "isExtensible": false,
          "conformance": "required",
          "description": "Status of the supply",
          "referenceReference": {
            "reference": "http://hl7.org/fhir/vs/valueset-supply-status"
          }
        },
        "mapping": [
          {
            "identity": "rim",
            "map": ".statusCode, also existence of fulfillment events"
          },
          {
            "identity": "rim",
            "map": ".statusCode, also existence of fulfillment events"
          }
        ]
      },
      {
        "path": "Supply.orderedItem",
        "short": "Medication, Substance, or Device requested to be supplied",
        "formal": "The item that is requested to be supplied.",
        "comments": "Note that there's a difference between a prescription - an instruction to take a medication, along with a (sometimes) implicit supply, and an explicit request to supply, with no explicit instructions.",
        "min": 0,
        "max": "1",
        "type": [
          {
            "code": "Reference",
            "profile": "http://hl7.org/fhir/Profile/Medication"
          },
          {
            "code": "Reference",
            "profile": "http://hl7.org/fhir/Profile/Substance"
          },
          {
            "code": "Reference",
            "profile": "http://hl7.org/fhir/Profile/Device"
          }
        ],
        "isSummary": false,
        "mapping": [
          {
            "identity": "rim",
            "map": ".participation[typeCode=PRD].role"
          },
          {
            "identity": "rim",
            "map": ".participation[typeCode=PRD].role"
          }
        ]
      },
      {
        "path": "Supply.patient",
        "short": "Patient for whom the item is supplied",
        "formal": "A link to a resource representing the person whom the ordered item is for.",
        "min": 0,
        "max": "1",
        "type": [
          {
            "code": "Reference",
            "profile": "http://hl7.org/fhir/Profile/Patient"
          }
        ],
        "isSummary": false,
        "mapping": [
          {
            "identity": "rim",
            "map": ".participation[typeCode=SBJ].role"
          },
          {
            "identity": "rim",
            "map": ".participation[typeCode=SBJ].role"
          }
        ]
      },
      {
        "path": "Supply.dispense",
        "short": "Supply details",
        "formal": "Indicates the details of the dispense event such as the days supply and quantity of a supply dispensed.",
        "min": 0,
        "max": "*",
        "isSummary": false,
        "mapping": [
          {
            "identity": "rim",
            "map": ".inboundRelationship[typeCode=FLFS].source[classCode=SPLY, moodCode=EVN]"
          },
          {
            "identity": "rim",
            "map": ".inboundRelationship[typeCode=FLFS].source[classCode=SPLY, moodCode=EVN]"
          }
        ]
      },
      {
        "path": "Supply.dispense.id",
        "representation": [
          "xmlAttr"
        ],
        "short": "xml:id (or equivalent in JSON)",
        "formal": "unique id for the element within a resource (for internal references).",
        "min": 0,
        "max": "1",
        "type": [
          {
            "code": "id"
          }
        ],
        "isSummary": false,
        "mapping": [
          {
            "identity": "rim",
            "map": "n/a"
          },
          {
            "identity": "rim",
            "map": "n/a"
          }
        ]
      },
      {
        "path": "Supply.dispense.extension",
        "short": "Additional Content defined by implementations",
        "formal": "May be used to represent additional information that is not part of the basic definition of the element. In order to make the use of extensions safe and manageable, there is a strict set of governance  applied to the definition and use of extensions. Though any implementer is allowed to define an extension, there is a set of requirements that SHALL be met as part of the definition of the extension.",
        "comments": "There can be no stigma associated with the use of extensions by any application, project, or standard - regardless of the institution or jurisdiction that uses or defines the extensions.  The use of extensions is what allows the FHIR specification to retain a core level of simplicity for everyone.",
        "synonym": [
          "extensions",
          "user content"
        ],
        "min": 0,
        "max": "*",
        "type": [
          {
            "code": "Extension"
          }
        ],
        "isSummary": false,
        "mapping": [
          {
            "identity": "rim",
            "map": "n/a"
          },
          {
            "identity": "rim",
            "map": "n/a"
          }
        ]
      },
      {
        "path": "Supply.dispense.modifierExtension",
        "short": "Extensions that cannot be ignored",
        "formal": "May be used to represent additional information that is not part of the basic definition of the element, and that modifies the understanding of the element that contains it. Usually modifier elements provide negation or qualification. In order to make the use of extensions safe and manageable, there is a strict set of governance applied to the definition and use of extensions. Though any implementer is allowed to define an extension, there is a set of requirements that SHALL be met as part of the definition of the extension. Applications processing a resource are required to check for modifier extensions.",
        "comments": "There can be no stigma associated with the use of extensions by any application, project, or standard - regardless of the institution or jurisdiction that uses or defines the extensions.  The use of extensions is what allows the FHIR specification to retain a core level of simplicity for everyone.",
        "synonym": [
          "extensions",
          "user content",
          "modifiers"
        ],
        "min": 0,
        "max": "*",
        "type": [
          {
            "code": "Extension"
          }
        ],
        "isSummary": false,
        "mapping": [
          {
            "identity": "rim",
            "map": "N/A"
          },
          {
            "identity": "rim",
            "map": "N/A"
          }
        ]
      },
      {
        "path": "Supply.dispense.identifier",
        "short": "External identifier",
        "formal": "Identifier assigned by the dispensing facility when the item(s) is dispensed.",
        "comments": "This is assigned by the dispenser, and used to refer to this order in other external standards.",
        "min": 0,
        "max": "1",
        "type": [
          {
            "code": "Identifier"
          }
        ],
        "isSummary": false,
        "mapping": [
          {
            "identity": "rim",
            "map": ".id"
          },
          {
            "identity": "rim",
            "map": ".id"
          }
        ]
      },
      {
        "path": "Supply.dispense.status",
        "short": "in progress | dispensed | abandoned",
        "formal": "A code specifying the state of the dispense event.",
        "min": 0,
        "max": "1",
        "type": [
          {
            "code": "code"
          }
        ],
        "isModifier": true,
        "isSummary": false,
        "binding": {
          "name": "SupplyDispenseStatus",
          "isExtensible": false,
          "conformance": "required",
          "description": "Status of the dispense",
          "referenceReference": {
            "reference": "http://hl7.org/fhir/vs/valueset-supply-dispense-status"
          }
        },
        "mapping": [
          {
            "identity": "rim",
            "map": ".statusCode, also existence of fulfillment events"
          },
          {
            "identity": "rim",
            "map": ".statusCode, also existence of fulfillment events"
          }
        ]
      },
      {
        "path": "Supply.dispense.type",
        "short": "Category of dispense event",
        "formal": "Indicates the type of dispensing event that is performed. Examples include: Trial Fill, Completion of Trial, Partial Fill, Emergency Fill, Samples, etc.",
        "min": 0,
        "max": "1",
        "type": [
          {
            "code": "CodeableConcept"
          }
        ],
        "isSummary": false,
        "binding": {
          "name": "SupplyItemType",
          "isExtensible": true,
          "conformance": "preferred",
          "description": "The actual item being supplied",
          "referenceReference": {
            "reference": "http://hl7.org/fhir/vs/supply-item"
          }
        },
        "mapping": [
          {
            "identity": "rim",
            "map": ".code"
          },
          {
            "identity": "rim",
            "map": ".code"
          }
        ]
      },
      {
        "path": "Supply.dispense.quantity",
        "short": "Amount dispensed",
        "formal": "The amount of supply that has been dispensed. Includes unit of measure.",
        "min": 0,
        "max": "1",
        "type": [
          {
            "code": "Quantity"
          }
        ],
        "isSummary": false,
        "mapping": [
          {
            "identity": "rim",
            "map": ".quantity"
          },
          {
            "identity": "rim",
            "map": ".quantity"
          }
        ]
      },
      {
        "path": "Supply.dispense.suppliedItem",
        "short": "Medication, Substance, or Device supplied",
        "formal": "Identifies the medication or substance or device being dispensed. This is either a link to a resource representing the details of the item or a simple attribute carrying a code that identifies the item from a known list.",
        "min": 0,
        "max": "1",
        "type": [
          {
            "code": "Reference",
            "profile": "http://hl7.org/fhir/Profile/Medication"
          },
          {
            "code": "Reference",
            "profile": "http://hl7.org/fhir/Profile/Substance"
          },
          {
            "code": "Reference",
            "profile": "http://hl7.org/fhir/Profile/Device"
          }
        ],
        "isSummary": false,
        "mapping": [
          {
            "identity": "rim",
            "map": ".participation[typeCode=PRD].role"
          },
          {
            "identity": "rim",
            "map": ".participation[typeCode=PRD].role"
          }
        ]
      },
      {
        "path": "Supply.dispense.supplier",
        "short": "Dispenser",
        "formal": "The individual responsible for dispensing the medication, supplier or device.",
        "min": 0,
        "max": "1",
        "type": [
          {
            "code": "Reference",
            "profile": "http://hl7.org/fhir/Profile/Practitioner"
          }
        ],
        "isSummary": false,
        "mapping": [
          {
            "identity": "rim",
            "map": ".participation[typeCode=PFM].role"
          },
          {
            "identity": "rim",
            "map": ".participation[typeCode=PFM].role"
          }
        ]
      },
      {
        "path": "Supply.dispense.whenPrepared",
        "short": "Dispensing time",
        "formal": "The time the dispense event occurred.",
        "min": 0,
        "max": "1",
        "type": [
          {
            "code": "Period"
          }
        ],
        "isSummary": false,
        "mapping": [
          {
            "identity": "rim",
            "map": ".effectiveTime.low"
          },
          {
            "identity": "rim",
            "map": ".effectiveTime.low"
          }
        ]
      },
      {
        "path": "Supply.dispense.whenHandedOver",
        "short": "Handover time",
        "formal": "The time the dispensed item was sent or handed to the patient (or agent).",
        "min": 0,
        "max": "1",
        "type": [
          {
            "code": "Period"
          }
        ],
        "isSummary": false,
        "mapping": [
          {
            "identity": "rim",
            "map": ".effectiveTime.high"
          },
          {
            "identity": "rim",
            "map": ".effectiveTime.high"
          }
        ]
      },
      {
        "path": "Supply.dispense.destination",
        "short": "Where the Supply was sent",
        "formal": "Identification of the facility/location where the Supply was shipped to, as part of the dispense event.",
        "min": 0,
        "max": "1",
        "type": [
          {
            "code": "Reference",
            "profile": "http://hl7.org/fhir/Profile/Location"
          }
        ],
        "isSummary": false,
        "mapping": [
          {
            "identity": "rim",
            "map": ".participation[typeCode=DST].role"
          },
          {
            "identity": "rim",
            "map": ".participation[typeCode=DST].role"
          }
        ]
      },
      {
        "path": "Supply.dispense.receiver",
        "short": "Who collected the Supply",
        "formal": "Identifies the person who picked up the Supply.",
        "min": 0,
        "max": "*",
        "type": [
          {
            "code": "Reference",
            "profile": "http://hl7.org/fhir/Profile/Practitioner"
          }
        ],
        "isSummary": false,
        "mapping": [
          {
            "identity": "rim",
            "map": ".participation[typeCode=RCV].role"
          },
          {
            "identity": "rim",
            "map": ".participation[typeCode=RCV].role"
          }
        ]
      }
    ]
  },
  "differential": {
    "element": [
      {
        "path": "Supply",
        "name": "CCDANonMedSupplyActivity",
        "min": 1,
        "max": "1",
        "isSummary": false
      },
      {
        "path": "Supply.status",
        "min": 1,
        "max": "1",
        "type": [
          {
            "code": "code"
          }
        ],
        "fixedCode": "dispensed",
        "isSummary": false
      }
    ]
  }
}