{"created":"2014-09-21","detail":[{"contentAttachment":{"contentType":"application/pdf","data":"SGVsbG8=","title":"accident notes 20100201.pdf"},"dateTime":"2010-02-01","linkId":1},{"contentAttachment":{"contentType":"application/pdf","hash":"SGVsbG8gdGhlcmU=","size":104274,"url":"http://happyvalley.com/docs/AB12345"},"dateTime":"2010-02-01T10:57:34+01:00","linkId":2}],"id":"654789","identifier":[{"system":"http://happyvalley.com/elegibility","value":"52345"}],"resourceType":"SupportingDocumentation","subject":{"reference":"Patient/1"},"target":{"reference":"Organization/2"},"text":{"div":"<div>A human-readable rendering of the Eligibility</div>","status":"generated"}}