{"coverage":[{"coverage":{"reference":"Coverage/9876B1"},"focal":true,"relationship":{"code":"self"},"sequence":1}],"created":"2014-08-16","diagnosis":[{"diagnosis":{"code":"654321"},"sequence":1}],"id":"660151","identifier":[{"system":"http://happysight.com/claims","value":"6612346"}],"item":[{"detail":[{"net":{"code":"USD","system":"urn:std:iso:4217","value":100.00},"sequence":1,"service":{"code":"frame","system":"http://hl7.org/fhir/ex-visionservice"},"type":{"code":"product"},"unitPrice":{"code":"USD","system":"urn:std:iso:4217","value":100.00}},{"net":{"code":"USD","system":"urn:std:iso:4217","value":100.00},"quantity":{"value":2},"sequence":2,"service":{"code":"lens","system":"http://hl7.org/fhir/ex-visionservice"},"type":{"code":"product"},"unitPrice":{"code":"USD","system":"urn:std:iso:4217","value":50.00}},{"factor":0.07,"net":{"code":"USD","system":"urn:std:iso:4217","value":14.00},"sequence":3,"service":{"code":"fst","system":"http://hl7.org/fhir/ex-visionservice"},"type":{"code":"tax"},"unitPrice":{"code":"USD","system":"urn:std:iso:4217","value":200.00}}],"net":{"code":"USD","system":"urn:std:iso:4217","value":214.00},"provider":{"reference":"Practitioner/1"},"sequence":1,"service":{"code":"glasses","system":"http://hl7.org/fhir/ex-visionservice"},"serviceDate":"2014-08-16","type":{"code":"group"},"unitPrice":{"code":"USD","system":"urn:std:iso:4217","value":214.00}}],"organization":{"reference":"Organization/1"},"patient":{"reference":"Patient/1"},"payee":{"type":{"code":"provider"}},"prescription":{"reference":"http://www.optdocs.com/prescription/12345"},"priority":{"code":"normal"},"resourceType":"VisionClaim","target":{"reference":"Organization/2"},"text":{"div":"<div>A human-readable rendering of the Vision Claim for Glasses</div>","status":"generated"},"use":"complete"}