{
  "resourceType": "Questionnaire",
  "id": "qs1",
  "contained": [
    {
      "resourceType": "ValueSet",
      "id": "vs2",
      "identifier": "urn:uuid:9f6c3029-86de-4e54-b5c8-6d0de034ca83",
      "name": "Type options for VisionPrescription.reason[x]",
      "description": "Type options for VisionPrescription.reason[x]",
      "status": "active",
      "expansion": {
        "timestamp": "2014-12-30T11:07:20+00:00",
        "contains": [
          {
            "system": "http://hl7.org/fhir/data-types",
            "code": "CodeableConcept",
            "display": "CodeableConcept"
          },
          {
            "system": "http://hl7.org/fhir/resource-types",
            "code": "Condition",
            "display": "Condition"
          }
        ]
      }
    }
  ],
  "identifier": [
    {
      "system": "urn:ietf:rfc:3986"
    }
  ],
  "status": "draft",
  "date": "2014-12-30T10:55:31",
  "publisher": "HL7 FHIR Project (Financial Management)",
  "group": {
    "http://hl7.org/fhir/Profile/questionnaire-extensions#flyover": [
      {
        "valueString": "An authorization for the supply of glasses and/or contact lenses to a patient."
      }
    ],
    "linkId": "VisionPrescription",
    "title": "Prescription for Vision correction products for a patient",
    "required": true,
    "group": [
      {
        "http://hl7.org/fhir/Profile/questionnaire-extensions#flyover": [
          {
            "valueString": "The logical id of the resource, as used in the url for the resoure. Once assigned, this value never changes. The only time that a resource does not have an id is when it is being submitted to the server using a create operation. Bundles always have an id, though it is usually a generated UUID."
          }
        ],
        "http://www.healthintersections.com.au/fhir/Profile/metadata#type": [
          {
            "valueString": "string"
          }
        ],
        "linkId": "VisionPrescription.id",
        "repeats": true,
        "question": [
          {
            "linkId": "VisionPrescription.id.value",
            "text": "Logical id of this artefact",
            "type": "string"
          }
        ]
      },
      {
        "http://hl7.org/fhir/Profile/questionnaire-extensions#flyover": [
          {
            "valueString": "The metadata about the resource. This is content that is maintained by the infrastructure. Changes to the content may not always be associated with version changes to the resource."
          }
        ],
        "linkId": "VisionPrescription.meta",
        "title": "Metadata about the resource",
        "group": [
          {
            "http://hl7.org/fhir/Profile/questionnaire-extensions#flyover": [
              {
                "valueString": "unique id for the element within a resource (for internal references)."
              }
            ],
            "http://www.healthintersections.com.au/fhir/Profile/metadata#type": [
              {
                "valueString": "string"
              }
            ],
            "linkId": "VisionPrescription.meta.id",
            "repeats": true,
            "question": [
              {
                "linkId": "VisionPrescription.meta.id.value",
                "text": "xml:id (or equivalent in JSON)",
                "type": "string"
              }
            ]
          },
          {
            "http://hl7.org/fhir/Profile/questionnaire-extensions#flyover": [
              {
                "valueString": "The version specific identifier, as it appears in the version portion of the url. This values changes when the resource is created, updated, or deleted. The server assigns this value, and ignores what the client specifies, except in the case that the server is imposing version integrity on updates/deletes."
              }
            ],
            "http://www.healthintersections.com.au/fhir/Profile/metadata#type": [
              {
                "valueString": "string"
              }
            ],
            "linkId": "VisionPrescription.meta.versionId",
            "repeats": true,
            "question": [
              {
                "linkId": "VisionPrescription.meta.versionId.value",
                "text": "Version specific identifier",
                "type": "string"
              }
            ]
          },
          {
            "http://hl7.org/fhir/Profile/questionnaire-extensions#flyover": [
              {
                "valueString": "When the resource last changed - e.g. when the version changed. This value is always populated except when the resource is first being created. The server / resource manager sets this value; what a client provides is irrelevant."
              }
            ],
            "http://www.healthintersections.com.au/fhir/Profile/metadata#type": [
              {
                "valueString": "instant"
              }
            ],
            "linkId": "VisionPrescription.meta.lastUpdated",
            "repeats": true,
            "question": [
              {
                "linkId": "VisionPrescription.meta.lastUpdated.value",
                "text": "When the resource version last changed",
                "type": "instant"
              }
            ]
          },
          {
            "http://hl7.org/fhir/Profile/questionnaire-extensions#flyover": [
              {
                "valueString": "A list of profiles that this resource claims to conform to. The URL is a reference to Profile.url. It is up to the server and/or other infrastruture of policy to determine whether/how these claims are verified and/or updated over tiem."
              }
            ],
            "http://www.healthintersections.com.au/fhir/Profile/metadata#type": [
              {
                "valueString": "uri"
              }
            ],
            "linkId": "VisionPrescription.meta.profile",
            "repeats": true,
            "question": [
              {
                "linkId": "VisionPrescription.meta.profile.value",
                "text": "Profiles this resource claims to conform to",
                "type": "string"
              }
            ]
          },
          {
            "http://hl7.org/fhir/Profile/questionnaire-extensions#flyover": [
              {
                "valueString": "Security labels applied to this resource. These tags connect specific resources to the overall security policy and infrastructure. The security labels can be updated without changing the stated version of the resource."
              }
            ],
            "http://www.healthintersections.com.au/fhir/Profile/metadata#type": [
              {
                "valueString": "Coding"
              }
            ],
            "linkId": "VisionPrescription.meta.security",
            "repeats": true,
            "question": [
              {
                "linkId": "VisionPrescription.meta.security.value",
                "text": "Security Labels applied to this resource",
                "type": "open-choice"
              }
            ]
          },
          {
            "http://hl7.org/fhir/Profile/questionnaire-extensions#flyover": [
              {
                "valueString": "Tags applied to this resource. Tags are intended to to be used to identify and relate resources to process and workflow, and applications are not required to consider the tags when interpreting the meaning of a resource. The tags can be updated without changing the stated version of the resource."
              }
            ],
            "http://www.healthintersections.com.au/fhir/Profile/metadata#type": [
              {
                "valueString": "Coding"
              }
            ],
            "linkId": "VisionPrescription.meta.tag",
            "repeats": true,
            "question": [
              {
                "linkId": "VisionPrescription.meta.tag.value",
                "text": "Tags applied",
                "type": "open-choice"
              }
            ]
          }
        ]
      },
      {
        "http://hl7.org/fhir/Profile/questionnaire-extensions#flyover": [
          {
            "valueString": "A reference to a set of rules that were followed when the resource was constructed, and which must be understood when processing the content. Asserting this rule set restricts the content to be only understood by a limited set of trading partners. This inherently limits the usefulness of the data in the long term. However the existing health eco-system is highly fractured, and not yet ready to define, collect, and exchange data in a generally computable sense. Wherever possible, implementers and/or specification writers should avoid using this element as much as possible."
          }
        ],
        "http://www.healthintersections.com.au/fhir/Profile/metadata#type": [
          {
            "valueString": "uri"
          }
        ],
        "linkId": "VisionPrescription.implicitRules",
        "repeats": true,
        "question": [
          {
            "linkId": "VisionPrescription.implicitRules.value",
            "text": "A set of rules under which this content was created",
            "type": "string"
          }
        ]
      },
      {
        "http://hl7.org/fhir/Profile/questionnaire-extensions#flyover": [
          {
            "valueString": "The base language in which the resource is written. Language is provided to support indexing and accessibility (typically, services such as text to speech use the language tag). The html language tag in the narrative applies  to the narrative. The language tag on the resource may be used to specify the language of other presentations generated from the data in the resource\n\nNot all the content has to be in the base language. The Resource.language should not be assumed to apply to the narrative automatically. If a language is specified, it should it also be specified on the div element in the html (see rules in HTML5 for information about the relationship between xml:lang and the html lang attribute)."
          }
        ],
        "http://www.healthintersections.com.au/fhir/Profile/metadata#type": [
          {
            "valueString": "code"
          }
        ],
        "linkId": "VisionPrescription.language",
        "repeats": true,
        "question": [
          {
            "linkId": "VisionPrescription.language.value",
            "text": "language",
            "type": "choice"
          }
        ]
      },
      {
        "http://hl7.org/fhir/Profile/questionnaire-extensions#flyover": [
          {
            "valueString": "A human-readable narrative that contains a summary of the resource, and may be used to represent the content of the resource to a human. The narrative need not encode all the structured data, but is required to contain sufficient detail to make it \"clinically safe\" for a human to just read the narrative. Resource definitions may define what content should be represented in the narrative to ensure clinical safety. Contained resources do not have narrative. Resources that are not contained SHOULD have a narrative."
          }
        ],
        "linkId": "VisionPrescription.text",
        "text": "Text summary of the resource, for human interpretation",
        "repeats": true
      },
      {
        "http://hl7.org/fhir/Profile/questionnaire-extensions#flyover": [
          {
            "valueString": "These resources do not have an independent existence apart from the resource that contains them - they cannot be identified independently, and nor can they have their own independent transaction scope. This should never be done when the content can be identified properly, as once identification is lost, it is extremely difficult (and context dependent) to restore it again."
          }
        ],
        "linkId": "VisionPrescription.contained",
        "text": "Contained, inline Resources",
        "repeats": true
      },
      {
        "http://hl7.org/fhir/Profile/questionnaire-extensions#flyover": [
          {
            "valueString": "Business identifier which may be used by other parties to reference or identify the prescription."
          }
        ],
        "http://www.healthintersections.com.au/fhir/Profile/metadata#type": [
          {
            "valueString": "Identifier"
          }
        ],
        "linkId": "VisionPrescription.identifier",
        "text": "Business identifier",
        "repeats": true,
        "question": [
          {
            "linkId": "VisionPrescription.identifier.label",
            "text": "label:",
            "type": "string"
          },
          {
            "linkId": "VisionPrescription.identifier.system",
            "text": "system:",
            "type": "string"
          },
          {
            "linkId": "VisionPrescription.identifier.value",
            "text": "value:",
            "type": "string"
          }
        ]
      },
      {
        "http://hl7.org/fhir/Profile/questionnaire-extensions#flyover": [
          {
            "valueString": "The date (and perhaps time) when the prescription was written."
          }
        ],
        "http://www.healthintersections.com.au/fhir/Profile/metadata#type": [
          {
            "valueString": "datetime"
          }
        ],
        "linkId": "VisionPrescription.dateWritten",
        "repeats": true,
        "question": [
          {
            "linkId": "VisionPrescription.dateWritten.value",
            "text": "When prescription was authorized",
            "type": "dateTime"
          }
        ]
      },
      {
        "http://hl7.org/fhir/Profile/questionnaire-extensions#flyover": [
          {
            "valueString": "A link to a resource representing the person to whom the Vision products will be supplied."
          }
        ],
        "http://www.healthintersections.com.au/fhir/Profile/metadata#type": [
          {
            "valueString": "Reference"
          }
        ],
        "linkId": "VisionPrescription.patient",
        "repeats": true,
        "question": [
          {
            "http://www.healthintersections.com.au/fhir/Profile/metadata#reference": [
              {
                "valueString": "/Patient?subject=$subj&patient=$subj&encounter=$encounter"
              }
            ],
            "linkId": "VisionPrescription.patient.value",
            "text": "Who prescription is for",
            "type": "reference"
          }
        ]
      },
      {
        "http://hl7.org/fhir/Profile/questionnaire-extensions#flyover": [
          {
            "valueString": "The healthcare professional responsible for authorizing the prescription."
          }
        ],
        "http://www.healthintersections.com.au/fhir/Profile/metadata#type": [
          {
            "valueString": "Reference"
          }
        ],
        "linkId": "VisionPrescription.prescriber",
        "repeats": true,
        "question": [
          {
            "http://www.healthintersections.com.au/fhir/Profile/metadata#reference": [
              {
                "valueString": "/Practitioner?subject=$subj&patient=$subj&encounter=$encounter"
              }
            ],
            "linkId": "VisionPrescription.prescriber.value",
            "text": "Who authorizes the Vision product",
            "type": "reference"
          }
        ]
      },
      {
        "http://hl7.org/fhir/Profile/questionnaire-extensions#flyover": [
          {
            "valueString": "A link to a resource that identifies the particular occurrence of contact between patient and health care provider."
          }
        ],
        "http://www.healthintersections.com.au/fhir/Profile/metadata#type": [
          {
            "valueString": "Reference"
          }
        ],
        "linkId": "VisionPrescription.encounter",
        "repeats": true,
        "question": [
          {
            "http://www.healthintersections.com.au/fhir/Profile/metadata#reference": [
              {
                "valueString": "/Encounter?subject=$subj&patient=$subj&encounter=$encounter"
              }
            ],
            "linkId": "VisionPrescription.encounter.value",
            "text": "Created during encounter / admission / stay",
            "type": "reference"
          }
        ]
      },
      {
        "http://hl7.org/fhir/Profile/questionnaire-extensions#flyover": [
          {
            "valueString": "Can be the reason or the indication for writing the prescription."
          }
        ],
        "linkId": "VisionPrescription.reason[x]",
        "text": "Reason or indication for writing the prescription",
        "repeats": true,
        "question": [
          {
            "linkId": "VisionPrescription.reason[x]._type",
            "text": "type",
            "type": "choice",
            "options": {
              "reference": "#vs2"
            },
            "group": [
              {
                "http://www.healthintersections.com.au/fhir/Profile/metadata#type": [
                  {
                    "valueString": "CodeableConcept"
                  }
                ],
                "linkId": "VisionPrescription.reason[x]._CodeableConcept",
                "text": "CodeableConcept",
                "question": [
                  {
                    "linkId": "VisionPrescription.reason[x]._CodeableConcept.coding",
                    "text": "code:",
                    "type": "open-choice"
                  },
                  {
                    "linkId": "VisionPrescription.reason[x]._CodeableConcept.text",
                    "text": "text:",
                    "type": "string"
                  }
                ]
              },
              {
                "http://www.healthintersections.com.au/fhir/Profile/metadata#type": [
                  {
                    "valueString": "Reference"
                  }
                ],
                "linkId": "VisionPrescription.reason[x]._Condition",
                "question": [
                  {
                    "http://www.healthintersections.com.au/fhir/Profile/metadata#reference": [
                      {
                        "valueString": "/Condition?subject=$subj&patient=$subj&encounter=$encounter"
                      }
                    ],
                    "linkId": "VisionPrescription.reason[x]._Condition.value",
                    "text": "Condition",
                    "type": "reference"
                  }
                ]
              }
            ]
          }
        ]
      },
      {
        "http://hl7.org/fhir/Profile/questionnaire-extensions#flyover": [
          {
            "valueString": "Deals with details of the dispense part of the supply specification."
          }
        ],
        "linkId": "VisionPrescription.dispense",
        "title": "Vision supply authorization",
        "repeats": true,
        "group": [
          {
            "http://hl7.org/fhir/Profile/questionnaire-extensions#flyover": [
              {
                "valueString": "unique id for the element within a resource (for internal references)."
              }
            ],
            "http://www.healthintersections.com.au/fhir/Profile/metadata#type": [
              {
                "valueString": "string"
              }
            ],
            "linkId": "VisionPrescription.dispense.id",
            "repeats": true,
            "question": [
              {
                "linkId": "VisionPrescription.dispense.id.value",
                "text": "xml:id (or equivalent in JSON)",
                "type": "string"
              }
            ]
          },
          {
            "http://hl7.org/fhir/Profile/questionnaire-extensions#flyover": [
              {
                "valueString": "Identifies the type of Vision correction product which is required for the patient."
              }
            ],
            "http://www.healthintersections.com.au/fhir/Profile/metadata#type": [
              {
                "valueString": "Coding"
              }
            ],
            "linkId": "VisionPrescription.dispense.product",
            "required": true,
            "repeats": true,
            "question": [
              {
                "linkId": "VisionPrescription.dispense.product.value",
                "text": "Product to be supplied",
                "type": "open-choice"
              }
            ]
          },
          {
            "http://hl7.org/fhir/Profile/questionnaire-extensions#flyover": [
              {
                "valueString": "The eye for which the lens applies."
              }
            ],
            "http://www.healthintersections.com.au/fhir/Profile/metadata#type": [
              {
                "valueString": "code"
              }
            ],
            "linkId": "VisionPrescription.dispense.eye",
            "repeats": true,
            "question": [
              {
                "linkId": "VisionPrescription.dispense.eye.value",
                "text": "eye",
                "type": "choice"
              }
            ]
          },
          {
            "http://hl7.org/fhir/Profile/questionnaire-extensions#flyover": [
              {
                "valueString": "Lens power measured in diopters (0.25 units)."
              }
            ],
            "http://www.healthintersections.com.au/fhir/Profile/metadata#type": [
              {
                "valueString": "decimal"
              }
            ],
            "linkId": "VisionPrescription.dispense.sphere",
            "repeats": true,
            "question": [
              {
                "linkId": "VisionPrescription.dispense.sphere.value",
                "text": "Lens sphere",
                "type": "decimal"
              }
            ]
          },
          {
            "http://hl7.org/fhir/Profile/questionnaire-extensions#flyover": [
              {
                "valueString": "Power adjustment for astigmatism measured in diopters (0.25 units)."
              }
            ],
            "http://www.healthintersections.com.au/fhir/Profile/metadata#type": [
              {
                "valueString": "decimal"
              }
            ],
            "linkId": "VisionPrescription.dispense.cylinder",
            "repeats": true,
            "question": [
              {
                "linkId": "VisionPrescription.dispense.cylinder.value",
                "text": "Lens cylinder",
                "type": "decimal"
              }
            ]
          },
          {
            "http://hl7.org/fhir/Profile/questionnaire-extensions#flyover": [
              {
                "valueString": "Adjustment for astigmatism measured in integer degrees."
              }
            ],
            "http://www.healthintersections.com.au/fhir/Profile/metadata#type": [
              {
                "valueString": "integer"
              }
            ],
            "linkId": "VisionPrescription.dispense.axis",
            "repeats": true,
            "question": [
              {
                "linkId": "VisionPrescription.dispense.axis.value",
                "text": "Lens axis",
                "type": "integer"
              }
            ]
          },
          {
            "http://hl7.org/fhir/Profile/questionnaire-extensions#flyover": [
              {
                "valueString": "Amount of prism to compensate for eye alignment in fractional units."
              }
            ],
            "http://www.healthintersections.com.au/fhir/Profile/metadata#type": [
              {
                "valueString": "decimal"
              }
            ],
            "linkId": "VisionPrescription.dispense.prism",
            "repeats": true,
            "question": [
              {
                "linkId": "VisionPrescription.dispense.prism.value",
                "text": "Lens prism",
                "type": "decimal"
              }
            ]
          },
          {
            "http://hl7.org/fhir/Profile/questionnaire-extensions#flyover": [
              {
                "valueString": "The relative base, or reference lens edge, for the prism."
              }
            ],
            "http://www.healthintersections.com.au/fhir/Profile/metadata#type": [
              {
                "valueString": "code"
              }
            ],
            "linkId": "VisionPrescription.dispense.base",
            "repeats": true,
            "question": [
              {
                "linkId": "VisionPrescription.dispense.base.value",
                "text": "base",
                "type": "choice"
              }
            ]
          },
          {
            "http://hl7.org/fhir/Profile/questionnaire-extensions#flyover": [
              {
                "valueString": "Power adjustment for multifocal lenses measured in diopters (0.25 units)."
              }
            ],
            "http://www.healthintersections.com.au/fhir/Profile/metadata#type": [
              {
                "valueString": "decimal"
              }
            ],
            "linkId": "VisionPrescription.dispense.add",
            "repeats": true,
            "question": [
              {
                "linkId": "VisionPrescription.dispense.add.value",
                "text": "Lens add",
                "type": "decimal"
              }
            ]
          },
          {
            "http://hl7.org/fhir/Profile/questionnaire-extensions#flyover": [
              {
                "valueString": "Contact lens power measured in diopters (0.25 units)."
              }
            ],
            "http://www.healthintersections.com.au/fhir/Profile/metadata#type": [
              {
                "valueString": "decimal"
              }
            ],
            "linkId": "VisionPrescription.dispense.power",
            "repeats": true,
            "question": [
              {
                "linkId": "VisionPrescription.dispense.power.value",
                "text": "Contact Lens power",
                "type": "decimal"
              }
            ]
          },
          {
            "http://hl7.org/fhir/Profile/questionnaire-extensions#flyover": [
              {
                "valueString": "Back Curvature measured in millimeters."
              }
            ],
            "http://www.healthintersections.com.au/fhir/Profile/metadata#type": [
              {
                "valueString": "decimal"
              }
            ],
            "linkId": "VisionPrescription.dispense.backCurve",
            "repeats": true,
            "question": [
              {
                "linkId": "VisionPrescription.dispense.backCurve.value",
                "text": "Contact lens back curvature",
                "type": "decimal"
              }
            ]
          },
          {
            "http://hl7.org/fhir/Profile/questionnaire-extensions#flyover": [
              {
                "valueString": "Contact lens diameter measured in millimeters."
              }
            ],
            "http://www.healthintersections.com.au/fhir/Profile/metadata#type": [
              {
                "valueString": "decimal"
              }
            ],
            "linkId": "VisionPrescription.dispense.diameter",
            "repeats": true,
            "question": [
              {
                "linkId": "VisionPrescription.dispense.diameter.value",
                "text": "Contact Lens diameter",
                "type": "decimal"
              }
            ]
          },
          {
            "http://hl7.org/fhir/Profile/questionnaire-extensions#flyover": [
              {
                "valueString": "The recommended maximum wear period for the lens."
              }
            ],
            "http://www.healthintersections.com.au/fhir/Profile/metadata#type": [
              {
                "valueString": "Quantity"
              }
            ],
            "linkId": "VisionPrescription.dispense.duration",
            "text": "Lens wear duration",
            "repeats": true,
            "question": [
              {
                "linkId": "VisionPrescription.dispense.duration.comparator",
                "text": "comp:",
                "type": "choice"
              },
              {
                "linkId": "VisionPrescription.dispense.duration.value",
                "text": "value:",
                "type": "decimal"
              },
              {
                "linkId": "VisionPrescription.dispense.duration.units",
                "text": "units:",
                "type": "string"
              },
              {
                "linkId": "VisionPrescription.dispense.duration.code",
                "text": "coded units:",
                "type": "string"
              },
              {
                "linkId": "VisionPrescription.dispense.duration.system",
                "text": "units system:",
                "type": "string"
              }
            ]
          },
          {
            "http://hl7.org/fhir/Profile/questionnaire-extensions#flyover": [
              {
                "valueString": "Special color or pattern."
              }
            ],
            "http://www.healthintersections.com.au/fhir/Profile/metadata#type": [
              {
                "valueString": "string"
              }
            ],
            "linkId": "VisionPrescription.dispense.color",
            "repeats": true,
            "question": [
              {
                "linkId": "VisionPrescription.dispense.color.value",
                "text": "Lens add",
                "type": "string"
              }
            ]
          },
          {
            "http://hl7.org/fhir/Profile/questionnaire-extensions#flyover": [
              {
                "valueString": "Brand recommendations or restrictions."
              }
            ],
            "http://www.healthintersections.com.au/fhir/Profile/metadata#type": [
              {
                "valueString": "string"
              }
            ],
            "linkId": "VisionPrescription.dispense.brand",
            "repeats": true,
            "question": [
              {
                "linkId": "VisionPrescription.dispense.brand.value",
                "text": "Lens add",
                "type": "string"
              }
            ]
          },
          {
            "http://hl7.org/fhir/Profile/questionnaire-extensions#flyover": [
              {
                "valueString": "Notes for special requirements such as coatings and lens materials."
              }
            ],
            "http://www.healthintersections.com.au/fhir/Profile/metadata#type": [
              {
                "valueString": "string"
              }
            ],
            "linkId": "VisionPrescription.dispense.notes",
            "repeats": true,
            "question": [
              {
                "linkId": "VisionPrescription.dispense.notes.value",
                "text": "Notes for coatings",
                "type": "string"
              }
            ]
          }
        ]
      }
    ]
  }
}