{
  "resourceType": "VisionPrescription",
  "id": "33123",
  "text": {
    "status": "generated",
    "div": "<div>\n\t  \n      <p>OD -2.00 SPH         +2.00 add    0.5 p.d. BD</p>\n      \n      <p>OS -1.00 -0.50 x 180 +2.00 add    0.5 p.d. BU</p>\n    \n    </div>"
  },
  "identifier": [
    {
      "system": "http://www.happysight.com/prescription",
      "value": "15013"
    }
  ],
  "dateWritten": "2014-06-15",
  "patient": {
    "reference": "Patient/example"
  },
  "prescriber": {
    "reference": "Practitioner/example"
  },
  "dispense": [
    {
      "product": {
        "system": "http://hl7.org/fhir/ex-visionprescriptionproduct",
        "code": "lens"
      },
      "eye": "right",
      "sphere": -2.00,
      "prism": 0.5,
      "base": "down",
      "add": 2.00
    },
    {
      "product": {
        "system": "http://hl7.org/fhir/ex-visionprescriptionproduct",
        "code": "lens"
      },
      "eye": "left",
      "sphere": -1.00,
      "cylinder": -0.50,
      "axis": 180,
      "prism": 0.5,
      "base": "up",
      "add": 2.00
    }
  ]
}