<?xml version="1.0" encoding="UTF-8"?><SearchParameter xmlns="http://hl7.org/fhir"><id value="example-extension"/><url value="http://hl7.org/fhir/SearchParameter/example-extension"/><name value="Example Search Parameter on an extension"/><publisher value="HL7 FHIR Project"/><telecom><system value="url"/><value value="http://hl7.org/fhir"/></telecom><!--   this is the canonical definition for the _id search parameter   --><base value="Patient"/><type value="token"/><description value="Search by url for a participation agreement"/><xpath value="http://example.org/fhir/ExtensionDefinition/participation-agreement"/></SearchParameter>