<?xml version="1.0" encoding="UTF-8"?>

<Questionnaire xmlns="http://hl7.org/fhir">
  <id value="qs1"/>
  <identifier>
    <system value="urn:ietf:rfc:3986"/>
  </identifier>
  <status value="draft"/>
  <date value="2014-12-30T10:55:31"/>
  <publisher value="HL7 FHIR Project"/>
  <group>
    <extension url="http://hl7.org/fhir/Profile/questionnaire-extensions#flyover">
      <valueString value="A Search Parameter that defines a named search item that can be used to search/filter on a resource."/>
    </extension>
    <linkId value="SearchParameter"/>
    <title value="Search Parameter for a resource"/>
    <text value="In FHIR, search is not performed directly on a resource (by XML or JSON path), but on a named parameter that maps into the resource content."/>
    <required value="true"/>
    <group>
      <extension url="http://hl7.org/fhir/Profile/questionnaire-extensions#flyover">
        <valueString value="The logical id of the resource, as used in the url for the resoure. Once assigned, this value never changes. The only time that a resource does not have an id is when it is being submitted to the server using a create operation. Bundles always have an id, though it is usually a generated UUID."/>
      </extension>
      <extension url="http://www.healthintersections.com.au/fhir/Profile/metadata#type">
        <valueString value="string"/>
      </extension>
      <linkId value="SearchParameter.id"/>
      <repeats value="true"/>
      <question>
        <linkId value="SearchParameter.id.value"/>
        <text value="Logical id of this artefact"/>
        <type value="string"/>
      </question>
    </group>
    <group>
      <extension url="http://hl7.org/fhir/Profile/questionnaire-extensions#flyover">
        <valueString value="The metadata about the resource. This is content that is maintained by the infrastructure. Changes to the content may not always be associated with version changes to the resource."/>
      </extension>
      <linkId value="SearchParameter.meta"/>
      <title value="Metadata about the resource"/>
      <group>
        <extension url="http://hl7.org/fhir/Profile/questionnaire-extensions#flyover">
          <valueString value="unique id for the element within a resource (for internal references)."/>
        </extension>
        <extension url="http://www.healthintersections.com.au/fhir/Profile/metadata#type">
          <valueString value="string"/>
        </extension>
        <linkId value="SearchParameter.meta.id"/>
        <repeats value="true"/>
        <question>
          <linkId value="SearchParameter.meta.id.value"/>
          <text value="xml:id (or equivalent in JSON)"/>
          <type value="string"/>
        </question>
      </group>
      <group>
        <extension url="http://hl7.org/fhir/Profile/questionnaire-extensions#flyover">
          <valueString value="The version specific identifier, as it appears in the version portion of the url. This values changes when the resource is created, updated, or deleted. The server assigns this value, and ignores what the client specifies, except in the case that the server is imposing version integrity on updates/deletes."/>
        </extension>
        <extension url="http://www.healthintersections.com.au/fhir/Profile/metadata#type">
          <valueString value="string"/>
        </extension>
        <linkId value="SearchParameter.meta.versionId"/>
        <repeats value="true"/>
        <question>
          <linkId value="SearchParameter.meta.versionId.value"/>
          <text value="Version specific identifier"/>
          <type value="string"/>
        </question>
      </group>
      <group>
        <extension url="http://hl7.org/fhir/Profile/questionnaire-extensions#flyover">
          <valueString value="When the resource last changed - e.g. when the version changed. This value is always populated except when the resource is first being created. The server / resource manager sets this value; what a client provides is irrelevant."/>
        </extension>
        <extension url="http://www.healthintersections.com.au/fhir/Profile/metadata#type">
          <valueString value="instant"/>
        </extension>
        <linkId value="SearchParameter.meta.lastUpdated"/>
        <repeats value="true"/>
        <question>
          <linkId value="SearchParameter.meta.lastUpdated.value"/>
          <text value="When the resource version last changed"/>
          <type value="instant"/>
        </question>
      </group>
      <group>
        <extension url="http://hl7.org/fhir/Profile/questionnaire-extensions#flyover">
          <valueString value="A list of profiles that this resource claims to conform to. The URL is a reference to Profile.url. It is up to the server and/or other infrastruture of policy to determine whether/how these claims are verified and/or updated over tiem."/>
        </extension>
        <extension url="http://www.healthintersections.com.au/fhir/Profile/metadata#type">
          <valueString value="uri"/>
        </extension>
        <linkId value="SearchParameter.meta.profile"/>
        <repeats value="true"/>
        <question>
          <linkId value="SearchParameter.meta.profile.value"/>
          <text value="Profiles this resource claims to conform to"/>
          <type value="string"/>
        </question>
      </group>
      <group>
        <extension url="http://hl7.org/fhir/Profile/questionnaire-extensions#flyover">
          <valueString value="Security labels applied to this resource. These tags connect specific resources to the overall security policy and infrastructure. The security labels can be updated without changing the stated version of the resource."/>
        </extension>
        <extension url="http://www.healthintersections.com.au/fhir/Profile/metadata#type">
          <valueString value="Coding"/>
        </extension>
        <linkId value="SearchParameter.meta.security"/>
        <repeats value="true"/>
        <question>
          <linkId value="SearchParameter.meta.security.value"/>
          <text value="Security Labels applied to this resource"/>
          <type value="open-choice"/>
        </question>
      </group>
      <group>
        <extension url="http://hl7.org/fhir/Profile/questionnaire-extensions#flyover">
          <valueString value="Tags applied to this resource. Tags are intended to to be used to identify and relate resources to process and workflow, and applications are not required to consider the tags when interpreting the meaning of a resource. The tags can be updated without changing the stated version of the resource."/>
        </extension>
        <extension url="http://www.healthintersections.com.au/fhir/Profile/metadata#type">
          <valueString value="Coding"/>
        </extension>
        <linkId value="SearchParameter.meta.tag"/>
        <repeats value="true"/>
        <question>
          <linkId value="SearchParameter.meta.tag.value"/>
          <text value="Tags applied"/>
          <type value="open-choice"/>
        </question>
      </group>
    </group>
    <group>
      <extension url="http://hl7.org/fhir/Profile/questionnaire-extensions#flyover">
        <valueString value="A reference to a set of rules that were followed when the resource was constructed, and which must be understood when processing the content. Asserting this rule set restricts the content to be only understood by a limited set of trading partners. This inherently limits the usefulness of the data in the long term. However the existing health eco-system is highly fractured, and not yet ready to define, collect, and exchange data in a generally computable sense. Wherever possible, implementers and/or specification writers should avoid using this element as much as possible."/>
      </extension>
      <extension url="http://www.healthintersections.com.au/fhir/Profile/metadata#type">
        <valueString value="uri"/>
      </extension>
      <linkId value="SearchParameter.implicitRules"/>
      <repeats value="true"/>
      <question>
        <linkId value="SearchParameter.implicitRules.value"/>
        <text value="A set of rules under which this content was created"/>
        <type value="string"/>
      </question>
    </group>
    <group>
      <extension url="http://hl7.org/fhir/Profile/questionnaire-extensions#flyover">
        <valueString value="The base language in which the resource is written. Language is provided to support indexing and accessibility (typically, services such as text to speech use the language tag). The html language tag in the narrative applies  to the narrative. The language tag on the resource may be used to specify the language of other presentations generated from the data in the resource

Not all the content has to be in the base language. The Resource.language should not be assumed to apply to the narrative automatically. If a language is specified, it should it also be specified on the div element in the html (see rules in HTML5 for information about the relationship between xml:lang and the html lang attribute)."/>
      </extension>
      <extension url="http://www.healthintersections.com.au/fhir/Profile/metadata#type">
        <valueString value="code"/>
      </extension>
      <linkId value="SearchParameter.language"/>
      <repeats value="true"/>
      <question>
        <linkId value="SearchParameter.language.value"/>
        <text value="language"/>
        <type value="choice"/>
      </question>
    </group>
    <group>
      <extension url="http://hl7.org/fhir/Profile/questionnaire-extensions#flyover">
        <valueString value="A human-readable narrative that contains a summary of the resource, and may be used to represent the content of the resource to a human. The narrative need not encode all the structured data, but is required to contain sufficient detail to make it &quot;clinically safe&quot; for a human to just read the narrative. Resource definitions may define what content should be represented in the narrative to ensure clinical safety. Contained resources do not have narrative. Resources that are not contained SHOULD have a narrative."/>
      </extension>
      <linkId value="SearchParameter.text"/>
      <text value="Text summary of the resource, for human interpretation"/>
      <repeats value="true"/>
    </group>
    <group>
      <extension url="http://hl7.org/fhir/Profile/questionnaire-extensions#flyover">
        <valueString value="These resources do not have an independent existence apart from the resource that contains them - they cannot be identified independently, and nor can they have their own independent transaction scope. This should never be done when the content can be identified properly, as once identification is lost, it is extremely difficult (and context dependent) to restore it again."/>
      </extension>
      <linkId value="SearchParameter.contained"/>
      <text value="Contained, inline Resources"/>
      <repeats value="true"/>
    </group>
    <group>
      <extension url="http://hl7.org/fhir/Profile/questionnaire-extensions#flyover">
        <valueString value="The URL at which this search parameter is (or will be) published, and which is used to reference this profile in conformance statements."/>
      </extension>
      <extension url="http://www.healthintersections.com.au/fhir/Profile/metadata#type">
        <valueString value="uri"/>
      </extension>
      <linkId value="SearchParameter.url"/>
      <required value="true"/>
      <repeats value="true"/>
      <question>
        <linkId value="SearchParameter.url.value"/>
        <text value="Literal URL used to reference this search parameter"/>
        <type value="string"/>
      </question>
    </group>
    <group>
      <extension url="http://hl7.org/fhir/Profile/questionnaire-extensions#flyover">
        <valueString value="The name of the standard or custom search parameter. This is the name to be used for this parameter in the search parameters in the URL."/>
      </extension>
      <extension url="http://www.healthintersections.com.au/fhir/Profile/metadata#type">
        <valueString value="string"/>
      </extension>
      <linkId value="SearchParameter.name"/>
      <required value="true"/>
      <repeats value="true"/>
      <question>
        <linkId value="SearchParameter.name.value"/>
        <text value="Name of search parameter"/>
        <type value="string"/>
      </question>
    </group>
    <group>
      <extension url="http://hl7.org/fhir/Profile/questionnaire-extensions#flyover">
        <valueString value="Details of the individual or organization who accepts responsibility for publishing the search parameter. Usually an organization, but may be an individual. This item SHOULD be populated unless the information is available from context."/>
      </extension>
      <extension url="http://www.healthintersections.com.au/fhir/Profile/metadata#type">
        <valueString value="string"/>
      </extension>
      <linkId value="SearchParameter.publisher"/>
      <repeats value="true"/>
      <question>
        <linkId value="SearchParameter.publisher.value"/>
        <text value="Name of the publisher (Organization or individual)"/>
        <type value="string"/>
      </question>
    </group>
    <group>
      <extension url="http://hl7.org/fhir/Profile/questionnaire-extensions#flyover">
        <valueString value="Contact details to assist a user in finding and communicating with the publisher. May be a web site, an email address, a telephone number (tel:), etc."/>
      </extension>
      <extension url="http://www.healthintersections.com.au/fhir/Profile/metadata#type">
        <valueString value="ContactPoint"/>
      </extension>
      <linkId value="SearchParameter.telecom"/>
      <text value="Contact information of the publisher"/>
      <repeats value="true"/>
      <question>
        <linkId value="SearchParameter.telecom.system"/>
        <text value="type:"/>
        <type value="choice"/>
      </question>
      <question>
        <linkId value="SearchParameter.telecom.value"/>
        <text value="value:"/>
        <type value="string"/>
      </question>
      <question>
        <linkId value="SearchParameter.telecom.use"/>
        <text value="use:"/>
        <type value="choice"/>
      </question>
    </group>
    <group>
      <extension url="http://hl7.org/fhir/Profile/questionnaire-extensions#flyover">
        <valueString value="The Scope and Usage that this search parameter was created to meet."/>
      </extension>
      <extension url="http://www.healthintersections.com.au/fhir/Profile/metadata#type">
        <valueString value="string"/>
      </extension>
      <linkId value="SearchParameter.requirements"/>
      <repeats value="true"/>
      <question>
        <linkId value="SearchParameter.requirements.value"/>
        <text value="Why this search parameter is defined"/>
        <type value="string"/>
      </question>
    </group>
    <group>
      <extension url="http://hl7.org/fhir/Profile/questionnaire-extensions#flyover">
        <valueString value="The base resource type that this search parameter refers to."/>
      </extension>
      <extension url="http://www.healthintersections.com.au/fhir/Profile/metadata#type">
        <valueString value="code"/>
      </extension>
      <linkId value="SearchParameter.base"/>
      <required value="true"/>
      <repeats value="true"/>
      <question>
        <linkId value="SearchParameter.base.value"/>
        <text value="base"/>
        <type value="choice"/>
      </question>
    </group>
    <group>
      <extension url="http://hl7.org/fhir/Profile/questionnaire-extensions#flyover">
        <valueString value="The type of value a search parameter refers to, and how the content is interpreted."/>
      </extension>
      <extension url="http://www.healthintersections.com.au/fhir/Profile/metadata#type">
        <valueString value="code"/>
      </extension>
      <linkId value="SearchParameter.type"/>
      <required value="true"/>
      <repeats value="true"/>
      <question>
        <linkId value="SearchParameter.type.value"/>
        <text value="type"/>
        <type value="choice"/>
      </question>
    </group>
    <group>
      <extension url="http://hl7.org/fhir/Profile/questionnaire-extensions#flyover">
        <valueString value="A description of the search parameters and how it used."/>
      </extension>
      <extension url="http://www.healthintersections.com.au/fhir/Profile/metadata#type">
        <valueString value="string"/>
      </extension>
      <linkId value="SearchParameter.description"/>
      <required value="true"/>
      <repeats value="true"/>
      <question>
        <linkId value="SearchParameter.description.value"/>
        <text value="Documentation for  search parameter"/>
        <type value="string"/>
      </question>
    </group>
    <group>
      <extension url="http://hl7.org/fhir/Profile/questionnaire-extensions#flyover">
        <valueString value="An XPath expression that returns a set of elements for the search parameter. Note that the elements returned by the XPath are sometimes complex elements where logic is required to determine quite how to handle them. E.g. CodeableConcepts may contain text and/or multiple codings, where the codings themselves contain a code and a system."/>
      </extension>
      <extension url="http://www.healthintersections.com.au/fhir/Profile/metadata#type">
        <valueString value="string"/>
      </extension>
      <linkId value="SearchParameter.xpath"/>
      <repeats value="true"/>
      <question>
        <linkId value="SearchParameter.xpath.value"/>
        <text value="XPath that extracts the values"/>
        <type value="string"/>
      </question>
    </group>
    <group>
      <extension url="http://hl7.org/fhir/Profile/questionnaire-extensions#flyover">
        <valueString value="Types of resource (if a resource is referenced)."/>
      </extension>
      <extension url="http://www.healthintersections.com.au/fhir/Profile/metadata#type">
        <valueString value="code"/>
      </extension>
      <linkId value="SearchParameter.target"/>
      <repeats value="true"/>
      <question>
        <linkId value="SearchParameter.target.value"/>
        <text value="target"/>
        <type value="choice"/>
      </question>
    </group>
  </group>
</Questionnaire>