{
  "resourceType": "Questionnaire",
  "id": "qs1",
  "identifier": [
    {
      "system": "urn:ietf:rfc:3986"
    }
  ],
  "status": "draft",
  "date": "2014-12-30T10:55:31",
  "publisher": "HL7 FHIR Project",
  "group": {
    "http://hl7.org/fhir/Profile/questionnaire-extensions#flyover": [
      {
        "valueString": "A Search Parameter that defines a named search item that can be used to search/filter on a resource."
      }
    ],
    "linkId": "SearchParameter",
    "title": "Search Parameter for a resource",
    "text": "In FHIR, search is not performed directly on a resource (by XML or JSON path), but on a named parameter that maps into the resource content.",
    "required": true,
    "group": [
      {
        "http://hl7.org/fhir/Profile/questionnaire-extensions#flyover": [
          {
            "valueString": "The logical id of the resource, as used in the url for the resoure. Once assigned, this value never changes. The only time that a resource does not have an id is when it is being submitted to the server using a create operation. Bundles always have an id, though it is usually a generated UUID."
          }
        ],
        "http://www.healthintersections.com.au/fhir/Profile/metadata#type": [
          {
            "valueString": "string"
          }
        ],
        "linkId": "SearchParameter.id",
        "repeats": true,
        "question": [
          {
            "linkId": "SearchParameter.id.value",
            "text": "Logical id of this artefact",
            "type": "string"
          }
        ]
      },
      {
        "http://hl7.org/fhir/Profile/questionnaire-extensions#flyover": [
          {
            "valueString": "The metadata about the resource. This is content that is maintained by the infrastructure. Changes to the content may not always be associated with version changes to the resource."
          }
        ],
        "linkId": "SearchParameter.meta",
        "title": "Metadata about the resource",
        "group": [
          {
            "http://hl7.org/fhir/Profile/questionnaire-extensions#flyover": [
              {
                "valueString": "unique id for the element within a resource (for internal references)."
              }
            ],
            "http://www.healthintersections.com.au/fhir/Profile/metadata#type": [
              {
                "valueString": "string"
              }
            ],
            "linkId": "SearchParameter.meta.id",
            "repeats": true,
            "question": [
              {
                "linkId": "SearchParameter.meta.id.value",
                "text": "xml:id (or equivalent in JSON)",
                "type": "string"
              }
            ]
          },
          {
            "http://hl7.org/fhir/Profile/questionnaire-extensions#flyover": [
              {
                "valueString": "The version specific identifier, as it appears in the version portion of the url. This values changes when the resource is created, updated, or deleted. The server assigns this value, and ignores what the client specifies, except in the case that the server is imposing version integrity on updates/deletes."
              }
            ],
            "http://www.healthintersections.com.au/fhir/Profile/metadata#type": [
              {
                "valueString": "string"
              }
            ],
            "linkId": "SearchParameter.meta.versionId",
            "repeats": true,
            "question": [
              {
                "linkId": "SearchParameter.meta.versionId.value",
                "text": "Version specific identifier",
                "type": "string"
              }
            ]
          },
          {
            "http://hl7.org/fhir/Profile/questionnaire-extensions#flyover": [
              {
                "valueString": "When the resource last changed - e.g. when the version changed. This value is always populated except when the resource is first being created. The server / resource manager sets this value; what a client provides is irrelevant."
              }
            ],
            "http://www.healthintersections.com.au/fhir/Profile/metadata#type": [
              {
                "valueString": "instant"
              }
            ],
            "linkId": "SearchParameter.meta.lastUpdated",
            "repeats": true,
            "question": [
              {
                "linkId": "SearchParameter.meta.lastUpdated.value",
                "text": "When the resource version last changed",
                "type": "instant"
              }
            ]
          },
          {
            "http://hl7.org/fhir/Profile/questionnaire-extensions#flyover": [
              {
                "valueString": "A list of profiles that this resource claims to conform to. The URL is a reference to Profile.url. It is up to the server and/or other infrastruture of policy to determine whether/how these claims are verified and/or updated over tiem."
              }
            ],
            "http://www.healthintersections.com.au/fhir/Profile/metadata#type": [
              {
                "valueString": "uri"
              }
            ],
            "linkId": "SearchParameter.meta.profile",
            "repeats": true,
            "question": [
              {
                "linkId": "SearchParameter.meta.profile.value",
                "text": "Profiles this resource claims to conform to",
                "type": "string"
              }
            ]
          },
          {
            "http://hl7.org/fhir/Profile/questionnaire-extensions#flyover": [
              {
                "valueString": "Security labels applied to this resource. These tags connect specific resources to the overall security policy and infrastructure. The security labels can be updated without changing the stated version of the resource."
              }
            ],
            "http://www.healthintersections.com.au/fhir/Profile/metadata#type": [
              {
                "valueString": "Coding"
              }
            ],
            "linkId": "SearchParameter.meta.security",
            "repeats": true,
            "question": [
              {
                "linkId": "SearchParameter.meta.security.value",
                "text": "Security Labels applied to this resource",
                "type": "open-choice"
              }
            ]
          },
          {
            "http://hl7.org/fhir/Profile/questionnaire-extensions#flyover": [
              {
                "valueString": "Tags applied to this resource. Tags are intended to to be used to identify and relate resources to process and workflow, and applications are not required to consider the tags when interpreting the meaning of a resource. The tags can be updated without changing the stated version of the resource."
              }
            ],
            "http://www.healthintersections.com.au/fhir/Profile/metadata#type": [
              {
                "valueString": "Coding"
              }
            ],
            "linkId": "SearchParameter.meta.tag",
            "repeats": true,
            "question": [
              {
                "linkId": "SearchParameter.meta.tag.value",
                "text": "Tags applied",
                "type": "open-choice"
              }
            ]
          }
        ]
      },
      {
        "http://hl7.org/fhir/Profile/questionnaire-extensions#flyover": [
          {
            "valueString": "A reference to a set of rules that were followed when the resource was constructed, and which must be understood when processing the content. Asserting this rule set restricts the content to be only understood by a limited set of trading partners. This inherently limits the usefulness of the data in the long term. However the existing health eco-system is highly fractured, and not yet ready to define, collect, and exchange data in a generally computable sense. Wherever possible, implementers and/or specification writers should avoid using this element as much as possible."
          }
        ],
        "http://www.healthintersections.com.au/fhir/Profile/metadata#type": [
          {
            "valueString": "uri"
          }
        ],
        "linkId": "SearchParameter.implicitRules",
        "repeats": true,
        "question": [
          {
            "linkId": "SearchParameter.implicitRules.value",
            "text": "A set of rules under which this content was created",
            "type": "string"
          }
        ]
      },
      {
        "http://hl7.org/fhir/Profile/questionnaire-extensions#flyover": [
          {
            "valueString": "The base language in which the resource is written. Language is provided to support indexing and accessibility (typically, services such as text to speech use the language tag). The html language tag in the narrative applies  to the narrative. The language tag on the resource may be used to specify the language of other presentations generated from the data in the resource\n\nNot all the content has to be in the base language. The Resource.language should not be assumed to apply to the narrative automatically. If a language is specified, it should it also be specified on the div element in the html (see rules in HTML5 for information about the relationship between xml:lang and the html lang attribute)."
          }
        ],
        "http://www.healthintersections.com.au/fhir/Profile/metadata#type": [
          {
            "valueString": "code"
          }
        ],
        "linkId": "SearchParameter.language",
        "repeats": true,
        "question": [
          {
            "linkId": "SearchParameter.language.value",
            "text": "language",
            "type": "choice"
          }
        ]
      },
      {
        "http://hl7.org/fhir/Profile/questionnaire-extensions#flyover": [
          {
            "valueString": "A human-readable narrative that contains a summary of the resource, and may be used to represent the content of the resource to a human. The narrative need not encode all the structured data, but is required to contain sufficient detail to make it \"clinically safe\" for a human to just read the narrative. Resource definitions may define what content should be represented in the narrative to ensure clinical safety. Contained resources do not have narrative. Resources that are not contained SHOULD have a narrative."
          }
        ],
        "linkId": "SearchParameter.text",
        "text": "Text summary of the resource, for human interpretation",
        "repeats": true
      },
      {
        "http://hl7.org/fhir/Profile/questionnaire-extensions#flyover": [
          {
            "valueString": "These resources do not have an independent existence apart from the resource that contains them - they cannot be identified independently, and nor can they have their own independent transaction scope. This should never be done when the content can be identified properly, as once identification is lost, it is extremely difficult (and context dependent) to restore it again."
          }
        ],
        "linkId": "SearchParameter.contained",
        "text": "Contained, inline Resources",
        "repeats": true
      },
      {
        "http://hl7.org/fhir/Profile/questionnaire-extensions#flyover": [
          {
            "valueString": "The URL at which this search parameter is (or will be) published, and which is used to reference this profile in conformance statements."
          }
        ],
        "http://www.healthintersections.com.au/fhir/Profile/metadata#type": [
          {
            "valueString": "uri"
          }
        ],
        "linkId": "SearchParameter.url",
        "required": true,
        "repeats": true,
        "question": [
          {
            "linkId": "SearchParameter.url.value",
            "text": "Literal URL used to reference this search parameter",
            "type": "string"
          }
        ]
      },
      {
        "http://hl7.org/fhir/Profile/questionnaire-extensions#flyover": [
          {
            "valueString": "The name of the standard or custom search parameter. This is the name to be used for this parameter in the search parameters in the URL."
          }
        ],
        "http://www.healthintersections.com.au/fhir/Profile/metadata#type": [
          {
            "valueString": "string"
          }
        ],
        "linkId": "SearchParameter.name",
        "required": true,
        "repeats": true,
        "question": [
          {
            "linkId": "SearchParameter.name.value",
            "text": "Name of search parameter",
            "type": "string"
          }
        ]
      },
      {
        "http://hl7.org/fhir/Profile/questionnaire-extensions#flyover": [
          {
            "valueString": "Details of the individual or organization who accepts responsibility for publishing the search parameter. Usually an organization, but may be an individual. This item SHOULD be populated unless the information is available from context."
          }
        ],
        "http://www.healthintersections.com.au/fhir/Profile/metadata#type": [
          {
            "valueString": "string"
          }
        ],
        "linkId": "SearchParameter.publisher",
        "repeats": true,
        "question": [
          {
            "linkId": "SearchParameter.publisher.value",
            "text": "Name of the publisher (Organization or individual)",
            "type": "string"
          }
        ]
      },
      {
        "http://hl7.org/fhir/Profile/questionnaire-extensions#flyover": [
          {
            "valueString": "Contact details to assist a user in finding and communicating with the publisher. May be a web site, an email address, a telephone number (tel:), etc."
          }
        ],
        "http://www.healthintersections.com.au/fhir/Profile/metadata#type": [
          {
            "valueString": "ContactPoint"
          }
        ],
        "linkId": "SearchParameter.telecom",
        "text": "Contact information of the publisher",
        "repeats": true,
        "question": [
          {
            "linkId": "SearchParameter.telecom.system",
            "text": "type:",
            "type": "choice"
          },
          {
            "linkId": "SearchParameter.telecom.value",
            "text": "value:",
            "type": "string"
          },
          {
            "linkId": "SearchParameter.telecom.use",
            "text": "use:",
            "type": "choice"
          }
        ]
      },
      {
        "http://hl7.org/fhir/Profile/questionnaire-extensions#flyover": [
          {
            "valueString": "The Scope and Usage that this search parameter was created to meet."
          }
        ],
        "http://www.healthintersections.com.au/fhir/Profile/metadata#type": [
          {
            "valueString": "string"
          }
        ],
        "linkId": "SearchParameter.requirements",
        "repeats": true,
        "question": [
          {
            "linkId": "SearchParameter.requirements.value",
            "text": "Why this search parameter is defined",
            "type": "string"
          }
        ]
      },
      {
        "http://hl7.org/fhir/Profile/questionnaire-extensions#flyover": [
          {
            "valueString": "The base resource type that this search parameter refers to."
          }
        ],
        "http://www.healthintersections.com.au/fhir/Profile/metadata#type": [
          {
            "valueString": "code"
          }
        ],
        "linkId": "SearchParameter.base",
        "required": true,
        "repeats": true,
        "question": [
          {
            "linkId": "SearchParameter.base.value",
            "text": "base",
            "type": "choice"
          }
        ]
      },
      {
        "http://hl7.org/fhir/Profile/questionnaire-extensions#flyover": [
          {
            "valueString": "The type of value a search parameter refers to, and how the content is interpreted."
          }
        ],
        "http://www.healthintersections.com.au/fhir/Profile/metadata#type": [
          {
            "valueString": "code"
          }
        ],
        "linkId": "SearchParameter.type",
        "required": true,
        "repeats": true,
        "question": [
          {
            "linkId": "SearchParameter.type.value",
            "text": "type",
            "type": "choice"
          }
        ]
      },
      {
        "http://hl7.org/fhir/Profile/questionnaire-extensions#flyover": [
          {
            "valueString": "A description of the search parameters and how it used."
          }
        ],
        "http://www.healthintersections.com.au/fhir/Profile/metadata#type": [
          {
            "valueString": "string"
          }
        ],
        "linkId": "SearchParameter.description",
        "required": true,
        "repeats": true,
        "question": [
          {
            "linkId": "SearchParameter.description.value",
            "text": "Documentation for  search parameter",
            "type": "string"
          }
        ]
      },
      {
        "http://hl7.org/fhir/Profile/questionnaire-extensions#flyover": [
          {
            "valueString": "An XPath expression that returns a set of elements for the search parameter. Note that the elements returned by the XPath are sometimes complex elements where logic is required to determine quite how to handle them. E.g. CodeableConcepts may contain text and/or multiple codings, where the codings themselves contain a code and a system."
          }
        ],
        "http://www.healthintersections.com.au/fhir/Profile/metadata#type": [
          {
            "valueString": "string"
          }
        ],
        "linkId": "SearchParameter.xpath",
        "repeats": true,
        "question": [
          {
            "linkId": "SearchParameter.xpath.value",
            "text": "XPath that extracts the values",
            "type": "string"
          }
        ]
      },
      {
        "http://hl7.org/fhir/Profile/questionnaire-extensions#flyover": [
          {
            "valueString": "Types of resource (if a resource is referenced)."
          }
        ],
        "http://www.healthintersections.com.au/fhir/Profile/metadata#type": [
          {
            "valueString": "code"
          }
        ],
        "linkId": "SearchParameter.target",
        "repeats": true,
        "question": [
          {
            "linkId": "SearchParameter.target.value",
            "text": "target",
            "type": "choice"
          }
        ]
      }
    ]
  }
}