<?xml version="1.0" encoding="UTF-8"?>

<Questionnaire xmlns="http://hl7.org/fhir">
  <id value="qs1"/>
  <contained>
    <ValueSet>
      <id value="vs2"/>
      <identifier value="urn:uuid:eeb24344-7782-4ce0-ac6e-eb5d749f5612"/>
      <name value="Type options for SecurityEvent.participant.reference"/>
      <description value="Type options for SecurityEvent.participant.reference"/>
      <status value="active"/>
      <expansion>
        <timestamp value="2014-12-30T11:06:42+00:00"/>
        <contains>
          <system value="http://hl7.org/fhir/resource-types"/>
          <code value="Practitioner"/>
          <display value="Practitioner"/>
        </contains>
        <contains>
          <system value="http://hl7.org/fhir/resource-types"/>
          <code value="Patient"/>
          <display value="Patient"/>
        </contains>
        <contains>
          <system value="http://hl7.org/fhir/resource-types"/>
          <code value="Device"/>
          <display value="Device"/>
        </contains>
      </expansion>
    </ValueSet>
  </contained>
  <identifier>
    <system value="urn:ietf:rfc:3986"/>
  </identifier>
  <status value="draft"/>
  <date value="2014-12-30T10:55:31"/>
  <publisher value="HL7 FHIR Project (Security)"/>
  <group>
    <extension url="http://hl7.org/fhir/Profile/questionnaire-extensions#flyover">
      <valueString value="A record of an event made for purposes of maintaining a security log. Typical uses include detection of intrusion attempts and monitoring for inappropriate usage."/>
    </extension>
    <linkId value="SecurityEvent"/>
    <title value="Event record kept for security purposes"/>
    <text value="Based on ATNA (RFC 3881)."/>
    <required value="true"/>
    <group>
      <extension url="http://hl7.org/fhir/Profile/questionnaire-extensions#flyover">
        <valueString value="The logical id of the resource, as used in the url for the resoure. Once assigned, this value never changes. The only time that a resource does not have an id is when it is being submitted to the server using a create operation. Bundles always have an id, though it is usually a generated UUID."/>
      </extension>
      <extension url="http://www.healthintersections.com.au/fhir/Profile/metadata#type">
        <valueString value="string"/>
      </extension>
      <linkId value="SecurityEvent.id"/>
      <repeats value="true"/>
      <question>
        <linkId value="SecurityEvent.id.value"/>
        <text value="Logical id of this artefact"/>
        <type value="string"/>
      </question>
    </group>
    <group>
      <extension url="http://hl7.org/fhir/Profile/questionnaire-extensions#flyover">
        <valueString value="The metadata about the resource. This is content that is maintained by the infrastructure. Changes to the content may not always be associated with version changes to the resource."/>
      </extension>
      <linkId value="SecurityEvent.meta"/>
      <title value="Metadata about the resource"/>
      <group>
        <extension url="http://hl7.org/fhir/Profile/questionnaire-extensions#flyover">
          <valueString value="unique id for the element within a resource (for internal references)."/>
        </extension>
        <extension url="http://www.healthintersections.com.au/fhir/Profile/metadata#type">
          <valueString value="string"/>
        </extension>
        <linkId value="SecurityEvent.meta.id"/>
        <repeats value="true"/>
        <question>
          <linkId value="SecurityEvent.meta.id.value"/>
          <text value="xml:id (or equivalent in JSON)"/>
          <type value="string"/>
        </question>
      </group>
      <group>
        <extension url="http://hl7.org/fhir/Profile/questionnaire-extensions#flyover">
          <valueString value="The version specific identifier, as it appears in the version portion of the url. This values changes when the resource is created, updated, or deleted. The server assigns this value, and ignores what the client specifies, except in the case that the server is imposing version integrity on updates/deletes."/>
        </extension>
        <extension url="http://www.healthintersections.com.au/fhir/Profile/metadata#type">
          <valueString value="string"/>
        </extension>
        <linkId value="SecurityEvent.meta.versionId"/>
        <repeats value="true"/>
        <question>
          <linkId value="SecurityEvent.meta.versionId.value"/>
          <text value="Version specific identifier"/>
          <type value="string"/>
        </question>
      </group>
      <group>
        <extension url="http://hl7.org/fhir/Profile/questionnaire-extensions#flyover">
          <valueString value="When the resource last changed - e.g. when the version changed. This value is always populated except when the resource is first being created. The server / resource manager sets this value; what a client provides is irrelevant."/>
        </extension>
        <extension url="http://www.healthintersections.com.au/fhir/Profile/metadata#type">
          <valueString value="instant"/>
        </extension>
        <linkId value="SecurityEvent.meta.lastUpdated"/>
        <repeats value="true"/>
        <question>
          <linkId value="SecurityEvent.meta.lastUpdated.value"/>
          <text value="When the resource version last changed"/>
          <type value="instant"/>
        </question>
      </group>
      <group>
        <extension url="http://hl7.org/fhir/Profile/questionnaire-extensions#flyover">
          <valueString value="A list of profiles that this resource claims to conform to. The URL is a reference to Profile.url. It is up to the server and/or other infrastruture of policy to determine whether/how these claims are verified and/or updated over tiem."/>
        </extension>
        <extension url="http://www.healthintersections.com.au/fhir/Profile/metadata#type">
          <valueString value="uri"/>
        </extension>
        <linkId value="SecurityEvent.meta.profile"/>
        <repeats value="true"/>
        <question>
          <linkId value="SecurityEvent.meta.profile.value"/>
          <text value="Profiles this resource claims to conform to"/>
          <type value="string"/>
        </question>
      </group>
      <group>
        <extension url="http://hl7.org/fhir/Profile/questionnaire-extensions#flyover">
          <valueString value="Security labels applied to this resource. These tags connect specific resources to the overall security policy and infrastructure. The security labels can be updated without changing the stated version of the resource."/>
        </extension>
        <extension url="http://www.healthintersections.com.au/fhir/Profile/metadata#type">
          <valueString value="Coding"/>
        </extension>
        <linkId value="SecurityEvent.meta.security"/>
        <repeats value="true"/>
        <question>
          <linkId value="SecurityEvent.meta.security.value"/>
          <text value="Security Labels applied to this resource"/>
          <type value="open-choice"/>
        </question>
      </group>
      <group>
        <extension url="http://hl7.org/fhir/Profile/questionnaire-extensions#flyover">
          <valueString value="Tags applied to this resource. Tags are intended to to be used to identify and relate resources to process and workflow, and applications are not required to consider the tags when interpreting the meaning of a resource. The tags can be updated without changing the stated version of the resource."/>
        </extension>
        <extension url="http://www.healthintersections.com.au/fhir/Profile/metadata#type">
          <valueString value="Coding"/>
        </extension>
        <linkId value="SecurityEvent.meta.tag"/>
        <repeats value="true"/>
        <question>
          <linkId value="SecurityEvent.meta.tag.value"/>
          <text value="Tags applied"/>
          <type value="open-choice"/>
        </question>
      </group>
    </group>
    <group>
      <extension url="http://hl7.org/fhir/Profile/questionnaire-extensions#flyover">
        <valueString value="A reference to a set of rules that were followed when the resource was constructed, and which must be understood when processing the content. Asserting this rule set restricts the content to be only understood by a limited set of trading partners. This inherently limits the usefulness of the data in the long term. However the existing health eco-system is highly fractured, and not yet ready to define, collect, and exchange data in a generally computable sense. Wherever possible, implementers and/or specification writers should avoid using this element as much as possible."/>
      </extension>
      <extension url="http://www.healthintersections.com.au/fhir/Profile/metadata#type">
        <valueString value="uri"/>
      </extension>
      <linkId value="SecurityEvent.implicitRules"/>
      <repeats value="true"/>
      <question>
        <linkId value="SecurityEvent.implicitRules.value"/>
        <text value="A set of rules under which this content was created"/>
        <type value="string"/>
      </question>
    </group>
    <group>
      <extension url="http://hl7.org/fhir/Profile/questionnaire-extensions#flyover">
        <valueString value="The base language in which the resource is written. Language is provided to support indexing and accessibility (typically, services such as text to speech use the language tag). The html language tag in the narrative applies  to the narrative. The language tag on the resource may be used to specify the language of other presentations generated from the data in the resource

Not all the content has to be in the base language. The Resource.language should not be assumed to apply to the narrative automatically. If a language is specified, it should it also be specified on the div element in the html (see rules in HTML5 for information about the relationship between xml:lang and the html lang attribute)."/>
      </extension>
      <extension url="http://www.healthintersections.com.au/fhir/Profile/metadata#type">
        <valueString value="code"/>
      </extension>
      <linkId value="SecurityEvent.language"/>
      <repeats value="true"/>
      <question>
        <linkId value="SecurityEvent.language.value"/>
        <text value="language"/>
        <type value="choice"/>
      </question>
    </group>
    <group>
      <extension url="http://hl7.org/fhir/Profile/questionnaire-extensions#flyover">
        <valueString value="A human-readable narrative that contains a summary of the resource, and may be used to represent the content of the resource to a human. The narrative need not encode all the structured data, but is required to contain sufficient detail to make it &quot;clinically safe&quot; for a human to just read the narrative. Resource definitions may define what content should be represented in the narrative to ensure clinical safety. Contained resources do not have narrative. Resources that are not contained SHOULD have a narrative."/>
      </extension>
      <linkId value="SecurityEvent.text"/>
      <text value="Text summary of the resource, for human interpretation"/>
      <repeats value="true"/>
    </group>
    <group>
      <extension url="http://hl7.org/fhir/Profile/questionnaire-extensions#flyover">
        <valueString value="These resources do not have an independent existence apart from the resource that contains them - they cannot be identified independently, and nor can they have their own independent transaction scope. This should never be done when the content can be identified properly, as once identification is lost, it is extremely difficult (and context dependent) to restore it again."/>
      </extension>
      <linkId value="SecurityEvent.contained"/>
      <text value="Contained, inline Resources"/>
      <repeats value="true"/>
    </group>
    <group>
      <extension url="http://hl7.org/fhir/Profile/questionnaire-extensions#flyover">
        <valueString value="Identifies the name, action type, time, and disposition of the audited event."/>
      </extension>
      <linkId value="SecurityEvent.event"/>
      <title value="What was done"/>
      <required value="true"/>
      <group>
        <extension url="http://hl7.org/fhir/Profile/questionnaire-extensions#flyover">
          <valueString value="unique id for the element within a resource (for internal references)."/>
        </extension>
        <extension url="http://www.healthintersections.com.au/fhir/Profile/metadata#type">
          <valueString value="string"/>
        </extension>
        <linkId value="SecurityEvent.event.id"/>
        <repeats value="true"/>
        <question>
          <linkId value="SecurityEvent.event.id.value"/>
          <text value="xml:id (or equivalent in JSON)"/>
          <type value="string"/>
        </question>
      </group>
      <group>
        <extension url="http://hl7.org/fhir/Profile/questionnaire-extensions#flyover">
          <valueString value="Identifier for a family of the event. e.g., a menu item, program, rule, policy, function code, application name or URL. It identifies the performed function."/>
        </extension>
        <extension url="http://www.healthintersections.com.au/fhir/Profile/metadata#type">
          <valueString value="CodeableConcept"/>
        </extension>
        <linkId value="SecurityEvent.event.type"/>
        <text value="Type/identifier of event"/>
        <required value="true"/>
        <repeats value="true"/>
        <question>
          <linkId value="SecurityEvent.event.type.coding"/>
          <text value="code:"/>
          <type value="open-choice"/>
        </question>
        <question>
          <linkId value="SecurityEvent.event.type.text"/>
          <text value="text:"/>
          <type value="string"/>
        </question>
      </group>
      <group>
        <extension url="http://hl7.org/fhir/Profile/questionnaire-extensions#flyover">
          <valueString value="Identifier for the category of event."/>
        </extension>
        <extension url="http://www.healthintersections.com.au/fhir/Profile/metadata#type">
          <valueString value="CodeableConcept"/>
        </extension>
        <linkId value="SecurityEvent.event.subtype"/>
        <text value="More specific type/id for the event"/>
        <repeats value="true"/>
        <question>
          <linkId value="SecurityEvent.event.subtype.coding"/>
          <text value="code:"/>
          <type value="open-choice"/>
        </question>
        <question>
          <linkId value="SecurityEvent.event.subtype.text"/>
          <text value="text:"/>
          <type value="string"/>
        </question>
      </group>
      <group>
        <extension url="http://hl7.org/fhir/Profile/questionnaire-extensions#flyover">
          <valueString value="Indicator for type of action performed during the event that generated the audit."/>
        </extension>
        <extension url="http://www.healthintersections.com.au/fhir/Profile/metadata#type">
          <valueString value="code"/>
        </extension>
        <linkId value="SecurityEvent.event.action"/>
        <repeats value="true"/>
        <question>
          <linkId value="SecurityEvent.event.action.value"/>
          <text value="action"/>
          <type value="choice"/>
        </question>
      </group>
      <group>
        <extension url="http://hl7.org/fhir/Profile/questionnaire-extensions#flyover">
          <valueString value="The time when the event occurred on the source. In a distributed system, some sort of common time base, e.g., an NTP [RFC1305] server, is a good implementation tactic."/>
        </extension>
        <extension url="http://www.healthintersections.com.au/fhir/Profile/metadata#type">
          <valueString value="instant"/>
        </extension>
        <linkId value="SecurityEvent.event.dateTime"/>
        <required value="true"/>
        <repeats value="true"/>
        <question>
          <linkId value="SecurityEvent.event.dateTime.value"/>
          <text value="Time when the event occurred on source"/>
          <type value="instant"/>
        </question>
      </group>
      <group>
        <extension url="http://hl7.org/fhir/Profile/questionnaire-extensions#flyover">
          <valueString value="Indicates whether the event succeeded or failed. In some cases a &quot;success&quot; may be partial, for example, an incomplete or interrupted transfer of a radiological study. For the purpose of establishing accountability, these distinctions are not relevant."/>
        </extension>
        <extension url="http://www.healthintersections.com.au/fhir/Profile/metadata#type">
          <valueString value="code"/>
        </extension>
        <linkId value="SecurityEvent.event.outcome"/>
        <repeats value="true"/>
        <question>
          <linkId value="SecurityEvent.event.outcome.value"/>
          <text value="outcome"/>
          <type value="choice"/>
        </question>
      </group>
      <group>
        <extension url="http://hl7.org/fhir/Profile/questionnaire-extensions#flyover">
          <valueString value="A free text description of the outcome of the event."/>
        </extension>
        <extension url="http://www.healthintersections.com.au/fhir/Profile/metadata#type">
          <valueString value="string"/>
        </extension>
        <linkId value="SecurityEvent.event.outcomeDesc"/>
        <repeats value="true"/>
        <question>
          <linkId value="SecurityEvent.event.outcomeDesc.value"/>
          <text value="Description of the event outcome"/>
          <type value="string"/>
        </question>
      </group>
    </group>
    <group>
      <extension url="http://hl7.org/fhir/Profile/questionnaire-extensions#flyover">
        <valueString value="A person, a hardware device or software process."/>
      </extension>
      <linkId value="SecurityEvent.participant"/>
      <title value="A person, a hardware device or software process"/>
      <text value="There may be more than one user per event, for example, in cases of actions initiated by one user for other users, or in events that involve more than one user, hardware device, or system process. However, only one user may be the initiator/requestor for the event."/>
      <required value="true"/>
      <repeats value="true"/>
      <group>
        <extension url="http://hl7.org/fhir/Profile/questionnaire-extensions#flyover">
          <valueString value="unique id for the element within a resource (for internal references)."/>
        </extension>
        <extension url="http://www.healthintersections.com.au/fhir/Profile/metadata#type">
          <valueString value="string"/>
        </extension>
        <linkId value="SecurityEvent.participant.id"/>
        <repeats value="true"/>
        <question>
          <linkId value="SecurityEvent.participant.id.value"/>
          <text value="xml:id (or equivalent in JSON)"/>
          <type value="string"/>
        </question>
      </group>
      <group>
        <extension url="http://hl7.org/fhir/Profile/questionnaire-extensions#flyover">
          <valueString value="Specification of the role(s) the user plays when performing the event. Usually the codes used in this element are local codes defined by the role-based access control security system used in the local context."/>
        </extension>
        <extension url="http://www.healthintersections.com.au/fhir/Profile/metadata#type">
          <valueString value="CodeableConcept"/>
        </extension>
        <linkId value="SecurityEvent.participant.role"/>
        <text value="User roles (e.g. local RBAC codes)"/>
        <repeats value="true"/>
        <question>
          <linkId value="SecurityEvent.participant.role.coding"/>
          <text value="code:"/>
          <type value="open-choice"/>
        </question>
        <question>
          <linkId value="SecurityEvent.participant.role.text"/>
          <text value="text:"/>
          <type value="string"/>
        </question>
      </group>
      <group>
        <extension url="http://hl7.org/fhir/Profile/questionnaire-extensions#flyover">
          <valueString value="Direct reference to a resource that identifies the participant."/>
        </extension>
        <linkId value="SecurityEvent.participant.reference"/>
        <text value="Direct reference to resource"/>
        <repeats value="true"/>
        <question>
          <linkId value="SecurityEvent.participant.reference._type"/>
          <text value="type"/>
          <type value="choice"/>
          <options>
            <reference value="#vs2"/>
          </options>
          <group>
            <extension url="http://www.healthintersections.com.au/fhir/Profile/metadata#type">
              <valueString value="Reference"/>
            </extension>
            <linkId value="SecurityEvent.participant.reference._Practitioner"/>
            <question>
              <extension url="http://www.healthintersections.com.au/fhir/Profile/metadata#reference">
                <valueString value="/Practitioner?subject=$subj&amp;patient=$subj&amp;encounter=$encounter"/>
              </extension>
              <linkId value="SecurityEvent.participant.reference._Practitioner.value"/>
              <text value="Practitioner"/>
              <type value="reference"/>
            </question>
          </group>
          <group>
            <extension url="http://www.healthintersections.com.au/fhir/Profile/metadata#type">
              <valueString value="Reference"/>
            </extension>
            <linkId value="SecurityEvent.participant.reference._Patient"/>
            <question>
              <extension url="http://www.healthintersections.com.au/fhir/Profile/metadata#reference">
                <valueString value="/Patient?subject=$subj&amp;patient=$subj&amp;encounter=$encounter"/>
              </extension>
              <linkId value="SecurityEvent.participant.reference._Patient.value"/>
              <text value="Patient"/>
              <type value="reference"/>
            </question>
          </group>
          <group>
            <extension url="http://www.healthintersections.com.au/fhir/Profile/metadata#type">
              <valueString value="Reference"/>
            </extension>
            <linkId value="SecurityEvent.participant.reference._Device"/>
            <question>
              <extension url="http://www.healthintersections.com.au/fhir/Profile/metadata#reference">
                <valueString value="/Device?subject=$subj&amp;patient=$subj&amp;encounter=$encounter"/>
              </extension>
              <linkId value="SecurityEvent.participant.reference._Device.value"/>
              <text value="Device"/>
              <type value="reference"/>
            </question>
          </group>
        </question>
      </group>
      <group>
        <extension url="http://hl7.org/fhir/Profile/questionnaire-extensions#flyover">
          <valueString value="Unique identifier for the user actively participating in the event. a unique value within the Audit Source ID. For node-based authentication -- where only the system hardware or process, but not a human user, is identified -- User ID would be the node name."/>
        </extension>
        <extension url="http://www.healthintersections.com.au/fhir/Profile/metadata#type">
          <valueString value="string"/>
        </extension>
        <linkId value="SecurityEvent.participant.userId"/>
        <repeats value="true"/>
        <question>
          <linkId value="SecurityEvent.participant.userId.value"/>
          <text value="Unique identifier for the user"/>
          <type value="string"/>
        </question>
      </group>
      <group>
        <extension url="http://hl7.org/fhir/Profile/questionnaire-extensions#flyover">
          <valueString value="Alternative Participant Identifier. For a human, this should be a user identifier text string from authentication system. This identifier would be one known to a common authentication system (e.g., single sign-on), if available."/>
        </extension>
        <extension url="http://www.healthintersections.com.au/fhir/Profile/metadata#type">
          <valueString value="string"/>
        </extension>
        <linkId value="SecurityEvent.participant.altId"/>
        <repeats value="true"/>
        <question>
          <linkId value="SecurityEvent.participant.altId.value"/>
          <text value="Alternative User id e.g. authentication"/>
          <type value="string"/>
        </question>
      </group>
      <group>
        <extension url="http://hl7.org/fhir/Profile/questionnaire-extensions#flyover">
          <valueString value="Human-meaningful name for the user."/>
        </extension>
        <extension url="http://www.healthintersections.com.au/fhir/Profile/metadata#type">
          <valueString value="string"/>
        </extension>
        <linkId value="SecurityEvent.participant.name"/>
        <repeats value="true"/>
        <question>
          <linkId value="SecurityEvent.participant.name.value"/>
          <text value="Human-meaningful name for the user"/>
          <type value="string"/>
        </question>
      </group>
      <group>
        <extension url="http://hl7.org/fhir/Profile/questionnaire-extensions#flyover">
          <valueString value="Indicator that the user is or is not the requestor, or initiator, for the event being audited. There can only be one initiator. If the initiator is not clear, then do not choose any one participant as the initiator."/>
        </extension>
        <extension url="http://www.healthintersections.com.au/fhir/Profile/metadata#type">
          <valueString value="boolean"/>
        </extension>
        <linkId value="SecurityEvent.participant.requestor"/>
        <required value="true"/>
        <repeats value="true"/>
        <question>
          <linkId value="SecurityEvent.participant.requestor.value"/>
          <text value="Whether user is initiator"/>
          <type value="boolean"/>
        </question>
      </group>
      <group>
        <extension url="http://hl7.org/fhir/Profile/questionnaire-extensions#flyover">
          <valueString value="Type of media involved. Used when the event is about exporting/importing onto media."/>
        </extension>
        <extension url="http://www.healthintersections.com.au/fhir/Profile/metadata#type">
          <valueString value="Coding"/>
        </extension>
        <linkId value="SecurityEvent.participant.media"/>
        <repeats value="true"/>
        <question>
          <linkId value="SecurityEvent.participant.media.value"/>
          <text value="Type of media"/>
          <type value="open-choice"/>
        </question>
      </group>
      <group>
        <extension url="http://hl7.org/fhir/Profile/questionnaire-extensions#flyover">
          <valueString value="Logical network location for application activity, if the activity has a network location."/>
        </extension>
        <linkId value="SecurityEvent.participant.network"/>
        <title value="Logical network location for application activity"/>
        <group>
          <extension url="http://hl7.org/fhir/Profile/questionnaire-extensions#flyover">
            <valueString value="unique id for the element within a resource (for internal references)."/>
          </extension>
          <extension url="http://www.healthintersections.com.au/fhir/Profile/metadata#type">
            <valueString value="string"/>
          </extension>
          <linkId value="SecurityEvent.participant.network.id"/>
          <repeats value="true"/>
          <question>
            <linkId value="SecurityEvent.participant.network.id.value"/>
            <text value="xml:id (or equivalent in JSON)"/>
            <type value="string"/>
          </question>
        </group>
        <group>
          <extension url="http://hl7.org/fhir/Profile/questionnaire-extensions#flyover">
            <valueString value="An identifier for the network access point of the user device for the audit event. This could be a device id, IP address or some other identifier associated with a device."/>
          </extension>
          <extension url="http://www.healthintersections.com.au/fhir/Profile/metadata#type">
            <valueString value="string"/>
          </extension>
          <linkId value="SecurityEvent.participant.network.identifier"/>
          <repeats value="true"/>
          <question>
            <linkId value="SecurityEvent.participant.network.identifier.value"/>
            <text value="Identifier for the network access point of the user device"/>
            <type value="string"/>
          </question>
        </group>
        <group>
          <extension url="http://hl7.org/fhir/Profile/questionnaire-extensions#flyover">
            <valueString value="An identifier for the type of network access point that originated the audit event."/>
          </extension>
          <extension url="http://www.healthintersections.com.au/fhir/Profile/metadata#type">
            <valueString value="code"/>
          </extension>
          <linkId value="SecurityEvent.participant.network.type"/>
          <repeats value="true"/>
          <question>
            <linkId value="SecurityEvent.participant.network.type.value"/>
            <text value="type"/>
            <type value="choice"/>
          </question>
        </group>
      </group>
    </group>
    <group>
      <extension url="http://hl7.org/fhir/Profile/questionnaire-extensions#flyover">
        <valueString value="Application systems and processes."/>
      </extension>
      <linkId value="SecurityEvent.source"/>
      <title value="Application systems and processes"/>
      <text value="Since multi-tier, distributed, or composite applications make source identification ambiguous, this collection of fields may repeat for each application or process actively involved in the event. For example, multiple value-sets can identify participating web servers, application processes, and database server threads in an n-tier distributed application. Passive event participants, e.g., low-level network transports, need not be identified."/>
      <required value="true"/>
      <group>
        <extension url="http://hl7.org/fhir/Profile/questionnaire-extensions#flyover">
          <valueString value="unique id for the element within a resource (for internal references)."/>
        </extension>
        <extension url="http://www.healthintersections.com.au/fhir/Profile/metadata#type">
          <valueString value="string"/>
        </extension>
        <linkId value="SecurityEvent.source.id"/>
        <repeats value="true"/>
        <question>
          <linkId value="SecurityEvent.source.id.value"/>
          <text value="xml:id (or equivalent in JSON)"/>
          <type value="string"/>
        </question>
      </group>
      <group>
        <extension url="http://hl7.org/fhir/Profile/questionnaire-extensions#flyover">
          <valueString value="Logical source location within the healthcare enterprise network. a hospital or other provider location within a multi-entity provider group."/>
        </extension>
        <extension url="http://www.healthintersections.com.au/fhir/Profile/metadata#type">
          <valueString value="string"/>
        </extension>
        <linkId value="SecurityEvent.source.site"/>
        <repeats value="true"/>
        <question>
          <linkId value="SecurityEvent.source.site.value"/>
          <text value="Logical source location within the enterprise"/>
          <type value="string"/>
        </question>
      </group>
      <group>
        <extension url="http://hl7.org/fhir/Profile/questionnaire-extensions#flyover">
          <valueString value="Identifier of the source where the event originated."/>
        </extension>
        <extension url="http://www.healthintersections.com.au/fhir/Profile/metadata#type">
          <valueString value="string"/>
        </extension>
        <linkId value="SecurityEvent.source.identifier"/>
        <required value="true"/>
        <repeats value="true"/>
        <question>
          <linkId value="SecurityEvent.source.identifier.value"/>
          <text value="The id of source where event originated"/>
          <type value="string"/>
        </question>
      </group>
      <group>
        <extension url="http://hl7.org/fhir/Profile/questionnaire-extensions#flyover">
          <valueString value="Code specifying the type of source where event originated."/>
        </extension>
        <extension url="http://www.healthintersections.com.au/fhir/Profile/metadata#type">
          <valueString value="Coding"/>
        </extension>
        <linkId value="SecurityEvent.source.type"/>
        <repeats value="true"/>
        <question>
          <linkId value="SecurityEvent.source.type.value"/>
          <text value="The type of source where event originated"/>
          <type value="open-choice"/>
        </question>
      </group>
    </group>
    <group>
      <extension url="http://hl7.org/fhir/Profile/questionnaire-extensions#flyover">
        <valueString value="Specific instances of data or objects that have been accessed."/>
      </extension>
      <linkId value="SecurityEvent.object"/>
      <title value="Specific instances of data or objects that have been accessed"/>
      <text value="required unless the values for Event Identification, Active Participant Identification, and Audit Source Identification are sufficient to document the entire auditable event. Because events may have more than one participant object, this group can be a repeating set of values."/>
      <repeats value="true"/>
      <group>
        <extension url="http://hl7.org/fhir/Profile/questionnaire-extensions#flyover">
          <valueString value="unique id for the element within a resource (for internal references)."/>
        </extension>
        <extension url="http://www.healthintersections.com.au/fhir/Profile/metadata#type">
          <valueString value="string"/>
        </extension>
        <linkId value="SecurityEvent.object.id"/>
        <repeats value="true"/>
        <question>
          <linkId value="SecurityEvent.object.id.value"/>
          <text value="xml:id (or equivalent in JSON)"/>
          <type value="string"/>
        </question>
      </group>
      <group>
        <extension url="http://hl7.org/fhir/Profile/questionnaire-extensions#flyover">
          <valueString value="Identifies a specific instance of the participant object. The reference should always be version specific. Identifier details depends on object type."/>
        </extension>
        <extension url="http://www.healthintersections.com.au/fhir/Profile/metadata#type">
          <valueString value="Identifier"/>
        </extension>
        <linkId value="SecurityEvent.object.identifier"/>
        <text value="Specific instance of object (e.g. versioned)"/>
        <repeats value="true"/>
        <question>
          <linkId value="SecurityEvent.object.identifier.label"/>
          <text value="label:"/>
          <type value="string"/>
        </question>
        <question>
          <linkId value="SecurityEvent.object.identifier.system"/>
          <text value="system:"/>
          <type value="string"/>
        </question>
        <question>
          <linkId value="SecurityEvent.object.identifier.value"/>
          <text value="value:"/>
          <type value="string"/>
        </question>
      </group>
      <group>
        <extension url="http://hl7.org/fhir/Profile/questionnaire-extensions#flyover">
          <valueString value="Identifies a specific instance of the participant object. The reference should always be version specific."/>
        </extension>
        <extension url="http://www.healthintersections.com.au/fhir/Profile/metadata#type">
          <valueString value="Reference"/>
        </extension>
        <linkId value="SecurityEvent.object.reference"/>
        <repeats value="true"/>
        <question>
          <extension url="http://www.healthintersections.com.au/fhir/Profile/metadata#reference">
            <valueString value="/_search?subject=$subj&amp;patient=$subj&amp;encounter=$encounter"/>
          </extension>
          <linkId value="SecurityEvent.object.reference.value"/>
          <text value="Specific instance of resource (e.g. versioned)"/>
          <type value="reference"/>
        </question>
      </group>
      <group>
        <extension url="http://hl7.org/fhir/Profile/questionnaire-extensions#flyover">
          <valueString value="Object type being audited. This value is distinct from the user&#39;s role or any user relationship to the participant object."/>
        </extension>
        <extension url="http://www.healthintersections.com.au/fhir/Profile/metadata#type">
          <valueString value="code"/>
        </extension>
        <linkId value="SecurityEvent.object.type"/>
        <repeats value="true"/>
        <question>
          <linkId value="SecurityEvent.object.type.value"/>
          <text value="type"/>
          <type value="choice"/>
        </question>
      </group>
      <group>
        <extension url="http://hl7.org/fhir/Profile/questionnaire-extensions#flyover">
          <valueString value="Code representing the functional application role of Participant Object being audited. See RFC 3881 for rules concerning matches between role and type."/>
        </extension>
        <extension url="http://www.healthintersections.com.au/fhir/Profile/metadata#type">
          <valueString value="code"/>
        </extension>
        <linkId value="SecurityEvent.object.role"/>
        <repeats value="true"/>
        <question>
          <linkId value="SecurityEvent.object.role.value"/>
          <text value="role"/>
          <type value="choice"/>
        </question>
      </group>
      <group>
        <extension url="http://hl7.org/fhir/Profile/questionnaire-extensions#flyover">
          <valueString value="Identifier for the data life-cycle stage for the participant object. This can be used to provide an audit trail for data, over time, as it passes through the system."/>
        </extension>
        <extension url="http://www.healthintersections.com.au/fhir/Profile/metadata#type">
          <valueString value="code"/>
        </extension>
        <linkId value="SecurityEvent.object.lifecycle"/>
        <repeats value="true"/>
        <question>
          <linkId value="SecurityEvent.object.lifecycle.value"/>
          <text value="lifecycle"/>
          <type value="choice"/>
        </question>
      </group>
      <group>
        <extension url="http://hl7.org/fhir/Profile/questionnaire-extensions#flyover">
          <valueString value="Denotes policy-defined sensitivity for the Participant Object ID such as VIP, HIV status, mental health status or similar topics. Values from ATNA are institution- and implementation-defined text strings (in sensitivity.text). HL7 defines confidentiality codes for records, documents etc. that can also be used here."/>
        </extension>
        <extension url="http://www.healthintersections.com.au/fhir/Profile/metadata#type">
          <valueString value="CodeableConcept"/>
        </extension>
        <linkId value="SecurityEvent.object.sensitivity"/>
        <text value="Policy-defined sensitivity for the object"/>
        <repeats value="true"/>
        <question>
          <linkId value="SecurityEvent.object.sensitivity.coding"/>
          <text value="code:"/>
          <type value="open-choice"/>
        </question>
        <question>
          <linkId value="SecurityEvent.object.sensitivity.text"/>
          <text value="text:"/>
          <type value="string"/>
        </question>
      </group>
      <group>
        <extension url="http://hl7.org/fhir/Profile/questionnaire-extensions#flyover">
          <valueString value="An instance-specific descriptor of the Participant Object ID audited, such as a person&#39;s name. This field may be used in a query/report to identify audit events for a specific person, e.g., where multiple synonymous Participant Object IDs (patient number, medical record number, encounter number, etc.) have been used."/>
        </extension>
        <extension url="http://www.healthintersections.com.au/fhir/Profile/metadata#type">
          <valueString value="string"/>
        </extension>
        <linkId value="SecurityEvent.object.name"/>
        <repeats value="true"/>
        <question>
          <linkId value="SecurityEvent.object.name.value"/>
          <text value="Instance-specific descriptor for Object"/>
          <type value="string"/>
        </question>
      </group>
      <group>
        <extension url="http://hl7.org/fhir/Profile/questionnaire-extensions#flyover">
          <valueString value="Text that describes the object in more detail."/>
        </extension>
        <extension url="http://www.healthintersections.com.au/fhir/Profile/metadata#type">
          <valueString value="string"/>
        </extension>
        <linkId value="SecurityEvent.object.description"/>
        <repeats value="true"/>
        <question>
          <linkId value="SecurityEvent.object.description.value"/>
          <text value="Descriptive text"/>
          <type value="string"/>
        </question>
      </group>
      <group>
        <extension url="http://hl7.org/fhir/Profile/questionnaire-extensions#flyover">
          <valueString value="The actual query for a query-type participant object."/>
        </extension>
        <extension url="http://www.healthintersections.com.au/fhir/Profile/metadata#type">
          <valueString value="binary"/>
        </extension>
        <linkId value="SecurityEvent.object.query"/>
        <text value="Actual query for object"/>
        <repeats value="true"/>
      </group>
      <group>
        <extension url="http://hl7.org/fhir/Profile/questionnaire-extensions#flyover">
          <valueString value="Additional Information about the Object."/>
        </extension>
        <linkId value="SecurityEvent.object.detail"/>
        <title value="Additional Information about the Object"/>
        <repeats value="true"/>
        <group>
          <extension url="http://hl7.org/fhir/Profile/questionnaire-extensions#flyover">
            <valueString value="unique id for the element within a resource (for internal references)."/>
          </extension>
          <extension url="http://www.healthintersections.com.au/fhir/Profile/metadata#type">
            <valueString value="string"/>
          </extension>
          <linkId value="SecurityEvent.object.detail.id"/>
          <repeats value="true"/>
          <question>
            <linkId value="SecurityEvent.object.detail.id.value"/>
            <text value="xml:id (or equivalent in JSON)"/>
            <type value="string"/>
          </question>
        </group>
        <group>
          <extension url="http://hl7.org/fhir/Profile/questionnaire-extensions#flyover">
            <valueString value="Name of the property."/>
          </extension>
          <extension url="http://www.healthintersections.com.au/fhir/Profile/metadata#type">
            <valueString value="string"/>
          </extension>
          <linkId value="SecurityEvent.object.detail.type"/>
          <required value="true"/>
          <repeats value="true"/>
          <question>
            <linkId value="SecurityEvent.object.detail.type.value"/>
            <text value="Name of the property"/>
            <type value="string"/>
          </question>
        </group>
        <group>
          <extension url="http://hl7.org/fhir/Profile/questionnaire-extensions#flyover">
            <valueString value="Property value."/>
          </extension>
          <extension url="http://www.healthintersections.com.au/fhir/Profile/metadata#type">
            <valueString value="binary"/>
          </extension>
          <linkId value="SecurityEvent.object.detail.value"/>
          <text value="Property value"/>
          <required value="true"/>
          <repeats value="true"/>
        </group>
      </group>
    </group>
  </group>
</Questionnaire>