<?xml version="1.0" encoding="UTF-8"?>

<Questionnaire xmlns="http://hl7.org/fhir">
  <id value="qs1"/>
  <identifier>
    <system value="urn:ietf:rfc:3986"/>
  </identifier>
  <status value="draft"/>
  <date value="2014-12-30T10:55:31"/>
  <publisher value="HL7 FHIR Project (Patient Administration)"/>
  <group>
    <extension url="http://hl7.org/fhir/Profile/questionnaire-extensions#flyover">
      <valueString value="A slot of time on a schedule that may be available for booking appointments."/>
    </extension>
    <linkId value="Slot"/>
    <title value="A slot of time on a schedule that may be available for booking appointments"/>
    <required value="true"/>
    <group>
      <extension url="http://hl7.org/fhir/Profile/questionnaire-extensions#flyover">
        <valueString value="The logical id of the resource, as used in the url for the resoure. Once assigned, this value never changes. The only time that a resource does not have an id is when it is being submitted to the server using a create operation. Bundles always have an id, though it is usually a generated UUID."/>
      </extension>
      <extension url="http://www.healthintersections.com.au/fhir/Profile/metadata#type">
        <valueString value="string"/>
      </extension>
      <linkId value="Slot.id"/>
      <repeats value="true"/>
      <question>
        <linkId value="Slot.id.value"/>
        <text value="Logical id of this artefact"/>
        <type value="string"/>
      </question>
    </group>
    <group>
      <extension url="http://hl7.org/fhir/Profile/questionnaire-extensions#flyover">
        <valueString value="The metadata about the resource. This is content that is maintained by the infrastructure. Changes to the content may not always be associated with version changes to the resource."/>
      </extension>
      <linkId value="Slot.meta"/>
      <title value="Metadata about the resource"/>
      <group>
        <extension url="http://hl7.org/fhir/Profile/questionnaire-extensions#flyover">
          <valueString value="unique id for the element within a resource (for internal references)."/>
        </extension>
        <extension url="http://www.healthintersections.com.au/fhir/Profile/metadata#type">
          <valueString value="string"/>
        </extension>
        <linkId value="Slot.meta.id"/>
        <repeats value="true"/>
        <question>
          <linkId value="Slot.meta.id.value"/>
          <text value="xml:id (or equivalent in JSON)"/>
          <type value="string"/>
        </question>
      </group>
      <group>
        <extension url="http://hl7.org/fhir/Profile/questionnaire-extensions#flyover">
          <valueString value="The version specific identifier, as it appears in the version portion of the url. This values changes when the resource is created, updated, or deleted. The server assigns this value, and ignores what the client specifies, except in the case that the server is imposing version integrity on updates/deletes."/>
        </extension>
        <extension url="http://www.healthintersections.com.au/fhir/Profile/metadata#type">
          <valueString value="string"/>
        </extension>
        <linkId value="Slot.meta.versionId"/>
        <repeats value="true"/>
        <question>
          <linkId value="Slot.meta.versionId.value"/>
          <text value="Version specific identifier"/>
          <type value="string"/>
        </question>
      </group>
      <group>
        <extension url="http://hl7.org/fhir/Profile/questionnaire-extensions#flyover">
          <valueString value="When the resource last changed - e.g. when the version changed. This value is always populated except when the resource is first being created. The server / resource manager sets this value; what a client provides is irrelevant."/>
        </extension>
        <extension url="http://www.healthintersections.com.au/fhir/Profile/metadata#type">
          <valueString value="instant"/>
        </extension>
        <linkId value="Slot.meta.lastUpdated"/>
        <repeats value="true"/>
        <question>
          <linkId value="Slot.meta.lastUpdated.value"/>
          <text value="When the resource version last changed"/>
          <type value="instant"/>
        </question>
      </group>
      <group>
        <extension url="http://hl7.org/fhir/Profile/questionnaire-extensions#flyover">
          <valueString value="A list of profiles that this resource claims to conform to. The URL is a reference to Profile.url. It is up to the server and/or other infrastruture of policy to determine whether/how these claims are verified and/or updated over tiem."/>
        </extension>
        <extension url="http://www.healthintersections.com.au/fhir/Profile/metadata#type">
          <valueString value="uri"/>
        </extension>
        <linkId value="Slot.meta.profile"/>
        <repeats value="true"/>
        <question>
          <linkId value="Slot.meta.profile.value"/>
          <text value="Profiles this resource claims to conform to"/>
          <type value="string"/>
        </question>
      </group>
      <group>
        <extension url="http://hl7.org/fhir/Profile/questionnaire-extensions#flyover">
          <valueString value="Security labels applied to this resource. These tags connect specific resources to the overall security policy and infrastructure. The security labels can be updated without changing the stated version of the resource."/>
        </extension>
        <extension url="http://www.healthintersections.com.au/fhir/Profile/metadata#type">
          <valueString value="Coding"/>
        </extension>
        <linkId value="Slot.meta.security"/>
        <repeats value="true"/>
        <question>
          <linkId value="Slot.meta.security.value"/>
          <text value="Security Labels applied to this resource"/>
          <type value="open-choice"/>
        </question>
      </group>
      <group>
        <extension url="http://hl7.org/fhir/Profile/questionnaire-extensions#flyover">
          <valueString value="Tags applied to this resource. Tags are intended to to be used to identify and relate resources to process and workflow, and applications are not required to consider the tags when interpreting the meaning of a resource. The tags can be updated without changing the stated version of the resource."/>
        </extension>
        <extension url="http://www.healthintersections.com.au/fhir/Profile/metadata#type">
          <valueString value="Coding"/>
        </extension>
        <linkId value="Slot.meta.tag"/>
        <repeats value="true"/>
        <question>
          <linkId value="Slot.meta.tag.value"/>
          <text value="Tags applied"/>
          <type value="open-choice"/>
        </question>
      </group>
    </group>
    <group>
      <extension url="http://hl7.org/fhir/Profile/questionnaire-extensions#flyover">
        <valueString value="A reference to a set of rules that were followed when the resource was constructed, and which must be understood when processing the content. Asserting this rule set restricts the content to be only understood by a limited set of trading partners. This inherently limits the usefulness of the data in the long term. However the existing health eco-system is highly fractured, and not yet ready to define, collect, and exchange data in a generally computable sense. Wherever possible, implementers and/or specification writers should avoid using this element as much as possible."/>
      </extension>
      <extension url="http://www.healthintersections.com.au/fhir/Profile/metadata#type">
        <valueString value="uri"/>
      </extension>
      <linkId value="Slot.implicitRules"/>
      <repeats value="true"/>
      <question>
        <linkId value="Slot.implicitRules.value"/>
        <text value="A set of rules under which this content was created"/>
        <type value="string"/>
      </question>
    </group>
    <group>
      <extension url="http://hl7.org/fhir/Profile/questionnaire-extensions#flyover">
        <valueString value="The base language in which the resource is written. Language is provided to support indexing and accessibility (typically, services such as text to speech use the language tag). The html language tag in the narrative applies  to the narrative. The language tag on the resource may be used to specify the language of other presentations generated from the data in the resource

Not all the content has to be in the base language. The Resource.language should not be assumed to apply to the narrative automatically. If a language is specified, it should it also be specified on the div element in the html (see rules in HTML5 for information about the relationship between xml:lang and the html lang attribute)."/>
      </extension>
      <extension url="http://www.healthintersections.com.au/fhir/Profile/metadata#type">
        <valueString value="code"/>
      </extension>
      <linkId value="Slot.language"/>
      <repeats value="true"/>
      <question>
        <linkId value="Slot.language.value"/>
        <text value="language"/>
        <type value="choice"/>
      </question>
    </group>
    <group>
      <extension url="http://hl7.org/fhir/Profile/questionnaire-extensions#flyover">
        <valueString value="A human-readable narrative that contains a summary of the resource, and may be used to represent the content of the resource to a human. The narrative need not encode all the structured data, but is required to contain sufficient detail to make it &quot;clinically safe&quot; for a human to just read the narrative. Resource definitions may define what content should be represented in the narrative to ensure clinical safety. Contained resources do not have narrative. Resources that are not contained SHOULD have a narrative."/>
      </extension>
      <linkId value="Slot.text"/>
      <text value="Text summary of the resource, for human interpretation"/>
      <repeats value="true"/>
    </group>
    <group>
      <extension url="http://hl7.org/fhir/Profile/questionnaire-extensions#flyover">
        <valueString value="These resources do not have an independent existence apart from the resource that contains them - they cannot be identified independently, and nor can they have their own independent transaction scope. This should never be done when the content can be identified properly, as once identification is lost, it is extremely difficult (and context dependent) to restore it again."/>
      </extension>
      <linkId value="Slot.contained"/>
      <text value="Contained, inline Resources"/>
      <repeats value="true"/>
    </group>
    <group>
      <extension url="http://hl7.org/fhir/Profile/questionnaire-extensions#flyover">
        <valueString value="External Ids for this item."/>
      </extension>
      <extension url="http://www.healthintersections.com.au/fhir/Profile/metadata#type">
        <valueString value="Identifier"/>
      </extension>
      <linkId value="Slot.identifier"/>
      <text value="External Ids for this item"/>
      <repeats value="true"/>
      <question>
        <linkId value="Slot.identifier.label"/>
        <text value="label:"/>
        <type value="string"/>
      </question>
      <question>
        <linkId value="Slot.identifier.system"/>
        <text value="system:"/>
        <type value="string"/>
      </question>
      <question>
        <linkId value="Slot.identifier.value"/>
        <text value="value:"/>
        <type value="string"/>
      </question>
    </group>
    <group>
      <extension url="http://hl7.org/fhir/Profile/questionnaire-extensions#flyover">
        <valueString value="The type of appointments that can be booked into this slot (ideally this would be an identifiable service - which is at a location, rather than the location itself). If provided then this overrides the value provided on the availability resource."/>
      </extension>
      <extension url="http://www.healthintersections.com.au/fhir/Profile/metadata#type">
        <valueString value="CodeableConcept"/>
      </extension>
      <linkId value="Slot.type"/>
      <text value="The type of appointments that can be booked into this slot (ideally this would be an identifiable service - which is at a location, rather than the location itself). If provided then this overrides the value provided on the availability resource"/>
      <repeats value="true"/>
      <question>
        <linkId value="Slot.type.coding"/>
        <text value="code:"/>
        <type value="open-choice"/>
      </question>
      <question>
        <linkId value="Slot.type.text"/>
        <text value="text:"/>
        <type value="string"/>
      </question>
    </group>
    <group>
      <extension url="http://hl7.org/fhir/Profile/questionnaire-extensions#flyover">
        <valueString value="The schedule resource that this slot defines an interval of status information."/>
      </extension>
      <extension url="http://www.healthintersections.com.au/fhir/Profile/metadata#type">
        <valueString value="Reference"/>
      </extension>
      <linkId value="Slot.schedule"/>
      <required value="true"/>
      <repeats value="true"/>
      <question>
        <extension url="http://www.healthintersections.com.au/fhir/Profile/metadata#reference">
          <valueString value="/Schedule?subject=$subj&amp;patient=$subj&amp;encounter=$encounter"/>
        </extension>
        <linkId value="Slot.schedule.value"/>
        <text value="The schedule resource that this slot defines an interval of status information"/>
        <type value="reference"/>
      </question>
    </group>
    <group>
      <extension url="http://hl7.org/fhir/Profile/questionnaire-extensions#flyover">
        <valueString value="BUSY | FREE | BUSY-UNAVAILABLE | BUSY-TENTATIVE."/>
      </extension>
      <extension url="http://www.healthintersections.com.au/fhir/Profile/metadata#type">
        <valueString value="code"/>
      </extension>
      <linkId value="Slot.freeBusyType"/>
      <required value="true"/>
      <repeats value="true"/>
      <question>
        <linkId value="Slot.freeBusyType.value"/>
        <text value="free busy type"/>
        <type value="choice"/>
      </question>
    </group>
    <group>
      <extension url="http://hl7.org/fhir/Profile/questionnaire-extensions#flyover">
        <valueString value="Date/Time that the slot is to begin."/>
      </extension>
      <extension url="http://www.healthintersections.com.au/fhir/Profile/metadata#type">
        <valueString value="instant"/>
      </extension>
      <linkId value="Slot.start"/>
      <required value="true"/>
      <repeats value="true"/>
      <question>
        <linkId value="Slot.start.value"/>
        <text value="Date/Time that the slot is to begin"/>
        <type value="instant"/>
      </question>
    </group>
    <group>
      <extension url="http://hl7.org/fhir/Profile/questionnaire-extensions#flyover">
        <valueString value="Date/Time that the slot is to conclude."/>
      </extension>
      <extension url="http://www.healthintersections.com.au/fhir/Profile/metadata#type">
        <valueString value="instant"/>
      </extension>
      <linkId value="Slot.end"/>
      <required value="true"/>
      <repeats value="true"/>
      <question>
        <linkId value="Slot.end.value"/>
        <text value="Date/Time that the slot is to conclude"/>
        <type value="instant"/>
      </question>
    </group>
    <group>
      <extension url="http://hl7.org/fhir/Profile/questionnaire-extensions#flyover">
        <valueString value="This slot has already been overbooked, appointments are unlikely to be accepted for this time."/>
      </extension>
      <extension url="http://www.healthintersections.com.au/fhir/Profile/metadata#type">
        <valueString value="boolean"/>
      </extension>
      <linkId value="Slot.overbooked"/>
      <repeats value="true"/>
      <question>
        <linkId value="Slot.overbooked.value"/>
        <text value="This slot has already been overbooked, appointments are unlikely to be accepted for this time"/>
        <type value="boolean"/>
      </question>
    </group>
    <group>
      <extension url="http://hl7.org/fhir/Profile/questionnaire-extensions#flyover">
        <valueString value="Comments on the slot to describe any extended information. Such as custom constraints on the slot."/>
      </extension>
      <extension url="http://www.healthintersections.com.au/fhir/Profile/metadata#type">
        <valueString value="string"/>
      </extension>
      <linkId value="Slot.comment"/>
      <repeats value="true"/>
      <question>
        <linkId value="Slot.comment.value"/>
        <text value="Comments on the slot to describe any extended information. Such as custom constraints on the slot"/>
        <type value="string"/>
      </question>
    </group>
    <group>
      <extension url="http://hl7.org/fhir/Profile/questionnaire-extensions#flyover">
        <valueString value="When this slot was created, or last revised."/>
      </extension>
      <extension url="http://www.healthintersections.com.au/fhir/Profile/metadata#type">
        <valueString value="datetime"/>
      </extension>
      <linkId value="Slot.lastModified"/>
      <repeats value="true"/>
      <question>
        <linkId value="Slot.lastModified.value"/>
        <text value="When this slot was created, or last revised"/>
        <type value="dateTime"/>
      </question>
    </group>
  </group>
</Questionnaire>