{"accessionIdentifier":{"system":"http://lab.acme.org/specimens/2011","value":"X352356"},"collection":{"collectedDateTime":"2011-05-30T06:15:00","collector":{"reference":"Practitioner/example"},"method":{"coding":[{"code":"LNV","system":"http://hl7.org/fhir/v2/0488"}]},"quantity":{"units":"mL","value":6}},"contained":[{"id":"hep","resourceType":"Substance","type":{"coding":[{"code":"HEPL","system":"http://hl7.org/fhir/v3/EntityCode"}]}}],"container":[{"additiveReference":{"reference":"#hep"},"capacity":{"units":"mL","value":10},"description":"Green Gel tube","identifier":[{"value":"48736-15394-75465"}],"specimenQuantity":{"units":"mL","value":6},"type":{"text":"Vacutainer"}}],"id":"101","identifier":[{"system":"http://ehr.acme.org/identifiers/collections","value":"23234352356"}],"receivedTime":"2011-03-04T07:03:00","resourceType":"Specimen","subject":{"display":"Peter Patient","reference":"Patient/example"},"type":{"coding":[{"code":"122555007","display":"Venous blood specimen","system":"http://snomed.info/sct"}]}}