<?xml version="1.0" encoding="UTF-8"?>

<Questionnaire xmlns="http://hl7.org/fhir">
  <id value="qs1"/>
  <contained>
    <ValueSet>
      <id value="vs2"/>
      <identifier value="urn:uuid:7055e93e-d8ba-4728-ad25-f7ca43ba4e64"/>
      <name value="Type options for Specimen.subject"/>
      <description value="Type options for Specimen.subject"/>
      <status value="active"/>
      <expansion>
        <timestamp value="2014-12-30T11:06:54+00:00"/>
        <contains>
          <system value="http://hl7.org/fhir/resource-types"/>
          <code value="Patient"/>
          <display value="Patient"/>
        </contains>
        <contains>
          <system value="http://hl7.org/fhir/resource-types"/>
          <code value="Group"/>
          <display value="Group"/>
        </contains>
        <contains>
          <system value="http://hl7.org/fhir/resource-types"/>
          <code value="Device"/>
          <display value="Device"/>
        </contains>
        <contains>
          <system value="http://hl7.org/fhir/resource-types"/>
          <code value="Substance"/>
          <display value="Substance"/>
        </contains>
      </expansion>
    </ValueSet>
  </contained>
  <contained>
    <ValueSet>
      <id value="vs3"/>
      <identifier value="urn:uuid:e9192e71-5c07-44de-8274-3424e01ce92b"/>
      <name value="Type options for Specimen.collection.collected[x]"/>
      <description value="Type options for Specimen.collection.collected[x]"/>
      <status value="active"/>
      <expansion>
        <timestamp value="2014-12-30T11:06:54+00:00"/>
        <contains>
          <system value="http://hl7.org/fhir/data-types"/>
          <code value="dateTime"/>
          <display value="dateTime"/>
        </contains>
        <contains>
          <system value="http://hl7.org/fhir/data-types"/>
          <code value="Period"/>
          <display value="Period"/>
        </contains>
      </expansion>
    </ValueSet>
  </contained>
  <contained>
    <ValueSet>
      <id value="vs4"/>
      <identifier value="urn:uuid:8bf4fc81-e5f0-4505-9175-130a7246ec30"/>
      <name value="Type options for Specimen.container.additive[x]"/>
      <description value="Type options for Specimen.container.additive[x]"/>
      <status value="active"/>
      <expansion>
        <timestamp value="2014-12-30T11:06:54+00:00"/>
        <contains>
          <system value="http://hl7.org/fhir/data-types"/>
          <code value="CodeableConcept"/>
          <display value="CodeableConcept"/>
        </contains>
        <contains>
          <system value="http://hl7.org/fhir/resource-types"/>
          <code value="Substance"/>
          <display value="Substance"/>
        </contains>
      </expansion>
    </ValueSet>
  </contained>
  <identifier>
    <system value="urn:ietf:rfc:3986"/>
  </identifier>
  <status value="draft"/>
  <date value="2014-12-30T10:55:31"/>
  <publisher value="HL7 FHIR Project (Orders and Observations)"/>
  <group>
    <extension url="http://hl7.org/fhir/Profile/questionnaire-extensions#flyover">
      <valueString value="Sample for analysis."/>
    </extension>
    <linkId value="Specimen"/>
    <title value="Sample for analysis"/>
    <required value="true"/>
    <group>
      <extension url="http://hl7.org/fhir/Profile/questionnaire-extensions#flyover">
        <valueString value="The logical id of the resource, as used in the url for the resoure. Once assigned, this value never changes. The only time that a resource does not have an id is when it is being submitted to the server using a create operation. Bundles always have an id, though it is usually a generated UUID."/>
      </extension>
      <extension url="http://www.healthintersections.com.au/fhir/Profile/metadata#type">
        <valueString value="string"/>
      </extension>
      <linkId value="Specimen.id"/>
      <repeats value="true"/>
      <question>
        <linkId value="Specimen.id.value"/>
        <text value="Logical id of this artefact"/>
        <type value="string"/>
      </question>
    </group>
    <group>
      <extension url="http://hl7.org/fhir/Profile/questionnaire-extensions#flyover">
        <valueString value="The metadata about the resource. This is content that is maintained by the infrastructure. Changes to the content may not always be associated with version changes to the resource."/>
      </extension>
      <linkId value="Specimen.meta"/>
      <title value="Metadata about the resource"/>
      <group>
        <extension url="http://hl7.org/fhir/Profile/questionnaire-extensions#flyover">
          <valueString value="unique id for the element within a resource (for internal references)."/>
        </extension>
        <extension url="http://www.healthintersections.com.au/fhir/Profile/metadata#type">
          <valueString value="string"/>
        </extension>
        <linkId value="Specimen.meta.id"/>
        <repeats value="true"/>
        <question>
          <linkId value="Specimen.meta.id.value"/>
          <text value="xml:id (or equivalent in JSON)"/>
          <type value="string"/>
        </question>
      </group>
      <group>
        <extension url="http://hl7.org/fhir/Profile/questionnaire-extensions#flyover">
          <valueString value="The version specific identifier, as it appears in the version portion of the url. This values changes when the resource is created, updated, or deleted. The server assigns this value, and ignores what the client specifies, except in the case that the server is imposing version integrity on updates/deletes."/>
        </extension>
        <extension url="http://www.healthintersections.com.au/fhir/Profile/metadata#type">
          <valueString value="string"/>
        </extension>
        <linkId value="Specimen.meta.versionId"/>
        <repeats value="true"/>
        <question>
          <linkId value="Specimen.meta.versionId.value"/>
          <text value="Version specific identifier"/>
          <type value="string"/>
        </question>
      </group>
      <group>
        <extension url="http://hl7.org/fhir/Profile/questionnaire-extensions#flyover">
          <valueString value="When the resource last changed - e.g. when the version changed. This value is always populated except when the resource is first being created. The server / resource manager sets this value; what a client provides is irrelevant."/>
        </extension>
        <extension url="http://www.healthintersections.com.au/fhir/Profile/metadata#type">
          <valueString value="instant"/>
        </extension>
        <linkId value="Specimen.meta.lastUpdated"/>
        <repeats value="true"/>
        <question>
          <linkId value="Specimen.meta.lastUpdated.value"/>
          <text value="When the resource version last changed"/>
          <type value="instant"/>
        </question>
      </group>
      <group>
        <extension url="http://hl7.org/fhir/Profile/questionnaire-extensions#flyover">
          <valueString value="A list of profiles that this resource claims to conform to. The URL is a reference to Profile.url. It is up to the server and/or other infrastruture of policy to determine whether/how these claims are verified and/or updated over tiem."/>
        </extension>
        <extension url="http://www.healthintersections.com.au/fhir/Profile/metadata#type">
          <valueString value="uri"/>
        </extension>
        <linkId value="Specimen.meta.profile"/>
        <repeats value="true"/>
        <question>
          <linkId value="Specimen.meta.profile.value"/>
          <text value="Profiles this resource claims to conform to"/>
          <type value="string"/>
        </question>
      </group>
      <group>
        <extension url="http://hl7.org/fhir/Profile/questionnaire-extensions#flyover">
          <valueString value="Security labels applied to this resource. These tags connect specific resources to the overall security policy and infrastructure. The security labels can be updated without changing the stated version of the resource."/>
        </extension>
        <extension url="http://www.healthintersections.com.au/fhir/Profile/metadata#type">
          <valueString value="Coding"/>
        </extension>
        <linkId value="Specimen.meta.security"/>
        <repeats value="true"/>
        <question>
          <linkId value="Specimen.meta.security.value"/>
          <text value="Security Labels applied to this resource"/>
          <type value="open-choice"/>
        </question>
      </group>
      <group>
        <extension url="http://hl7.org/fhir/Profile/questionnaire-extensions#flyover">
          <valueString value="Tags applied to this resource. Tags are intended to to be used to identify and relate resources to process and workflow, and applications are not required to consider the tags when interpreting the meaning of a resource. The tags can be updated without changing the stated version of the resource."/>
        </extension>
        <extension url="http://www.healthintersections.com.au/fhir/Profile/metadata#type">
          <valueString value="Coding"/>
        </extension>
        <linkId value="Specimen.meta.tag"/>
        <repeats value="true"/>
        <question>
          <linkId value="Specimen.meta.tag.value"/>
          <text value="Tags applied"/>
          <type value="open-choice"/>
        </question>
      </group>
    </group>
    <group>
      <extension url="http://hl7.org/fhir/Profile/questionnaire-extensions#flyover">
        <valueString value="A reference to a set of rules that were followed when the resource was constructed, and which must be understood when processing the content. Asserting this rule set restricts the content to be only understood by a limited set of trading partners. This inherently limits the usefulness of the data in the long term. However the existing health eco-system is highly fractured, and not yet ready to define, collect, and exchange data in a generally computable sense. Wherever possible, implementers and/or specification writers should avoid using this element as much as possible."/>
      </extension>
      <extension url="http://www.healthintersections.com.au/fhir/Profile/metadata#type">
        <valueString value="uri"/>
      </extension>
      <linkId value="Specimen.implicitRules"/>
      <repeats value="true"/>
      <question>
        <linkId value="Specimen.implicitRules.value"/>
        <text value="A set of rules under which this content was created"/>
        <type value="string"/>
      </question>
    </group>
    <group>
      <extension url="http://hl7.org/fhir/Profile/questionnaire-extensions#flyover">
        <valueString value="The base language in which the resource is written. Language is provided to support indexing and accessibility (typically, services such as text to speech use the language tag). The html language tag in the narrative applies  to the narrative. The language tag on the resource may be used to specify the language of other presentations generated from the data in the resource

Not all the content has to be in the base language. The Resource.language should not be assumed to apply to the narrative automatically. If a language is specified, it should it also be specified on the div element in the html (see rules in HTML5 for information about the relationship between xml:lang and the html lang attribute)."/>
      </extension>
      <extension url="http://www.healthintersections.com.au/fhir/Profile/metadata#type">
        <valueString value="code"/>
      </extension>
      <linkId value="Specimen.language"/>
      <repeats value="true"/>
      <question>
        <linkId value="Specimen.language.value"/>
        <text value="language"/>
        <type value="choice"/>
      </question>
    </group>
    <group>
      <extension url="http://hl7.org/fhir/Profile/questionnaire-extensions#flyover">
        <valueString value="A human-readable narrative that contains a summary of the resource, and may be used to represent the content of the resource to a human. The narrative need not encode all the structured data, but is required to contain sufficient detail to make it &quot;clinically safe&quot; for a human to just read the narrative. Resource definitions may define what content should be represented in the narrative to ensure clinical safety. Contained resources do not have narrative. Resources that are not contained SHOULD have a narrative."/>
      </extension>
      <linkId value="Specimen.text"/>
      <text value="Text summary of the resource, for human interpretation"/>
      <repeats value="true"/>
    </group>
    <group>
      <extension url="http://hl7.org/fhir/Profile/questionnaire-extensions#flyover">
        <valueString value="These resources do not have an independent existence apart from the resource that contains them - they cannot be identified independently, and nor can they have their own independent transaction scope. This should never be done when the content can be identified properly, as once identification is lost, it is extremely difficult (and context dependent) to restore it again."/>
      </extension>
      <linkId value="Specimen.contained"/>
      <text value="Contained, inline Resources"/>
      <repeats value="true"/>
    </group>
    <group>
      <extension url="http://hl7.org/fhir/Profile/questionnaire-extensions#flyover">
        <valueString value="Id for specimen."/>
      </extension>
      <extension url="http://www.healthintersections.com.au/fhir/Profile/metadata#type">
        <valueString value="Identifier"/>
      </extension>
      <linkId value="Specimen.identifier"/>
      <text value="External Identifier"/>
      <repeats value="true"/>
      <question>
        <linkId value="Specimen.identifier.label"/>
        <text value="label:"/>
        <type value="string"/>
      </question>
      <question>
        <linkId value="Specimen.identifier.system"/>
        <text value="system:"/>
        <type value="string"/>
      </question>
      <question>
        <linkId value="Specimen.identifier.value"/>
        <text value="value:"/>
        <type value="string"/>
      </question>
    </group>
    <group>
      <extension url="http://hl7.org/fhir/Profile/questionnaire-extensions#flyover">
        <valueString value="Kind of material that forms the specimen. The type can change the way that a specimen is handled, and drives what kind of analyses can properly be performed on the specimen. It is frequently used in diagnostic work flow decision making systems."/>
      </extension>
      <extension url="http://www.healthintersections.com.au/fhir/Profile/metadata#type">
        <valueString value="CodeableConcept"/>
      </extension>
      <linkId value="Specimen.type"/>
      <text value="Kind of material that forms the specimen"/>
      <repeats value="true"/>
      <question>
        <linkId value="Specimen.type.coding"/>
        <text value="code:"/>
        <type value="open-choice"/>
      </question>
      <question>
        <linkId value="Specimen.type.text"/>
        <text value="text:"/>
        <type value="string"/>
      </question>
    </group>
    <group>
      <extension url="http://hl7.org/fhir/Profile/questionnaire-extensions#flyover">
        <valueString value="Parent specimen from which the focal specimen was a component."/>
      </extension>
      <linkId value="Specimen.source"/>
      <title value="Parent of specimen"/>
      <repeats value="true"/>
      <group>
        <extension url="http://hl7.org/fhir/Profile/questionnaire-extensions#flyover">
          <valueString value="unique id for the element within a resource (for internal references)."/>
        </extension>
        <extension url="http://www.healthintersections.com.au/fhir/Profile/metadata#type">
          <valueString value="string"/>
        </extension>
        <linkId value="Specimen.source.id"/>
        <repeats value="true"/>
        <question>
          <linkId value="Specimen.source.id.value"/>
          <text value="xml:id (or equivalent in JSON)"/>
          <type value="string"/>
        </question>
      </group>
      <group>
        <extension url="http://hl7.org/fhir/Profile/questionnaire-extensions#flyover">
          <valueString value="Whether this relationship is to a parent or to a child."/>
        </extension>
        <extension url="http://www.healthintersections.com.au/fhir/Profile/metadata#type">
          <valueString value="code"/>
        </extension>
        <linkId value="Specimen.source.relationship"/>
        <required value="true"/>
        <repeats value="true"/>
        <question>
          <linkId value="Specimen.source.relationship.value"/>
          <text value="relationship"/>
          <type value="choice"/>
        </question>
      </group>
      <group>
        <extension url="http://hl7.org/fhir/Profile/questionnaire-extensions#flyover">
          <valueString value="The specimen resource that is the target of this relationship."/>
        </extension>
        <extension url="http://www.healthintersections.com.au/fhir/Profile/metadata#type">
          <valueString value="Reference"/>
        </extension>
        <linkId value="Specimen.source.target"/>
        <repeats value="true"/>
        <question>
          <extension url="http://www.healthintersections.com.au/fhir/Profile/metadata#reference">
            <valueString value="/Specimen?subject=$subj&amp;patient=$subj&amp;encounter=$encounter"/>
          </extension>
          <linkId value="Specimen.source.target.value"/>
          <text value="The subject of the relationship"/>
          <type value="reference"/>
        </question>
      </group>
    </group>
    <group>
      <extension url="http://hl7.org/fhir/Profile/questionnaire-extensions#flyover">
        <valueString value="Where the specimen came from. This may be from the patient(s) or from the environment or a device."/>
      </extension>
      <linkId value="Specimen.subject"/>
      <text value="Where the specimen came from. This may be from the patient(s) or from the environment or a device"/>
      <required value="true"/>
      <repeats value="true"/>
      <question>
        <linkId value="Specimen.subject._type"/>
        <text value="type"/>
        <type value="choice"/>
        <options>
          <reference value="#vs2"/>
        </options>
        <group>
          <extension url="http://www.healthintersections.com.au/fhir/Profile/metadata#type">
            <valueString value="Reference"/>
          </extension>
          <linkId value="Specimen.subject._Patient"/>
          <question>
            <extension url="http://www.healthintersections.com.au/fhir/Profile/metadata#reference">
              <valueString value="/Patient?subject=$subj&amp;patient=$subj&amp;encounter=$encounter"/>
            </extension>
            <linkId value="Specimen.subject._Patient.value"/>
            <text value="Patient"/>
            <type value="reference"/>
          </question>
        </group>
        <group>
          <extension url="http://www.healthintersections.com.au/fhir/Profile/metadata#type">
            <valueString value="Reference"/>
          </extension>
          <linkId value="Specimen.subject._Group"/>
          <question>
            <extension url="http://www.healthintersections.com.au/fhir/Profile/metadata#reference">
              <valueString value="/Group?subject=$subj&amp;patient=$subj&amp;encounter=$encounter"/>
            </extension>
            <linkId value="Specimen.subject._Group.value"/>
            <text value="Group"/>
            <type value="reference"/>
          </question>
        </group>
        <group>
          <extension url="http://www.healthintersections.com.au/fhir/Profile/metadata#type">
            <valueString value="Reference"/>
          </extension>
          <linkId value="Specimen.subject._Device"/>
          <question>
            <extension url="http://www.healthintersections.com.au/fhir/Profile/metadata#reference">
              <valueString value="/Device?subject=$subj&amp;patient=$subj&amp;encounter=$encounter"/>
            </extension>
            <linkId value="Specimen.subject._Device.value"/>
            <text value="Device"/>
            <type value="reference"/>
          </question>
        </group>
        <group>
          <extension url="http://www.healthintersections.com.au/fhir/Profile/metadata#type">
            <valueString value="Reference"/>
          </extension>
          <linkId value="Specimen.subject._Substance"/>
          <question>
            <extension url="http://www.healthintersections.com.au/fhir/Profile/metadata#reference">
              <valueString value="/Substance?subject=$subj&amp;patient=$subj&amp;encounter=$encounter"/>
            </extension>
            <linkId value="Specimen.subject._Substance.value"/>
            <text value="Substance"/>
            <type value="reference"/>
          </question>
        </group>
      </question>
    </group>
    <group>
      <extension url="http://hl7.org/fhir/Profile/questionnaire-extensions#flyover">
        <valueString value="The identifier assigned by the lab when accessioning specimen(s). This is not necessarily the same as the specimen identifier, depending on local lab procedures."/>
      </extension>
      <extension url="http://www.healthintersections.com.au/fhir/Profile/metadata#type">
        <valueString value="Identifier"/>
      </extension>
      <linkId value="Specimen.accessionIdentifier"/>
      <text value="Identifier assigned by the lab"/>
      <repeats value="true"/>
      <question>
        <linkId value="Specimen.accessionIdentifier.label"/>
        <text value="label:"/>
        <type value="string"/>
      </question>
      <question>
        <linkId value="Specimen.accessionIdentifier.system"/>
        <text value="system:"/>
        <type value="string"/>
      </question>
      <question>
        <linkId value="Specimen.accessionIdentifier.value"/>
        <text value="value:"/>
        <type value="string"/>
      </question>
    </group>
    <group>
      <extension url="http://hl7.org/fhir/Profile/questionnaire-extensions#flyover">
        <valueString value="Time when specimen was received for processing or testing."/>
      </extension>
      <extension url="http://www.healthintersections.com.au/fhir/Profile/metadata#type">
        <valueString value="datetime"/>
      </extension>
      <linkId value="Specimen.receivedTime"/>
      <repeats value="true"/>
      <question>
        <linkId value="Specimen.receivedTime.value"/>
        <text value="The time when specimen was received for processing"/>
        <type value="dateTime"/>
      </question>
    </group>
    <group>
      <extension url="http://hl7.org/fhir/Profile/questionnaire-extensions#flyover">
        <valueString value="Details concerning the specimen collection."/>
      </extension>
      <linkId value="Specimen.collection"/>
      <title value="Collection details"/>
      <group>
        <extension url="http://hl7.org/fhir/Profile/questionnaire-extensions#flyover">
          <valueString value="unique id for the element within a resource (for internal references)."/>
        </extension>
        <extension url="http://www.healthintersections.com.au/fhir/Profile/metadata#type">
          <valueString value="string"/>
        </extension>
        <linkId value="Specimen.collection.id"/>
        <repeats value="true"/>
        <question>
          <linkId value="Specimen.collection.id.value"/>
          <text value="xml:id (or equivalent in JSON)"/>
          <type value="string"/>
        </question>
      </group>
      <group>
        <extension url="http://hl7.org/fhir/Profile/questionnaire-extensions#flyover">
          <valueString value="Person who collected the specimen."/>
        </extension>
        <extension url="http://www.healthintersections.com.au/fhir/Profile/metadata#type">
          <valueString value="Reference"/>
        </extension>
        <linkId value="Specimen.collection.collector"/>
        <repeats value="true"/>
        <question>
          <extension url="http://www.healthintersections.com.au/fhir/Profile/metadata#reference">
            <valueString value="/Practitioner?subject=$subj&amp;patient=$subj&amp;encounter=$encounter"/>
          </extension>
          <linkId value="Specimen.collection.collector.value"/>
          <text value="Who collected the specimen"/>
          <type value="reference"/>
        </question>
      </group>
      <group>
        <extension url="http://hl7.org/fhir/Profile/questionnaire-extensions#flyover">
          <valueString value="To communicate any details or issues encountered during the specimen collection procedure."/>
        </extension>
        <extension url="http://www.healthintersections.com.au/fhir/Profile/metadata#type">
          <valueString value="string"/>
        </extension>
        <linkId value="Specimen.collection.comment"/>
        <repeats value="true"/>
        <question>
          <linkId value="Specimen.collection.comment.value"/>
          <text value="Collector comments"/>
          <type value="string"/>
        </question>
      </group>
      <group>
        <extension url="http://hl7.org/fhir/Profile/questionnaire-extensions#flyover">
          <valueString value="Time when specimen was collected from subject - the physiologically relevant time."/>
        </extension>
        <linkId value="Specimen.collection.collected[x]"/>
        <text value="Collection time"/>
        <repeats value="true"/>
        <question>
          <linkId value="Specimen.collection.collected[x]._type"/>
          <text value="type"/>
          <type value="choice"/>
          <options>
            <reference value="#vs3"/>
          </options>
          <group>
            <extension url="http://www.healthintersections.com.au/fhir/Profile/metadata#type">
              <valueString value="datetime"/>
            </extension>
            <linkId value="Specimen.collection.collected[x]._dateTime"/>
            <question>
              <linkId value="Specimen.collection.collected[x]._dateTime.value"/>
              <text value="dateTime"/>
              <type value="dateTime"/>
            </question>
          </group>
          <group>
            <extension url="http://www.healthintersections.com.au/fhir/Profile/metadata#type">
              <valueString value="Period"/>
            </extension>
            <linkId value="Specimen.collection.collected[x]._Period"/>
            <text value="Period"/>
            <question>
              <linkId value="Specimen.collection.collected[x]._Period.low"/>
              <text value="start:"/>
              <type value="dateTime"/>
            </question>
            <question>
              <linkId value="Specimen.collection.collected[x]._Period.end"/>
              <text value="end:"/>
              <type value="dateTime"/>
            </question>
          </group>
        </question>
      </group>
      <group>
        <extension url="http://hl7.org/fhir/Profile/questionnaire-extensions#flyover">
          <valueString value="The quantity of specimen collected; for instance the volume of a blood sample, or the physical measurement of an anatomic pathology sample."/>
        </extension>
        <extension url="http://www.healthintersections.com.au/fhir/Profile/metadata#type">
          <valueString value="Quantity"/>
        </extension>
        <linkId value="Specimen.collection.quantity"/>
        <text value="The quantity of specimen collected"/>
        <repeats value="true"/>
        <question>
          <linkId value="Specimen.collection.quantity.comparator"/>
          <text value="comp:"/>
          <type value="choice"/>
        </question>
        <question>
          <linkId value="Specimen.collection.quantity.value"/>
          <text value="value:"/>
          <type value="decimal"/>
        </question>
        <question>
          <linkId value="Specimen.collection.quantity.units"/>
          <text value="units:"/>
          <type value="string"/>
        </question>
        <question>
          <linkId value="Specimen.collection.quantity.code"/>
          <text value="coded units:"/>
          <type value="string"/>
        </question>
        <question>
          <linkId value="Specimen.collection.quantity.system"/>
          <text value="units system:"/>
          <type value="string"/>
        </question>
      </group>
      <group>
        <extension url="http://hl7.org/fhir/Profile/questionnaire-extensions#flyover">
          <valueString value="A coded value specifying the technique that is used to perform the procedure."/>
        </extension>
        <extension url="http://www.healthintersections.com.au/fhir/Profile/metadata#type">
          <valueString value="CodeableConcept"/>
        </extension>
        <linkId value="Specimen.collection.method"/>
        <text value="Technique used to perform collection"/>
        <repeats value="true"/>
        <question>
          <linkId value="Specimen.collection.method.coding"/>
          <text value="code:"/>
          <type value="open-choice"/>
        </question>
        <question>
          <linkId value="Specimen.collection.method.text"/>
          <text value="text:"/>
          <type value="string"/>
        </question>
      </group>
      <group>
        <extension url="http://hl7.org/fhir/Profile/questionnaire-extensions#flyover">
          <valueString value="Anatomical location from which the specimen was collected (if subject is a patient). This element is not used for environmental specimens."/>
        </extension>
        <extension url="http://www.healthintersections.com.au/fhir/Profile/metadata#type">
          <valueString value="CodeableConcept"/>
        </extension>
        <linkId value="Specimen.collection.sourceSite"/>
        <text value="Anatomical collection site"/>
        <repeats value="true"/>
        <question>
          <linkId value="Specimen.collection.sourceSite.coding"/>
          <text value="code:"/>
          <type value="open-choice"/>
        </question>
        <question>
          <linkId value="Specimen.collection.sourceSite.text"/>
          <text value="text:"/>
          <type value="string"/>
        </question>
      </group>
    </group>
    <group>
      <extension url="http://hl7.org/fhir/Profile/questionnaire-extensions#flyover">
        <valueString value="Details concerning treatment and processing steps for the specimen."/>
      </extension>
      <linkId value="Specimen.treatment"/>
      <title value="Treatment and processing step details"/>
      <repeats value="true"/>
      <group>
        <extension url="http://hl7.org/fhir/Profile/questionnaire-extensions#flyover">
          <valueString value="unique id for the element within a resource (for internal references)."/>
        </extension>
        <extension url="http://www.healthintersections.com.au/fhir/Profile/metadata#type">
          <valueString value="string"/>
        </extension>
        <linkId value="Specimen.treatment.id"/>
        <repeats value="true"/>
        <question>
          <linkId value="Specimen.treatment.id.value"/>
          <text value="xml:id (or equivalent in JSON)"/>
          <type value="string"/>
        </question>
      </group>
      <group>
        <extension url="http://hl7.org/fhir/Profile/questionnaire-extensions#flyover">
          <valueString value="Textual description of procedure."/>
        </extension>
        <extension url="http://www.healthintersections.com.au/fhir/Profile/metadata#type">
          <valueString value="string"/>
        </extension>
        <linkId value="Specimen.treatment.description"/>
        <repeats value="true"/>
        <question>
          <linkId value="Specimen.treatment.description.value"/>
          <text value="Textual description of procedure"/>
          <type value="string"/>
        </question>
      </group>
      <group>
        <extension url="http://hl7.org/fhir/Profile/questionnaire-extensions#flyover">
          <valueString value="A coded value specifying the procedure used to process the specimen."/>
        </extension>
        <extension url="http://www.healthintersections.com.au/fhir/Profile/metadata#type">
          <valueString value="CodeableConcept"/>
        </extension>
        <linkId value="Specimen.treatment.procedure"/>
        <text value="Indicates the treatment or processing step  applied to the specimen"/>
        <repeats value="true"/>
        <question>
          <linkId value="Specimen.treatment.procedure.coding"/>
          <text value="code:"/>
          <type value="open-choice"/>
        </question>
        <question>
          <linkId value="Specimen.treatment.procedure.text"/>
          <text value="text:"/>
          <type value="string"/>
        </question>
      </group>
      <group>
        <extension url="http://hl7.org/fhir/Profile/questionnaire-extensions#flyover">
          <valueString value="Material used in the processing step."/>
        </extension>
        <extension url="http://www.healthintersections.com.au/fhir/Profile/metadata#type">
          <valueString value="Reference"/>
        </extension>
        <linkId value="Specimen.treatment.additive"/>
        <repeats value="true"/>
        <question>
          <extension url="http://www.healthintersections.com.au/fhir/Profile/metadata#reference">
            <valueString value="/Substance?subject=$subj&amp;patient=$subj&amp;encounter=$encounter"/>
          </extension>
          <linkId value="Specimen.treatment.additive.value"/>
          <text value="Material used in the processing step"/>
          <type value="reference"/>
        </question>
      </group>
    </group>
    <group>
      <extension url="http://hl7.org/fhir/Profile/questionnaire-extensions#flyover">
        <valueString value="The container holding the specimen.  The recursive nature of containers; i.e. blood in tube in tray in rack is not addressed here."/>
      </extension>
      <linkId value="Specimen.container"/>
      <title value="Direct container of specimen (tube/slide, etc)"/>
      <repeats value="true"/>
      <group>
        <extension url="http://hl7.org/fhir/Profile/questionnaire-extensions#flyover">
          <valueString value="unique id for the element within a resource (for internal references)."/>
        </extension>
        <extension url="http://www.healthintersections.com.au/fhir/Profile/metadata#type">
          <valueString value="string"/>
        </extension>
        <linkId value="Specimen.container.id"/>
        <repeats value="true"/>
        <question>
          <linkId value="Specimen.container.id.value"/>
          <text value="xml:id (or equivalent in JSON)"/>
          <type value="string"/>
        </question>
      </group>
      <group>
        <extension url="http://hl7.org/fhir/Profile/questionnaire-extensions#flyover">
          <valueString value="Id for container. There may be multiple; a manufacturer&#39;s bar code, lab assigned identifier, etc. The container ID may differ from the specimen id in some circumstances."/>
        </extension>
        <extension url="http://www.healthintersections.com.au/fhir/Profile/metadata#type">
          <valueString value="Identifier"/>
        </extension>
        <linkId value="Specimen.container.identifier"/>
        <text value="Id for the container"/>
        <repeats value="true"/>
        <question>
          <linkId value="Specimen.container.identifier.label"/>
          <text value="label:"/>
          <type value="string"/>
        </question>
        <question>
          <linkId value="Specimen.container.identifier.system"/>
          <text value="system:"/>
          <type value="string"/>
        </question>
        <question>
          <linkId value="Specimen.container.identifier.value"/>
          <text value="value:"/>
          <type value="string"/>
        </question>
      </group>
      <group>
        <extension url="http://hl7.org/fhir/Profile/questionnaire-extensions#flyover">
          <valueString value="Textual description of the container."/>
        </extension>
        <extension url="http://www.healthintersections.com.au/fhir/Profile/metadata#type">
          <valueString value="string"/>
        </extension>
        <linkId value="Specimen.container.description"/>
        <repeats value="true"/>
        <question>
          <linkId value="Specimen.container.description.value"/>
          <text value="Textual description of the container"/>
          <type value="string"/>
        </question>
      </group>
      <group>
        <extension url="http://hl7.org/fhir/Profile/questionnaire-extensions#flyover">
          <valueString value="The type of container associated with the specimen (e.g. slide, aliquot, etc)."/>
        </extension>
        <extension url="http://www.healthintersections.com.au/fhir/Profile/metadata#type">
          <valueString value="CodeableConcept"/>
        </extension>
        <linkId value="Specimen.container.type"/>
        <text value="Kind of container directly associated with specimen"/>
        <repeats value="true"/>
        <question>
          <linkId value="Specimen.container.type.coding"/>
          <text value="code:"/>
          <type value="open-choice"/>
        </question>
        <question>
          <linkId value="Specimen.container.type.text"/>
          <text value="text:"/>
          <type value="string"/>
        </question>
      </group>
      <group>
        <extension url="http://hl7.org/fhir/Profile/questionnaire-extensions#flyover">
          <valueString value="The capacity (volume or other measure) the container may contain."/>
        </extension>
        <extension url="http://www.healthintersections.com.au/fhir/Profile/metadata#type">
          <valueString value="Quantity"/>
        </extension>
        <linkId value="Specimen.container.capacity"/>
        <text value="Container volume or size"/>
        <repeats value="true"/>
        <question>
          <linkId value="Specimen.container.capacity.comparator"/>
          <text value="comp:"/>
          <type value="choice"/>
        </question>
        <question>
          <linkId value="Specimen.container.capacity.value"/>
          <text value="value:"/>
          <type value="decimal"/>
        </question>
        <question>
          <linkId value="Specimen.container.capacity.units"/>
          <text value="units:"/>
          <type value="string"/>
        </question>
        <question>
          <linkId value="Specimen.container.capacity.code"/>
          <text value="coded units:"/>
          <type value="string"/>
        </question>
        <question>
          <linkId value="Specimen.container.capacity.system"/>
          <text value="units system:"/>
          <type value="string"/>
        </question>
      </group>
      <group>
        <extension url="http://hl7.org/fhir/Profile/questionnaire-extensions#flyover">
          <valueString value="The quantity of specimen in the container; may be volume, dimensions, or other appropriate measurements, depending on the specimen type."/>
        </extension>
        <extension url="http://www.healthintersections.com.au/fhir/Profile/metadata#type">
          <valueString value="Quantity"/>
        </extension>
        <linkId value="Specimen.container.specimenQuantity"/>
        <text value="Quantity of specimen within container"/>
        <repeats value="true"/>
        <question>
          <linkId value="Specimen.container.specimenQuantity.comparator"/>
          <text value="comp:"/>
          <type value="choice"/>
        </question>
        <question>
          <linkId value="Specimen.container.specimenQuantity.value"/>
          <text value="value:"/>
          <type value="decimal"/>
        </question>
        <question>
          <linkId value="Specimen.container.specimenQuantity.units"/>
          <text value="units:"/>
          <type value="string"/>
        </question>
        <question>
          <linkId value="Specimen.container.specimenQuantity.code"/>
          <text value="coded units:"/>
          <type value="string"/>
        </question>
        <question>
          <linkId value="Specimen.container.specimenQuantity.system"/>
          <text value="units system:"/>
          <type value="string"/>
        </question>
      </group>
      <group>
        <extension url="http://hl7.org/fhir/Profile/questionnaire-extensions#flyover">
          <valueString value="Introduced substance to preserve, maintain or enhance the specimen. examples: Formalin, Citrate, EDTA."/>
        </extension>
        <linkId value="Specimen.container.additive[x]"/>
        <text value="Additive associated with container"/>
        <repeats value="true"/>
        <question>
          <linkId value="Specimen.container.additive[x]._type"/>
          <text value="type"/>
          <type value="choice"/>
          <options>
            <reference value="#vs4"/>
          </options>
          <group>
            <extension url="http://www.healthintersections.com.au/fhir/Profile/metadata#type">
              <valueString value="CodeableConcept"/>
            </extension>
            <linkId value="Specimen.container.additive[x]._CodeableConcept"/>
            <text value="CodeableConcept"/>
            <question>
              <linkId value="Specimen.container.additive[x]._CodeableConcept.coding"/>
              <text value="code:"/>
              <type value="open-choice"/>
            </question>
            <question>
              <linkId value="Specimen.container.additive[x]._CodeableConcept.text"/>
              <text value="text:"/>
              <type value="string"/>
            </question>
          </group>
          <group>
            <extension url="http://www.healthintersections.com.au/fhir/Profile/metadata#type">
              <valueString value="Reference"/>
            </extension>
            <linkId value="Specimen.container.additive[x]._Substance"/>
            <question>
              <extension url="http://www.healthintersections.com.au/fhir/Profile/metadata#reference">
                <valueString value="/Substance?subject=$subj&amp;patient=$subj&amp;encounter=$encounter"/>
              </extension>
              <linkId value="Specimen.container.additive[x]._Substance.value"/>
              <text value="Substance"/>
              <type value="reference"/>
            </question>
          </group>
        </question>
      </group>
    </group>
  </group>
</Questionnaire>