<?xml version="1.0" encoding="UTF-8"?>

<StatusRequest xmlns="http://hl7.org/fhir">
  <id value="87654"/>
  <text>
    <status value="generated"/>
    <div xmlns="http://www.w3.org/1999/xhtml">A human-readable rendering of the StatusRequest</div>
  </text>
  <identifier>
    <system value="http://happyvalley.com/statusrequest"/>
    <value value="1776543"/>
  </identifier>
  <created value="2014-08-16"/>
  <organization>
    <reference value="Organization/1"/>
  </organization>
  <request>
    <reference value="http://BenefitsInc.com/oralhealthclaim/12345"/>
  </request>
  <response>
    <reference value="http://BenefitsInc.com/fhir/claimresponse/3500"/>
  </response>
</StatusRequest>