{
  "resourceType": "StatusResponse",
  "id": "SR2500",
  "text": {
    "status": "generated",
    "div": "<div>A human-readable rendering of the ExplanationOfBenefit</div>"
  },
  "identifier": [
    {
      "system": "http://www.BenefitsInc.com/fhir/statusresponse",
      "value": "881234"
    }
  ],
  "request": {
    "reference": "http://www.BenefitsInc.com/fhir/eligibility/225476332402"
  },
  "outcome": {
    "system": "http://www.hl7.org/fhir/processoutcomecodes",
    "code": "complete"
  },
  "disposition": "Specified coverage is currently in-force.",
  "created": "2014-08-16",
  "organization": {
    "reference": "Organization/2"
  },
  "requestOrganization": {
    "reference": "Organization/1"
  }
}