{"created":"2014-08-16","disposition":"Specified coverage is currently in-force.","id":"SR2500","identifier":[{"system":"http://www.BenefitsInc.com/fhir/statusresponse","value":"881234"}],"organization":{"reference":"Organization/2"},"outcome":{"code":"complete","system":"http://www.hl7.org/fhir/processoutcomecodes"},"request":{"reference":"http://www.BenefitsInc.com/fhir/eligibility/225476332402"},"requestOrganization":{"reference":"Organization/1"},"resourceType":"StatusResponse","text":{"div":"<div>A human-readable rendering of the ExplanationOfBenefit</div>","status":"generated"}}