<?xml version="1.0" encoding="UTF-8"?>

<Questionnaire xmlns="http://hl7.org/fhir">
  <id value="qs1"/>
  <identifier>
    <system value="urn:ietf:rfc:3986"/>
  </identifier>
  <status value="draft"/>
  <date value="2014-12-30T10:55:31"/>
  <publisher value="HL7 FHIR Project (Orders and Observations)"/>
  <group>
    <extension url="http://hl7.org/fhir/Profile/questionnaire-extensions#flyover">
      <valueString value="A homogeneous material with a definite composition."/>
    </extension>
    <linkId value="Substance"/>
    <title value="A homogeneous material with a definite composition"/>
    <required value="true"/>
    <group>
      <extension url="http://hl7.org/fhir/Profile/questionnaire-extensions#flyover">
        <valueString value="The logical id of the resource, as used in the url for the resoure. Once assigned, this value never changes. The only time that a resource does not have an id is when it is being submitted to the server using a create operation. Bundles always have an id, though it is usually a generated UUID."/>
      </extension>
      <extension url="http://www.healthintersections.com.au/fhir/Profile/metadata#type">
        <valueString value="string"/>
      </extension>
      <linkId value="Substance.id"/>
      <repeats value="true"/>
      <question>
        <linkId value="Substance.id.value"/>
        <text value="Logical id of this artefact"/>
        <type value="string"/>
      </question>
    </group>
    <group>
      <extension url="http://hl7.org/fhir/Profile/questionnaire-extensions#flyover">
        <valueString value="The metadata about the resource. This is content that is maintained by the infrastructure. Changes to the content may not always be associated with version changes to the resource."/>
      </extension>
      <linkId value="Substance.meta"/>
      <title value="Metadata about the resource"/>
      <group>
        <extension url="http://hl7.org/fhir/Profile/questionnaire-extensions#flyover">
          <valueString value="unique id for the element within a resource (for internal references)."/>
        </extension>
        <extension url="http://www.healthintersections.com.au/fhir/Profile/metadata#type">
          <valueString value="string"/>
        </extension>
        <linkId value="Substance.meta.id"/>
        <repeats value="true"/>
        <question>
          <linkId value="Substance.meta.id.value"/>
          <text value="xml:id (or equivalent in JSON)"/>
          <type value="string"/>
        </question>
      </group>
      <group>
        <extension url="http://hl7.org/fhir/Profile/questionnaire-extensions#flyover">
          <valueString value="The version specific identifier, as it appears in the version portion of the url. This values changes when the resource is created, updated, or deleted. The server assigns this value, and ignores what the client specifies, except in the case that the server is imposing version integrity on updates/deletes."/>
        </extension>
        <extension url="http://www.healthintersections.com.au/fhir/Profile/metadata#type">
          <valueString value="string"/>
        </extension>
        <linkId value="Substance.meta.versionId"/>
        <repeats value="true"/>
        <question>
          <linkId value="Substance.meta.versionId.value"/>
          <text value="Version specific identifier"/>
          <type value="string"/>
        </question>
      </group>
      <group>
        <extension url="http://hl7.org/fhir/Profile/questionnaire-extensions#flyover">
          <valueString value="When the resource last changed - e.g. when the version changed. This value is always populated except when the resource is first being created. The server / resource manager sets this value; what a client provides is irrelevant."/>
        </extension>
        <extension url="http://www.healthintersections.com.au/fhir/Profile/metadata#type">
          <valueString value="instant"/>
        </extension>
        <linkId value="Substance.meta.lastUpdated"/>
        <repeats value="true"/>
        <question>
          <linkId value="Substance.meta.lastUpdated.value"/>
          <text value="When the resource version last changed"/>
          <type value="instant"/>
        </question>
      </group>
      <group>
        <extension url="http://hl7.org/fhir/Profile/questionnaire-extensions#flyover">
          <valueString value="A list of profiles that this resource claims to conform to. The URL is a reference to Profile.url. It is up to the server and/or other infrastruture of policy to determine whether/how these claims are verified and/or updated over tiem."/>
        </extension>
        <extension url="http://www.healthintersections.com.au/fhir/Profile/metadata#type">
          <valueString value="uri"/>
        </extension>
        <linkId value="Substance.meta.profile"/>
        <repeats value="true"/>
        <question>
          <linkId value="Substance.meta.profile.value"/>
          <text value="Profiles this resource claims to conform to"/>
          <type value="string"/>
        </question>
      </group>
      <group>
        <extension url="http://hl7.org/fhir/Profile/questionnaire-extensions#flyover">
          <valueString value="Security labels applied to this resource. These tags connect specific resources to the overall security policy and infrastructure. The security labels can be updated without changing the stated version of the resource."/>
        </extension>
        <extension url="http://www.healthintersections.com.au/fhir/Profile/metadata#type">
          <valueString value="Coding"/>
        </extension>
        <linkId value="Substance.meta.security"/>
        <repeats value="true"/>
        <question>
          <linkId value="Substance.meta.security.value"/>
          <text value="Security Labels applied to this resource"/>
          <type value="open-choice"/>
        </question>
      </group>
      <group>
        <extension url="http://hl7.org/fhir/Profile/questionnaire-extensions#flyover">
          <valueString value="Tags applied to this resource. Tags are intended to to be used to identify and relate resources to process and workflow, and applications are not required to consider the tags when interpreting the meaning of a resource. The tags can be updated without changing the stated version of the resource."/>
        </extension>
        <extension url="http://www.healthintersections.com.au/fhir/Profile/metadata#type">
          <valueString value="Coding"/>
        </extension>
        <linkId value="Substance.meta.tag"/>
        <repeats value="true"/>
        <question>
          <linkId value="Substance.meta.tag.value"/>
          <text value="Tags applied"/>
          <type value="open-choice"/>
        </question>
      </group>
    </group>
    <group>
      <extension url="http://hl7.org/fhir/Profile/questionnaire-extensions#flyover">
        <valueString value="A reference to a set of rules that were followed when the resource was constructed, and which must be understood when processing the content. Asserting this rule set restricts the content to be only understood by a limited set of trading partners. This inherently limits the usefulness of the data in the long term. However the existing health eco-system is highly fractured, and not yet ready to define, collect, and exchange data in a generally computable sense. Wherever possible, implementers and/or specification writers should avoid using this element as much as possible."/>
      </extension>
      <extension url="http://www.healthintersections.com.au/fhir/Profile/metadata#type">
        <valueString value="uri"/>
      </extension>
      <linkId value="Substance.implicitRules"/>
      <repeats value="true"/>
      <question>
        <linkId value="Substance.implicitRules.value"/>
        <text value="A set of rules under which this content was created"/>
        <type value="string"/>
      </question>
    </group>
    <group>
      <extension url="http://hl7.org/fhir/Profile/questionnaire-extensions#flyover">
        <valueString value="The base language in which the resource is written. Language is provided to support indexing and accessibility (typically, services such as text to speech use the language tag). The html language tag in the narrative applies  to the narrative. The language tag on the resource may be used to specify the language of other presentations generated from the data in the resource

Not all the content has to be in the base language. The Resource.language should not be assumed to apply to the narrative automatically. If a language is specified, it should it also be specified on the div element in the html (see rules in HTML5 for information about the relationship between xml:lang and the html lang attribute)."/>
      </extension>
      <extension url="http://www.healthintersections.com.au/fhir/Profile/metadata#type">
        <valueString value="code"/>
      </extension>
      <linkId value="Substance.language"/>
      <repeats value="true"/>
      <question>
        <linkId value="Substance.language.value"/>
        <text value="language"/>
        <type value="choice"/>
      </question>
    </group>
    <group>
      <extension url="http://hl7.org/fhir/Profile/questionnaire-extensions#flyover">
        <valueString value="A human-readable narrative that contains a summary of the resource, and may be used to represent the content of the resource to a human. The narrative need not encode all the structured data, but is required to contain sufficient detail to make it &quot;clinically safe&quot; for a human to just read the narrative. Resource definitions may define what content should be represented in the narrative to ensure clinical safety. Contained resources do not have narrative. Resources that are not contained SHOULD have a narrative."/>
      </extension>
      <linkId value="Substance.text"/>
      <text value="Text summary of the resource, for human interpretation"/>
      <repeats value="true"/>
    </group>
    <group>
      <extension url="http://hl7.org/fhir/Profile/questionnaire-extensions#flyover">
        <valueString value="These resources do not have an independent existence apart from the resource that contains them - they cannot be identified independently, and nor can they have their own independent transaction scope. This should never be done when the content can be identified properly, as once identification is lost, it is extremely difficult (and context dependent) to restore it again."/>
      </extension>
      <linkId value="Substance.contained"/>
      <text value="Contained, inline Resources"/>
      <repeats value="true"/>
    </group>
    <group>
      <extension url="http://hl7.org/fhir/Profile/questionnaire-extensions#flyover">
        <valueString value="A code (or set of codes) that identify this substance. This could be a reference to an externally defined code.  It could also be a locally assigned code (e.g. a formulary),  optionally with translations to the standard drug codes."/>
      </extension>
      <extension url="http://www.healthintersections.com.au/fhir/Profile/metadata#type">
        <valueString value="CodeableConcept"/>
      </extension>
      <linkId value="Substance.type"/>
      <text value="What kind of substance this is"/>
      <required value="true"/>
      <repeats value="true"/>
      <question>
        <linkId value="Substance.type.coding"/>
        <text value="code:"/>
        <type value="open-choice"/>
      </question>
      <question>
        <linkId value="Substance.type.text"/>
        <text value="text:"/>
        <type value="string"/>
      </question>
    </group>
    <group>
      <extension url="http://hl7.org/fhir/Profile/questionnaire-extensions#flyover">
        <valueString value="A description of the substance - its appearance, handling requirements, and other usage notes."/>
      </extension>
      <extension url="http://www.healthintersections.com.au/fhir/Profile/metadata#type">
        <valueString value="string"/>
      </extension>
      <linkId value="Substance.description"/>
      <repeats value="true"/>
      <question>
        <linkId value="Substance.description.value"/>
        <text value="Textual description of the substance, comments"/>
        <type value="string"/>
      </question>
    </group>
    <group>
      <extension url="http://hl7.org/fhir/Profile/questionnaire-extensions#flyover">
        <valueString value="Substance may be used to describe a kind of substance, or a specific package/container of the substance: an instance."/>
      </extension>
      <linkId value="Substance.instance"/>
      <title value="If this describes a specific package/container of the substance"/>
      <group>
        <extension url="http://hl7.org/fhir/Profile/questionnaire-extensions#flyover">
          <valueString value="unique id for the element within a resource (for internal references)."/>
        </extension>
        <extension url="http://www.healthintersections.com.au/fhir/Profile/metadata#type">
          <valueString value="string"/>
        </extension>
        <linkId value="Substance.instance.id"/>
        <repeats value="true"/>
        <question>
          <linkId value="Substance.instance.id.value"/>
          <text value="xml:id (or equivalent in JSON)"/>
          <type value="string"/>
        </question>
      </group>
      <group>
        <extension url="http://hl7.org/fhir/Profile/questionnaire-extensions#flyover">
          <valueString value="Identifier associated with the package/container (usually a label affixed directly)."/>
        </extension>
        <extension url="http://www.healthintersections.com.au/fhir/Profile/metadata#type">
          <valueString value="Identifier"/>
        </extension>
        <linkId value="Substance.instance.identifier"/>
        <text value="Identifier of the package/container"/>
        <repeats value="true"/>
        <question>
          <linkId value="Substance.instance.identifier.label"/>
          <text value="label:"/>
          <type value="string"/>
        </question>
        <question>
          <linkId value="Substance.instance.identifier.system"/>
          <text value="system:"/>
          <type value="string"/>
        </question>
        <question>
          <linkId value="Substance.instance.identifier.value"/>
          <text value="value:"/>
          <type value="string"/>
        </question>
      </group>
      <group>
        <extension url="http://hl7.org/fhir/Profile/questionnaire-extensions#flyover">
          <valueString value="When the substance is no longer valid to use. For some substances, a single arbitrary date is used for expiry."/>
        </extension>
        <extension url="http://www.healthintersections.com.au/fhir/Profile/metadata#type">
          <valueString value="datetime"/>
        </extension>
        <linkId value="Substance.instance.expiry"/>
        <repeats value="true"/>
        <question>
          <linkId value="Substance.instance.expiry.value"/>
          <text value="When no longer valid to use"/>
          <type value="dateTime"/>
        </question>
      </group>
      <group>
        <extension url="http://hl7.org/fhir/Profile/questionnaire-extensions#flyover">
          <valueString value="The amount of the substance."/>
        </extension>
        <extension url="http://www.healthintersections.com.au/fhir/Profile/metadata#type">
          <valueString value="Quantity"/>
        </extension>
        <linkId value="Substance.instance.quantity"/>
        <text value="Amount of substance in the package"/>
        <repeats value="true"/>
        <question>
          <linkId value="Substance.instance.quantity.comparator"/>
          <text value="comp:"/>
          <type value="choice"/>
        </question>
        <question>
          <linkId value="Substance.instance.quantity.value"/>
          <text value="value:"/>
          <type value="decimal"/>
        </question>
        <question>
          <linkId value="Substance.instance.quantity.units"/>
          <text value="units:"/>
          <type value="string"/>
        </question>
        <question>
          <linkId value="Substance.instance.quantity.code"/>
          <text value="coded units:"/>
          <type value="string"/>
        </question>
        <question>
          <linkId value="Substance.instance.quantity.system"/>
          <text value="units system:"/>
          <type value="string"/>
        </question>
      </group>
    </group>
    <group>
      <extension url="http://hl7.org/fhir/Profile/questionnaire-extensions#flyover">
        <valueString value="A substance can be composed of other substances."/>
      </extension>
      <linkId value="Substance.ingredient"/>
      <title value="Composition information about the substance"/>
      <repeats value="true"/>
      <group>
        <extension url="http://hl7.org/fhir/Profile/questionnaire-extensions#flyover">
          <valueString value="unique id for the element within a resource (for internal references)."/>
        </extension>
        <extension url="http://www.healthintersections.com.au/fhir/Profile/metadata#type">
          <valueString value="string"/>
        </extension>
        <linkId value="Substance.ingredient.id"/>
        <repeats value="true"/>
        <question>
          <linkId value="Substance.ingredient.id.value"/>
          <text value="xml:id (or equivalent in JSON)"/>
          <type value="string"/>
        </question>
      </group>
      <group>
        <extension url="http://hl7.org/fhir/Profile/questionnaire-extensions#flyover">
          <valueString value="The amount of the ingredient in the substance - a concentration ratio."/>
        </extension>
        <extension url="http://www.healthintersections.com.au/fhir/Profile/metadata#type">
          <valueString value="Ratio"/>
        </extension>
        <linkId value="Substance.ingredient.quantity"/>
        <text value="Optional amount (concentration)"/>
        <repeats value="true"/>
        <question>
          <linkId value="Substance.ingredient.quantity.numerator"/>
          <text value="numerator:"/>
          <type value="decimal"/>
        </question>
        <question>
          <linkId value="Substance.ingredient.quantity.denominator"/>
          <text value="denominator:"/>
          <type value="decimal"/>
        </question>
        <question>
          <linkId value="Substance.ingredient.quantity.units"/>
          <text value="units:"/>
          <type value="string"/>
        </question>
      </group>
      <group>
        <extension url="http://hl7.org/fhir/Profile/questionnaire-extensions#flyover">
          <valueString value="Another substance that is a component of this substance."/>
        </extension>
        <extension url="http://www.healthintersections.com.au/fhir/Profile/metadata#type">
          <valueString value="Reference"/>
        </extension>
        <linkId value="Substance.ingredient.substance"/>
        <required value="true"/>
        <repeats value="true"/>
        <question>
          <extension url="http://www.healthintersections.com.au/fhir/Profile/metadata#reference">
            <valueString value="/Substance?subject=$subj&amp;patient=$subj&amp;encounter=$encounter"/>
          </extension>
          <linkId value="Substance.ingredient.substance.value"/>
          <text value="A component of the substance"/>
          <type value="reference"/>
        </question>
      </group>
    </group>
  </group>
</Questionnaire>