{
  "resourceType": "SupportingDocumentation",
  "id": "654789",
  "text": {
    "status": "generated",
    "div": "<div>A human-readable rendering of the Eligibility</div>"
  },
  "identifier": [
    {
      "system": "http://happyvalley.com/elegibility",
      "value": "52345"
    }
  ],
  "created": "2014-09-21",
  "target": {
    "reference": "Organization/2"
  },
  "subject": {
    "reference": "Patient/1"
  },
  "detail": [
    {
      "linkId": 1,
      "contentAttachment": {
        "contentType": "application/pdf",
        "data": "SGVsbG8=",
        "title": "accident notes 20100201.pdf"
      },
      "dateTime": "2010-02-01"
    },
    {
      "linkId": 2,
      "contentAttachment": {
        "contentType": "application/pdf",
        "url": "http://happyvalley.com/docs/AB12345",
        "size": 104274,
        "hash": "SGVsbG8gdGhlcmU="
      },
      "dateTime": "2010-02-01T10:57:34+01:00"
    }
  ]
}