{
  "resourceType": "Questionnaire",
  "id": "qs1",
  "contained": [
    {
      "resourceType": "ValueSet",
      "id": "vs2",
      "identifier": "urn:uuid:e9ad2a9a-c7b0-45e4-a8ac-106c499fe66f",
      "name": "Type options for Supply.orderedItem",
      "description": "Type options for Supply.orderedItem",
      "status": "active",
      "expansion": {
        "timestamp": "2014-12-30T11:07:09+00:00",
        "contains": [
          {
            "system": "http://hl7.org/fhir/resource-types",
            "code": "Medication",
            "display": "Medication"
          },
          {
            "system": "http://hl7.org/fhir/resource-types",
            "code": "Substance",
            "display": "Substance"
          },
          {
            "system": "http://hl7.org/fhir/resource-types",
            "code": "Device",
            "display": "Device"
          }
        ]
      }
    },
    {
      "resourceType": "ValueSet",
      "id": "vs3",
      "identifier": "urn:uuid:642ed68c-91ce-4807-857f-c3e2c38c5211",
      "name": "Type options for Supply.dispense.suppliedItem",
      "description": "Type options for Supply.dispense.suppliedItem",
      "status": "active",
      "expansion": {
        "timestamp": "2014-12-30T11:07:09+00:00",
        "contains": [
          {
            "system": "http://hl7.org/fhir/resource-types",
            "code": "Medication",
            "display": "Medication"
          },
          {
            "system": "http://hl7.org/fhir/resource-types",
            "code": "Substance",
            "display": "Substance"
          },
          {
            "system": "http://hl7.org/fhir/resource-types",
            "code": "Device",
            "display": "Device"
          }
        ]
      }
    }
  ],
  "identifier": [
    {
      "system": "urn:ietf:rfc:3986"
    }
  ],
  "status": "draft",
  "date": "2014-12-30T10:55:31",
  "publisher": "HL7 FHIR Project (Orders and Observations)",
  "group": {
    "http://hl7.org/fhir/Profile/questionnaire-extensions#flyover": [
      {
        "valueString": "A supply - a  request for something, and provision of what is supplied."
      }
    ],
    "linkId": "Supply",
    "title": "A supply -  request and provision",
    "required": true,
    "group": [
      {
        "http://hl7.org/fhir/Profile/questionnaire-extensions#flyover": [
          {
            "valueString": "The logical id of the resource, as used in the url for the resoure. Once assigned, this value never changes. The only time that a resource does not have an id is when it is being submitted to the server using a create operation. Bundles always have an id, though it is usually a generated UUID."
          }
        ],
        "http://www.healthintersections.com.au/fhir/Profile/metadata#type": [
          {
            "valueString": "string"
          }
        ],
        "linkId": "Supply.id",
        "repeats": true,
        "question": [
          {
            "linkId": "Supply.id.value",
            "text": "Logical id of this artefact",
            "type": "string"
          }
        ]
      },
      {
        "http://hl7.org/fhir/Profile/questionnaire-extensions#flyover": [
          {
            "valueString": "The metadata about the resource. This is content that is maintained by the infrastructure. Changes to the content may not always be associated with version changes to the resource."
          }
        ],
        "linkId": "Supply.meta",
        "title": "Metadata about the resource",
        "group": [
          {
            "http://hl7.org/fhir/Profile/questionnaire-extensions#flyover": [
              {
                "valueString": "unique id for the element within a resource (for internal references)."
              }
            ],
            "http://www.healthintersections.com.au/fhir/Profile/metadata#type": [
              {
                "valueString": "string"
              }
            ],
            "linkId": "Supply.meta.id",
            "repeats": true,
            "question": [
              {
                "linkId": "Supply.meta.id.value",
                "text": "xml:id (or equivalent in JSON)",
                "type": "string"
              }
            ]
          },
          {
            "http://hl7.org/fhir/Profile/questionnaire-extensions#flyover": [
              {
                "valueString": "The version specific identifier, as it appears in the version portion of the url. This values changes when the resource is created, updated, or deleted. The server assigns this value, and ignores what the client specifies, except in the case that the server is imposing version integrity on updates/deletes."
              }
            ],
            "http://www.healthintersections.com.au/fhir/Profile/metadata#type": [
              {
                "valueString": "string"
              }
            ],
            "linkId": "Supply.meta.versionId",
            "repeats": true,
            "question": [
              {
                "linkId": "Supply.meta.versionId.value",
                "text": "Version specific identifier",
                "type": "string"
              }
            ]
          },
          {
            "http://hl7.org/fhir/Profile/questionnaire-extensions#flyover": [
              {
                "valueString": "When the resource last changed - e.g. when the version changed. This value is always populated except when the resource is first being created. The server / resource manager sets this value; what a client provides is irrelevant."
              }
            ],
            "http://www.healthintersections.com.au/fhir/Profile/metadata#type": [
              {
                "valueString": "instant"
              }
            ],
            "linkId": "Supply.meta.lastUpdated",
            "repeats": true,
            "question": [
              {
                "linkId": "Supply.meta.lastUpdated.value",
                "text": "When the resource version last changed",
                "type": "instant"
              }
            ]
          },
          {
            "http://hl7.org/fhir/Profile/questionnaire-extensions#flyover": [
              {
                "valueString": "A list of profiles that this resource claims to conform to. The URL is a reference to Profile.url. It is up to the server and/or other infrastruture of policy to determine whether/how these claims are verified and/or updated over tiem."
              }
            ],
            "http://www.healthintersections.com.au/fhir/Profile/metadata#type": [
              {
                "valueString": "uri"
              }
            ],
            "linkId": "Supply.meta.profile",
            "repeats": true,
            "question": [
              {
                "linkId": "Supply.meta.profile.value",
                "text": "Profiles this resource claims to conform to",
                "type": "string"
              }
            ]
          },
          {
            "http://hl7.org/fhir/Profile/questionnaire-extensions#flyover": [
              {
                "valueString": "Security labels applied to this resource. These tags connect specific resources to the overall security policy and infrastructure. The security labels can be updated without changing the stated version of the resource."
              }
            ],
            "http://www.healthintersections.com.au/fhir/Profile/metadata#type": [
              {
                "valueString": "Coding"
              }
            ],
            "linkId": "Supply.meta.security",
            "repeats": true,
            "question": [
              {
                "linkId": "Supply.meta.security.value",
                "text": "Security Labels applied to this resource",
                "type": "open-choice"
              }
            ]
          },
          {
            "http://hl7.org/fhir/Profile/questionnaire-extensions#flyover": [
              {
                "valueString": "Tags applied to this resource. Tags are intended to to be used to identify and relate resources to process and workflow, and applications are not required to consider the tags when interpreting the meaning of a resource. The tags can be updated without changing the stated version of the resource."
              }
            ],
            "http://www.healthintersections.com.au/fhir/Profile/metadata#type": [
              {
                "valueString": "Coding"
              }
            ],
            "linkId": "Supply.meta.tag",
            "repeats": true,
            "question": [
              {
                "linkId": "Supply.meta.tag.value",
                "text": "Tags applied",
                "type": "open-choice"
              }
            ]
          }
        ]
      },
      {
        "http://hl7.org/fhir/Profile/questionnaire-extensions#flyover": [
          {
            "valueString": "A reference to a set of rules that were followed when the resource was constructed, and which must be understood when processing the content. Asserting this rule set restricts the content to be only understood by a limited set of trading partners. This inherently limits the usefulness of the data in the long term. However the existing health eco-system is highly fractured, and not yet ready to define, collect, and exchange data in a generally computable sense. Wherever possible, implementers and/or specification writers should avoid using this element as much as possible."
          }
        ],
        "http://www.healthintersections.com.au/fhir/Profile/metadata#type": [
          {
            "valueString": "uri"
          }
        ],
        "linkId": "Supply.implicitRules",
        "repeats": true,
        "question": [
          {
            "linkId": "Supply.implicitRules.value",
            "text": "A set of rules under which this content was created",
            "type": "string"
          }
        ]
      },
      {
        "http://hl7.org/fhir/Profile/questionnaire-extensions#flyover": [
          {
            "valueString": "The base language in which the resource is written. Language is provided to support indexing and accessibility (typically, services such as text to speech use the language tag). The html language tag in the narrative applies  to the narrative. The language tag on the resource may be used to specify the language of other presentations generated from the data in the resource\n\nNot all the content has to be in the base language. The Resource.language should not be assumed to apply to the narrative automatically. If a language is specified, it should it also be specified on the div element in the html (see rules in HTML5 for information about the relationship between xml:lang and the html lang attribute)."
          }
        ],
        "http://www.healthintersections.com.au/fhir/Profile/metadata#type": [
          {
            "valueString": "code"
          }
        ],
        "linkId": "Supply.language",
        "repeats": true,
        "question": [
          {
            "linkId": "Supply.language.value",
            "text": "language",
            "type": "choice"
          }
        ]
      },
      {
        "http://hl7.org/fhir/Profile/questionnaire-extensions#flyover": [
          {
            "valueString": "A human-readable narrative that contains a summary of the resource, and may be used to represent the content of the resource to a human. The narrative need not encode all the structured data, but is required to contain sufficient detail to make it \"clinically safe\" for a human to just read the narrative. Resource definitions may define what content should be represented in the narrative to ensure clinical safety. Contained resources do not have narrative. Resources that are not contained SHOULD have a narrative."
          }
        ],
        "linkId": "Supply.text",
        "text": "Text summary of the resource, for human interpretation",
        "repeats": true
      },
      {
        "http://hl7.org/fhir/Profile/questionnaire-extensions#flyover": [
          {
            "valueString": "These resources do not have an independent existence apart from the resource that contains them - they cannot be identified independently, and nor can they have their own independent transaction scope. This should never be done when the content can be identified properly, as once identification is lost, it is extremely difficult (and context dependent) to restore it again."
          }
        ],
        "linkId": "Supply.contained",
        "text": "Contained, inline Resources",
        "repeats": true
      },
      {
        "http://hl7.org/fhir/Profile/questionnaire-extensions#flyover": [
          {
            "valueString": "Category of supply, e.g.  central, non-stock, etc. This is used to support work flows associated with the supply process."
          }
        ],
        "http://www.healthintersections.com.au/fhir/Profile/metadata#type": [
          {
            "valueString": "CodeableConcept"
          }
        ],
        "linkId": "Supply.kind",
        "text": "The kind of supply (central, non-stock, etc)",
        "repeats": true,
        "question": [
          {
            "linkId": "Supply.kind.coding",
            "text": "code:",
            "type": "open-choice"
          },
          {
            "linkId": "Supply.kind.text",
            "text": "text:",
            "type": "string"
          }
        ]
      },
      {
        "http://hl7.org/fhir/Profile/questionnaire-extensions#flyover": [
          {
            "valueString": "Unique identifier for this supply request. This is assigned by the orderer, and used to refer to this order in other external standards."
          }
        ],
        "http://www.healthintersections.com.au/fhir/Profile/metadata#type": [
          {
            "valueString": "Identifier"
          }
        ],
        "linkId": "Supply.identifier",
        "text": "Unique identifier",
        "repeats": true,
        "question": [
          {
            "linkId": "Supply.identifier.label",
            "text": "label:",
            "type": "string"
          },
          {
            "linkId": "Supply.identifier.system",
            "text": "system:",
            "type": "string"
          },
          {
            "linkId": "Supply.identifier.value",
            "text": "value:",
            "type": "string"
          }
        ]
      },
      {
        "http://hl7.org/fhir/Profile/questionnaire-extensions#flyover": [
          {
            "valueString": "Status of the supply request."
          }
        ],
        "http://www.healthintersections.com.au/fhir/Profile/metadata#type": [
          {
            "valueString": "code"
          }
        ],
        "linkId": "Supply.status",
        "repeats": true,
        "question": [
          {
            "linkId": "Supply.status.value",
            "text": "status",
            "type": "choice"
          }
        ]
      },
      {
        "http://hl7.org/fhir/Profile/questionnaire-extensions#flyover": [
          {
            "valueString": "The item that is requested to be supplied. Note that there's a difference between a prescription - an instruction to take a medication, along with a (sometimes) implicit supply, and an explicit request to supply, with no explicit instructions."
          }
        ],
        "linkId": "Supply.orderedItem",
        "text": "Medication, Substance, or Device requested to be supplied",
        "repeats": true,
        "question": [
          {
            "linkId": "Supply.orderedItem._type",
            "text": "type",
            "type": "choice",
            "options": {
              "reference": "#vs2"
            },
            "group": [
              {
                "http://www.healthintersections.com.au/fhir/Profile/metadata#type": [
                  {
                    "valueString": "Reference"
                  }
                ],
                "linkId": "Supply.orderedItem._Medication",
                "question": [
                  {
                    "http://www.healthintersections.com.au/fhir/Profile/metadata#reference": [
                      {
                        "valueString": "/Medication?subject=$subj&patient=$subj&encounter=$encounter"
                      }
                    ],
                    "linkId": "Supply.orderedItem._Medication.value",
                    "text": "Medication",
                    "type": "reference"
                  }
                ]
              },
              {
                "http://www.healthintersections.com.au/fhir/Profile/metadata#type": [
                  {
                    "valueString": "Reference"
                  }
                ],
                "linkId": "Supply.orderedItem._Substance",
                "question": [
                  {
                    "http://www.healthintersections.com.au/fhir/Profile/metadata#reference": [
                      {
                        "valueString": "/Substance?subject=$subj&patient=$subj&encounter=$encounter"
                      }
                    ],
                    "linkId": "Supply.orderedItem._Substance.value",
                    "text": "Substance",
                    "type": "reference"
                  }
                ]
              },
              {
                "http://www.healthintersections.com.au/fhir/Profile/metadata#type": [
                  {
                    "valueString": "Reference"
                  }
                ],
                "linkId": "Supply.orderedItem._Device",
                "question": [
                  {
                    "http://www.healthintersections.com.au/fhir/Profile/metadata#reference": [
                      {
                        "valueString": "/Device?subject=$subj&patient=$subj&encounter=$encounter"
                      }
                    ],
                    "linkId": "Supply.orderedItem._Device.value",
                    "text": "Device",
                    "type": "reference"
                  }
                ]
              }
            ]
          }
        ]
      },
      {
        "http://hl7.org/fhir/Profile/questionnaire-extensions#flyover": [
          {
            "valueString": "A link to a resource representing the person whom the ordered item is for."
          }
        ],
        "http://www.healthintersections.com.au/fhir/Profile/metadata#type": [
          {
            "valueString": "Reference"
          }
        ],
        "linkId": "Supply.patient",
        "repeats": true,
        "question": [
          {
            "http://www.healthintersections.com.au/fhir/Profile/metadata#reference": [
              {
                "valueString": "/Patient?subject=$subj&patient=$subj&encounter=$encounter"
              }
            ],
            "linkId": "Supply.patient.value",
            "text": "Patient for whom the item is supplied",
            "type": "reference"
          }
        ]
      },
      {
        "http://hl7.org/fhir/Profile/questionnaire-extensions#flyover": [
          {
            "valueString": "Indicates the details of the dispense event such as the days supply and quantity of a supply dispensed."
          }
        ],
        "linkId": "Supply.dispense",
        "title": "Supply details",
        "repeats": true,
        "group": [
          {
            "http://hl7.org/fhir/Profile/questionnaire-extensions#flyover": [
              {
                "valueString": "unique id for the element within a resource (for internal references)."
              }
            ],
            "http://www.healthintersections.com.au/fhir/Profile/metadata#type": [
              {
                "valueString": "string"
              }
            ],
            "linkId": "Supply.dispense.id",
            "repeats": true,
            "question": [
              {
                "linkId": "Supply.dispense.id.value",
                "text": "xml:id (or equivalent in JSON)",
                "type": "string"
              }
            ]
          },
          {
            "http://hl7.org/fhir/Profile/questionnaire-extensions#flyover": [
              {
                "valueString": "Identifier assigned by the dispensing facility when the item(s) is dispensed. This is assigned by the dispenser, and used to refer to this order in other external standards."
              }
            ],
            "http://www.healthintersections.com.au/fhir/Profile/metadata#type": [
              {
                "valueString": "Identifier"
              }
            ],
            "linkId": "Supply.dispense.identifier",
            "text": "External identifier",
            "repeats": true,
            "question": [
              {
                "linkId": "Supply.dispense.identifier.label",
                "text": "label:",
                "type": "string"
              },
              {
                "linkId": "Supply.dispense.identifier.system",
                "text": "system:",
                "type": "string"
              },
              {
                "linkId": "Supply.dispense.identifier.value",
                "text": "value:",
                "type": "string"
              }
            ]
          },
          {
            "http://hl7.org/fhir/Profile/questionnaire-extensions#flyover": [
              {
                "valueString": "A code specifying the state of the dispense event."
              }
            ],
            "http://www.healthintersections.com.au/fhir/Profile/metadata#type": [
              {
                "valueString": "code"
              }
            ],
            "linkId": "Supply.dispense.status",
            "repeats": true,
            "question": [
              {
                "linkId": "Supply.dispense.status.value",
                "text": "status",
                "type": "choice"
              }
            ]
          },
          {
            "http://hl7.org/fhir/Profile/questionnaire-extensions#flyover": [
              {
                "valueString": "Indicates the type of dispensing event that is performed. Examples include: Trial Fill, Completion of Trial, Partial Fill, Emergency Fill, Samples, etc."
              }
            ],
            "http://www.healthintersections.com.au/fhir/Profile/metadata#type": [
              {
                "valueString": "CodeableConcept"
              }
            ],
            "linkId": "Supply.dispense.type",
            "text": "Category of dispense event",
            "repeats": true,
            "question": [
              {
                "linkId": "Supply.dispense.type.coding",
                "text": "code:",
                "type": "open-choice"
              },
              {
                "linkId": "Supply.dispense.type.text",
                "text": "text:",
                "type": "string"
              }
            ]
          },
          {
            "http://hl7.org/fhir/Profile/questionnaire-extensions#flyover": [
              {
                "valueString": "The amount of supply that has been dispensed. Includes unit of measure."
              }
            ],
            "http://www.healthintersections.com.au/fhir/Profile/metadata#type": [
              {
                "valueString": "Quantity"
              }
            ],
            "linkId": "Supply.dispense.quantity",
            "text": "Amount dispensed",
            "repeats": true,
            "question": [
              {
                "linkId": "Supply.dispense.quantity.comparator",
                "text": "comp:",
                "type": "choice"
              },
              {
                "linkId": "Supply.dispense.quantity.value",
                "text": "value:",
                "type": "decimal"
              },
              {
                "linkId": "Supply.dispense.quantity.units",
                "text": "units:",
                "type": "string"
              },
              {
                "linkId": "Supply.dispense.quantity.code",
                "text": "coded units:",
                "type": "string"
              },
              {
                "linkId": "Supply.dispense.quantity.system",
                "text": "units system:",
                "type": "string"
              }
            ]
          },
          {
            "http://hl7.org/fhir/Profile/questionnaire-extensions#flyover": [
              {
                "valueString": "Identifies the medication or substance or device being dispensed. This is either a link to a resource representing the details of the item or a simple attribute carrying a code that identifies the item from a known list."
              }
            ],
            "linkId": "Supply.dispense.suppliedItem",
            "text": "Medication, Substance, or Device supplied",
            "repeats": true,
            "question": [
              {
                "linkId": "Supply.dispense.suppliedItem._type",
                "text": "type",
                "type": "choice",
                "options": {
                  "reference": "#vs3"
                },
                "group": [
                  {
                    "http://www.healthintersections.com.au/fhir/Profile/metadata#type": [
                      {
                        "valueString": "Reference"
                      }
                    ],
                    "linkId": "Supply.dispense.suppliedItem._Medication",
                    "question": [
                      {
                        "http://www.healthintersections.com.au/fhir/Profile/metadata#reference": [
                          {
                            "valueString": "/Medication?subject=$subj&patient=$subj&encounter=$encounter"
                          }
                        ],
                        "linkId": "Supply.dispense.suppliedItem._Medication.value",
                        "text": "Medication",
                        "type": "reference"
                      }
                    ]
                  },
                  {
                    "http://www.healthintersections.com.au/fhir/Profile/metadata#type": [
                      {
                        "valueString": "Reference"
                      }
                    ],
                    "linkId": "Supply.dispense.suppliedItem._Substance",
                    "question": [
                      {
                        "http://www.healthintersections.com.au/fhir/Profile/metadata#reference": [
                          {
                            "valueString": "/Substance?subject=$subj&patient=$subj&encounter=$encounter"
                          }
                        ],
                        "linkId": "Supply.dispense.suppliedItem._Substance.value",
                        "text": "Substance",
                        "type": "reference"
                      }
                    ]
                  },
                  {
                    "http://www.healthintersections.com.au/fhir/Profile/metadata#type": [
                      {
                        "valueString": "Reference"
                      }
                    ],
                    "linkId": "Supply.dispense.suppliedItem._Device",
                    "question": [
                      {
                        "http://www.healthintersections.com.au/fhir/Profile/metadata#reference": [
                          {
                            "valueString": "/Device?subject=$subj&patient=$subj&encounter=$encounter"
                          }
                        ],
                        "linkId": "Supply.dispense.suppliedItem._Device.value",
                        "text": "Device",
                        "type": "reference"
                      }
                    ]
                  }
                ]
              }
            ]
          },
          {
            "http://hl7.org/fhir/Profile/questionnaire-extensions#flyover": [
              {
                "valueString": "The individual responsible for dispensing the medication, supplier or device."
              }
            ],
            "http://www.healthintersections.com.au/fhir/Profile/metadata#type": [
              {
                "valueString": "Reference"
              }
            ],
            "linkId": "Supply.dispense.supplier",
            "repeats": true,
            "question": [
              {
                "http://www.healthintersections.com.au/fhir/Profile/metadata#reference": [
                  {
                    "valueString": "/Practitioner?subject=$subj&patient=$subj&encounter=$encounter"
                  }
                ],
                "linkId": "Supply.dispense.supplier.value",
                "text": "Dispenser",
                "type": "reference"
              }
            ]
          },
          {
            "http://hl7.org/fhir/Profile/questionnaire-extensions#flyover": [
              {
                "valueString": "The time the dispense event occurred."
              }
            ],
            "http://www.healthintersections.com.au/fhir/Profile/metadata#type": [
              {
                "valueString": "Period"
              }
            ],
            "linkId": "Supply.dispense.whenPrepared",
            "text": "Dispensing time",
            "repeats": true,
            "question": [
              {
                "linkId": "Supply.dispense.whenPrepared.low",
                "text": "start:",
                "type": "dateTime"
              },
              {
                "linkId": "Supply.dispense.whenPrepared.end",
                "text": "end:",
                "type": "dateTime"
              }
            ]
          },
          {
            "http://hl7.org/fhir/Profile/questionnaire-extensions#flyover": [
              {
                "valueString": "The time the dispensed item was sent or handed to the patient (or agent)."
              }
            ],
            "http://www.healthintersections.com.au/fhir/Profile/metadata#type": [
              {
                "valueString": "Period"
              }
            ],
            "linkId": "Supply.dispense.whenHandedOver",
            "text": "Handover time",
            "repeats": true,
            "question": [
              {
                "linkId": "Supply.dispense.whenHandedOver.low",
                "text": "start:",
                "type": "dateTime"
              },
              {
                "linkId": "Supply.dispense.whenHandedOver.end",
                "text": "end:",
                "type": "dateTime"
              }
            ]
          },
          {
            "http://hl7.org/fhir/Profile/questionnaire-extensions#flyover": [
              {
                "valueString": "Identification of the facility/location where the Supply was shipped to, as part of the dispense event."
              }
            ],
            "http://www.healthintersections.com.au/fhir/Profile/metadata#type": [
              {
                "valueString": "Reference"
              }
            ],
            "linkId": "Supply.dispense.destination",
            "repeats": true,
            "question": [
              {
                "http://www.healthintersections.com.au/fhir/Profile/metadata#reference": [
                  {
                    "valueString": "/Location?subject=$subj&patient=$subj&encounter=$encounter"
                  }
                ],
                "linkId": "Supply.dispense.destination.value",
                "text": "Where the Supply was sent",
                "type": "reference"
              }
            ]
          },
          {
            "http://hl7.org/fhir/Profile/questionnaire-extensions#flyover": [
              {
                "valueString": "Identifies the person who picked up the Supply."
              }
            ],
            "http://www.healthintersections.com.au/fhir/Profile/metadata#type": [
              {
                "valueString": "Reference"
              }
            ],
            "linkId": "Supply.dispense.receiver",
            "repeats": true,
            "question": [
              {
                "http://www.healthintersections.com.au/fhir/Profile/metadata#reference": [
                  {
                    "valueString": "/Practitioner?subject=$subj&patient=$subj&encounter=$encounter"
                  }
                ],
                "linkId": "Supply.dispense.receiver.value",
                "text": "Who collected the Supply",
                "type": "reference"
              }
            ]
          }
        ]
      }
    ]
  }
}