{"dateWritten":"2014-06-15","dispense":[{"add":1.75,"axis":160,"backCurve":8.7,"brand":"OphthaGuard","color":"green","cylinder":-2.25,"diameter":14.0,"duration":{"code":"month","system":"http://unitsofmeasure.org","units":"month","value":1},"eye":"right","power":-2.75,"product":{"code":"contact","system":"http://hl7.org/fhir/ex-visionprescriptionproduct"}},{"add":1.75,"axis":160,"backCurve":8.7,"brand":"OphthaGuard","color":"green","cylinder":-3.50,"diameter":14.0,"duration":{"code":"month","system":"http://unitsofmeasure.org","units":"month","value":1},"eye":"left","power":-2.75,"product":{"code":"contact","system":"http://hl7.org/fhir/ex-visionprescriptionproduct"}}],"id":"33124","identifier":[{"system":"http://www.happysight.com/prescription","value":"15014"}],"patient":{"reference":"Patient/example"},"prescriber":{"reference":"Practitioner/example"},"resourceType":"VisionPrescription","text":{"div":"<div>Sample Contract Lens prescription</div>","status":"generated"}}