{"coverage":[{"coverage":{"reference":"Coverage/9876B1"},"focal":true,"relationship":{"code":"self"},"sequence":1}],"created":"2014-08-16","diagnosis":[{"diagnosis":{"code":"654321"},"sequence":1}],"id":"660150","identifier":[{"system":"http://happysight.com/claims","value":"6612345"}],"item":[{"net":{"code":"USD","system":"urn:std:iso:4217","value":80.00},"provider":{"reference":"Practitioner/1"},"sequence":1,"service":{"code":"exam","system":"http://hl7.org/fhir/ex-visionservice"},"serviceDate":"2014-08-16","type":{"code":"service"},"unitPrice":{"code":"USD","system":"urn:std:iso:4217","value":80.00}}],"organization":{"reference":"Organization/1"},"patient":{"reference":"Patient/1"},"payee":{"type":{"code":"provider"}},"priority":{"code":"normal"},"resourceType":"VisionClaim","target":{"reference":"Organization/2"},"text":{"div":"<div>A human-readable rendering of the Vision Claim</div>","status":"generated"},"use":"complete"}