<?xml version="1.0" encoding="UTF-8"?>

<Questionnaire xmlns="http://hl7.org/fhir">
  <id value="qs1"/>
  <identifier>
    <system value="urn:ietf:rfc:3986"/>
  </identifier>
  <status value="draft"/>
  <date value="2014-12-30T10:55:31"/>
  <publisher value="HL7 FHIR Project (Financial Management)"/>
  <group>
    <extension url="http://hl7.org/fhir/Profile/questionnaire-extensions#flyover">
      <valueString value="A provider issued list of services and products provided, or to be provided, to a patient which is provided to an insurer for payment recovery."/>
    </extension>
    <linkId value="VisionClaim"/>
    <title value="Claim, Pre-determination or Preauthorization"/>
    <required value="true"/>
    <group>
      <extension url="http://hl7.org/fhir/Profile/questionnaire-extensions#flyover">
        <valueString value="The logical id of the resource, as used in the url for the resoure. Once assigned, this value never changes. The only time that a resource does not have an id is when it is being submitted to the server using a create operation. Bundles always have an id, though it is usually a generated UUID."/>
      </extension>
      <extension url="http://www.healthintersections.com.au/fhir/Profile/metadata#type">
        <valueString value="string"/>
      </extension>
      <linkId value="VisionClaim.id"/>
      <repeats value="true"/>
      <question>
        <linkId value="VisionClaim.id.value"/>
        <text value="Logical id of this artefact"/>
        <type value="string"/>
      </question>
    </group>
    <group>
      <extension url="http://hl7.org/fhir/Profile/questionnaire-extensions#flyover">
        <valueString value="The metadata about the resource. This is content that is maintained by the infrastructure. Changes to the content may not always be associated with version changes to the resource."/>
      </extension>
      <linkId value="VisionClaim.meta"/>
      <title value="Metadata about the resource"/>
      <group>
        <extension url="http://hl7.org/fhir/Profile/questionnaire-extensions#flyover">
          <valueString value="unique id for the element within a resource (for internal references)."/>
        </extension>
        <extension url="http://www.healthintersections.com.au/fhir/Profile/metadata#type">
          <valueString value="string"/>
        </extension>
        <linkId value="VisionClaim.meta.id"/>
        <repeats value="true"/>
        <question>
          <linkId value="VisionClaim.meta.id.value"/>
          <text value="xml:id (or equivalent in JSON)"/>
          <type value="string"/>
        </question>
      </group>
      <group>
        <extension url="http://hl7.org/fhir/Profile/questionnaire-extensions#flyover">
          <valueString value="The version specific identifier, as it appears in the version portion of the url. This values changes when the resource is created, updated, or deleted. The server assigns this value, and ignores what the client specifies, except in the case that the server is imposing version integrity on updates/deletes."/>
        </extension>
        <extension url="http://www.healthintersections.com.au/fhir/Profile/metadata#type">
          <valueString value="string"/>
        </extension>
        <linkId value="VisionClaim.meta.versionId"/>
        <repeats value="true"/>
        <question>
          <linkId value="VisionClaim.meta.versionId.value"/>
          <text value="Version specific identifier"/>
          <type value="string"/>
        </question>
      </group>
      <group>
        <extension url="http://hl7.org/fhir/Profile/questionnaire-extensions#flyover">
          <valueString value="When the resource last changed - e.g. when the version changed. This value is always populated except when the resource is first being created. The server / resource manager sets this value; what a client provides is irrelevant."/>
        </extension>
        <extension url="http://www.healthintersections.com.au/fhir/Profile/metadata#type">
          <valueString value="instant"/>
        </extension>
        <linkId value="VisionClaim.meta.lastUpdated"/>
        <repeats value="true"/>
        <question>
          <linkId value="VisionClaim.meta.lastUpdated.value"/>
          <text value="When the resource version last changed"/>
          <type value="instant"/>
        </question>
      </group>
      <group>
        <extension url="http://hl7.org/fhir/Profile/questionnaire-extensions#flyover">
          <valueString value="A list of profiles that this resource claims to conform to. The URL is a reference to Profile.url. It is up to the server and/or other infrastruture of policy to determine whether/how these claims are verified and/or updated over tiem."/>
        </extension>
        <extension url="http://www.healthintersections.com.au/fhir/Profile/metadata#type">
          <valueString value="uri"/>
        </extension>
        <linkId value="VisionClaim.meta.profile"/>
        <repeats value="true"/>
        <question>
          <linkId value="VisionClaim.meta.profile.value"/>
          <text value="Profiles this resource claims to conform to"/>
          <type value="string"/>
        </question>
      </group>
      <group>
        <extension url="http://hl7.org/fhir/Profile/questionnaire-extensions#flyover">
          <valueString value="Security labels applied to this resource. These tags connect specific resources to the overall security policy and infrastructure. The security labels can be updated without changing the stated version of the resource."/>
        </extension>
        <extension url="http://www.healthintersections.com.au/fhir/Profile/metadata#type">
          <valueString value="Coding"/>
        </extension>
        <linkId value="VisionClaim.meta.security"/>
        <repeats value="true"/>
        <question>
          <linkId value="VisionClaim.meta.security.value"/>
          <text value="Security Labels applied to this resource"/>
          <type value="open-choice"/>
        </question>
      </group>
      <group>
        <extension url="http://hl7.org/fhir/Profile/questionnaire-extensions#flyover">
          <valueString value="Tags applied to this resource. Tags are intended to to be used to identify and relate resources to process and workflow, and applications are not required to consider the tags when interpreting the meaning of a resource. The tags can be updated without changing the stated version of the resource."/>
        </extension>
        <extension url="http://www.healthintersections.com.au/fhir/Profile/metadata#type">
          <valueString value="Coding"/>
        </extension>
        <linkId value="VisionClaim.meta.tag"/>
        <repeats value="true"/>
        <question>
          <linkId value="VisionClaim.meta.tag.value"/>
          <text value="Tags applied"/>
          <type value="open-choice"/>
        </question>
      </group>
    </group>
    <group>
      <extension url="http://hl7.org/fhir/Profile/questionnaire-extensions#flyover">
        <valueString value="A reference to a set of rules that were followed when the resource was constructed, and which must be understood when processing the content. Asserting this rule set restricts the content to be only understood by a limited set of trading partners. This inherently limits the usefulness of the data in the long term. However the existing health eco-system is highly fractured, and not yet ready to define, collect, and exchange data in a generally computable sense. Wherever possible, implementers and/or specification writers should avoid using this element as much as possible."/>
      </extension>
      <extension url="http://www.healthintersections.com.au/fhir/Profile/metadata#type">
        <valueString value="uri"/>
      </extension>
      <linkId value="VisionClaim.implicitRules"/>
      <repeats value="true"/>
      <question>
        <linkId value="VisionClaim.implicitRules.value"/>
        <text value="A set of rules under which this content was created"/>
        <type value="string"/>
      </question>
    </group>
    <group>
      <extension url="http://hl7.org/fhir/Profile/questionnaire-extensions#flyover">
        <valueString value="The base language in which the resource is written. Language is provided to support indexing and accessibility (typically, services such as text to speech use the language tag). The html language tag in the narrative applies  to the narrative. The language tag on the resource may be used to specify the language of other presentations generated from the data in the resource

Not all the content has to be in the base language. The Resource.language should not be assumed to apply to the narrative automatically. If a language is specified, it should it also be specified on the div element in the html (see rules in HTML5 for information about the relationship between xml:lang and the html lang attribute)."/>
      </extension>
      <extension url="http://www.healthintersections.com.au/fhir/Profile/metadata#type">
        <valueString value="code"/>
      </extension>
      <linkId value="VisionClaim.language"/>
      <repeats value="true"/>
      <question>
        <linkId value="VisionClaim.language.value"/>
        <text value="language"/>
        <type value="choice"/>
      </question>
    </group>
    <group>
      <extension url="http://hl7.org/fhir/Profile/questionnaire-extensions#flyover">
        <valueString value="A human-readable narrative that contains a summary of the resource, and may be used to represent the content of the resource to a human. The narrative need not encode all the structured data, but is required to contain sufficient detail to make it &quot;clinically safe&quot; for a human to just read the narrative. Resource definitions may define what content should be represented in the narrative to ensure clinical safety. Contained resources do not have narrative. Resources that are not contained SHOULD have a narrative."/>
      </extension>
      <linkId value="VisionClaim.text"/>
      <text value="Text summary of the resource, for human interpretation"/>
      <repeats value="true"/>
    </group>
    <group>
      <extension url="http://hl7.org/fhir/Profile/questionnaire-extensions#flyover">
        <valueString value="These resources do not have an independent existence apart from the resource that contains them - they cannot be identified independently, and nor can they have their own independent transaction scope. This should never be done when the content can be identified properly, as once identification is lost, it is extremely difficult (and context dependent) to restore it again."/>
      </extension>
      <linkId value="VisionClaim.contained"/>
      <text value="Contained, inline Resources"/>
      <repeats value="true"/>
    </group>
    <group>
      <extension url="http://hl7.org/fhir/Profile/questionnaire-extensions#flyover">
        <valueString value="The business identifier for the instance: invoice number, claim number, pre-determination or pre-authorization number."/>
      </extension>
      <extension url="http://www.healthintersections.com.au/fhir/Profile/metadata#type">
        <valueString value="Identifier"/>
      </extension>
      <linkId value="VisionClaim.identifier"/>
      <text value="Claim number"/>
      <repeats value="true"/>
      <question>
        <linkId value="VisionClaim.identifier.label"/>
        <text value="label:"/>
        <type value="string"/>
      </question>
      <question>
        <linkId value="VisionClaim.identifier.system"/>
        <text value="system:"/>
        <type value="string"/>
      </question>
      <question>
        <linkId value="VisionClaim.identifier.value"/>
        <text value="value:"/>
        <type value="string"/>
      </question>
    </group>
    <group>
      <extension url="http://hl7.org/fhir/Profile/questionnaire-extensions#flyover">
        <valueString value="The version of the specification on which this instance relies. This is the version of the specification on which this instance relies."/>
      </extension>
      <extension url="http://www.healthintersections.com.au/fhir/Profile/metadata#type">
        <valueString value="Coding"/>
      </extension>
      <linkId value="VisionClaim.ruleset"/>
      <repeats value="true"/>
      <question>
        <linkId value="VisionClaim.ruleset.value"/>
        <text value="Current specification followed"/>
        <type value="open-choice"/>
      </question>
    </group>
    <group>
      <extension url="http://hl7.org/fhir/Profile/questionnaire-extensions#flyover">
        <valueString value="The version of the specification from which the original instance was created. This is the version of the specification on which the original instance relied (was create)."/>
      </extension>
      <extension url="http://www.healthintersections.com.au/fhir/Profile/metadata#type">
        <valueString value="Coding"/>
      </extension>
      <linkId value="VisionClaim.originalRuleset"/>
      <repeats value="true"/>
      <question>
        <linkId value="VisionClaim.originalRuleset.value"/>
        <text value="Original specification followed"/>
        <type value="open-choice"/>
      </question>
    </group>
    <group>
      <extension url="http://hl7.org/fhir/Profile/questionnaire-extensions#flyover">
        <valueString value="The date when the enclosed suite of services were performed or completed."/>
      </extension>
      <extension url="http://www.healthintersections.com.au/fhir/Profile/metadata#type">
        <valueString value="datetime"/>
      </extension>
      <linkId value="VisionClaim.created"/>
      <repeats value="true"/>
      <question>
        <linkId value="VisionClaim.created.value"/>
        <text value="Creation date"/>
        <type value="dateTime"/>
      </question>
    </group>
    <group>
      <extension url="http://hl7.org/fhir/Profile/questionnaire-extensions#flyover">
        <valueString value="Insurer Identifier, typical BIN number (6 digit)."/>
      </extension>
      <extension url="http://www.healthintersections.com.au/fhir/Profile/metadata#type">
        <valueString value="Reference"/>
      </extension>
      <linkId value="VisionClaim.target"/>
      <repeats value="true"/>
      <question>
        <extension url="http://www.healthintersections.com.au/fhir/Profile/metadata#reference">
          <valueString value="/Organization?subject=$subj&amp;patient=$subj&amp;encounter=$encounter"/>
        </extension>
        <linkId value="VisionClaim.target.value"/>
        <text value="Insurer"/>
        <type value="reference"/>
      </question>
    </group>
    <group>
      <extension url="http://hl7.org/fhir/Profile/questionnaire-extensions#flyover">
        <valueString value="The provider which is responsible for the bill, claim pre-determination, pre-authorization."/>
      </extension>
      <extension url="http://www.healthintersections.com.au/fhir/Profile/metadata#type">
        <valueString value="Reference"/>
      </extension>
      <linkId value="VisionClaim.provider"/>
      <repeats value="true"/>
      <question>
        <extension url="http://www.healthintersections.com.au/fhir/Profile/metadata#reference">
          <valueString value="/Practitioner?subject=$subj&amp;patient=$subj&amp;encounter=$encounter"/>
        </extension>
        <linkId value="VisionClaim.provider.value"/>
        <text value="Responsible provider"/>
        <type value="reference"/>
      </question>
    </group>
    <group>
      <extension url="http://hl7.org/fhir/Profile/questionnaire-extensions#flyover">
        <valueString value="The organization which is responsible for the bill, claim pre-determination, pre-authorization."/>
      </extension>
      <extension url="http://www.healthintersections.com.au/fhir/Profile/metadata#type">
        <valueString value="Reference"/>
      </extension>
      <linkId value="VisionClaim.organization"/>
      <repeats value="true"/>
      <question>
        <extension url="http://www.healthintersections.com.au/fhir/Profile/metadata#reference">
          <valueString value="/Organization?subject=$subj&amp;patient=$subj&amp;encounter=$encounter"/>
        </extension>
        <linkId value="VisionClaim.organization.value"/>
        <text value="Responsible organization"/>
        <type value="reference"/>
      </question>
    </group>
    <group>
      <extension url="http://hl7.org/fhir/Profile/questionnaire-extensions#flyover">
        <valueString value="Complete (Bill or Claim), Proposed (Pre-Authorization), Exploratory (Pre-determination)."/>
      </extension>
      <extension url="http://www.healthintersections.com.au/fhir/Profile/metadata#type">
        <valueString value="code"/>
      </extension>
      <linkId value="VisionClaim.use"/>
      <repeats value="true"/>
      <question>
        <linkId value="VisionClaim.use.value"/>
        <text value="use"/>
        <type value="choice"/>
      </question>
    </group>
    <group>
      <extension url="http://hl7.org/fhir/Profile/questionnaire-extensions#flyover">
        <valueString value="Immediate (STAT), best effort (NORMAL), deferred (DEFER)."/>
      </extension>
      <extension url="http://www.healthintersections.com.au/fhir/Profile/metadata#type">
        <valueString value="Coding"/>
      </extension>
      <linkId value="VisionClaim.priority"/>
      <repeats value="true"/>
      <question>
        <linkId value="VisionClaim.priority.value"/>
        <text value="Desired processing priority"/>
        <type value="open-choice"/>
      </question>
    </group>
    <group>
      <extension url="http://hl7.org/fhir/Profile/questionnaire-extensions#flyover">
        <valueString value="In the case of a Pre-Determination/Pre-Authorization the provider may request that funds in the amount of the expected Benefit be reserved (&#39;Patient&#39; or &#39;Provider&#39;) to pay for the Benefits determined on the subsequent claim(s). &#39;None&#39; explicitly indicates no funds reserving is requested."/>
      </extension>
      <extension url="http://www.healthintersections.com.au/fhir/Profile/metadata#type">
        <valueString value="Coding"/>
      </extension>
      <linkId value="VisionClaim.fundsReserve"/>
      <repeats value="true"/>
      <question>
        <linkId value="VisionClaim.fundsReserve.value"/>
        <text value="Funds requested to be reserved"/>
        <type value="open-choice"/>
      </question>
    </group>
    <group>
      <extension url="http://hl7.org/fhir/Profile/questionnaire-extensions#flyover">
        <valueString value="Person who created the invoice/claim/pre-determination or pre-authorization."/>
      </extension>
      <extension url="http://www.healthintersections.com.au/fhir/Profile/metadata#type">
        <valueString value="Reference"/>
      </extension>
      <linkId value="VisionClaim.enterer"/>
      <repeats value="true"/>
      <question>
        <extension url="http://www.healthintersections.com.au/fhir/Profile/metadata#reference">
          <valueString value="/Practitioner?subject=$subj&amp;patient=$subj&amp;encounter=$encounter"/>
        </extension>
        <linkId value="VisionClaim.enterer.value"/>
        <text value="Author"/>
        <type value="reference"/>
      </question>
    </group>
    <group>
      <extension url="http://hl7.org/fhir/Profile/questionnaire-extensions#flyover">
        <valueString value="Facility where the services were provided."/>
      </extension>
      <extension url="http://www.healthintersections.com.au/fhir/Profile/metadata#type">
        <valueString value="Reference"/>
      </extension>
      <linkId value="VisionClaim.facility"/>
      <repeats value="true"/>
      <question>
        <extension url="http://www.healthintersections.com.au/fhir/Profile/metadata#reference">
          <valueString value="/Location?subject=$subj&amp;patient=$subj&amp;encounter=$encounter"/>
        </extension>
        <linkId value="VisionClaim.facility.value"/>
        <text value="Servicing Facility"/>
        <type value="reference"/>
      </question>
    </group>
    <group>
      <extension url="http://hl7.org/fhir/Profile/questionnaire-extensions#flyover">
        <valueString value="Prescription to support the dispensing of glasses or contact lenses."/>
      </extension>
      <extension url="http://www.healthintersections.com.au/fhir/Profile/metadata#type">
        <valueString value="Reference"/>
      </extension>
      <linkId value="VisionClaim.prescription"/>
      <repeats value="true"/>
      <question>
        <extension url="http://www.healthintersections.com.au/fhir/Profile/metadata#reference">
          <valueString value="/VisionPrescription?subject=$subj&amp;patient=$subj&amp;encounter=$encounter"/>
        </extension>
        <linkId value="VisionClaim.prescription.value"/>
        <text value="Prescription"/>
        <type value="reference"/>
      </question>
    </group>
    <group>
      <extension url="http://hl7.org/fhir/Profile/questionnaire-extensions#flyover">
        <valueString value="The party to be reimbursed for the services."/>
      </extension>
      <linkId value="VisionClaim.payee"/>
      <title value="Payee"/>
      <group>
        <extension url="http://hl7.org/fhir/Profile/questionnaire-extensions#flyover">
          <valueString value="unique id for the element within a resource (for internal references)."/>
        </extension>
        <extension url="http://www.healthintersections.com.au/fhir/Profile/metadata#type">
          <valueString value="string"/>
        </extension>
        <linkId value="VisionClaim.payee.id"/>
        <repeats value="true"/>
        <question>
          <linkId value="VisionClaim.payee.id.value"/>
          <text value="xml:id (or equivalent in JSON)"/>
          <type value="string"/>
        </question>
      </group>
      <group>
        <extension url="http://hl7.org/fhir/Profile/questionnaire-extensions#flyover">
          <valueString value="Party to be reimbursed: Subscriber, provider, other."/>
        </extension>
        <extension url="http://www.healthintersections.com.au/fhir/Profile/metadata#type">
          <valueString value="Coding"/>
        </extension>
        <linkId value="VisionClaim.payee.type"/>
        <repeats value="true"/>
        <question>
          <linkId value="VisionClaim.payee.type.value"/>
          <text value="Party to be paid any benefits payable"/>
          <type value="open-choice"/>
        </question>
      </group>
      <group>
        <extension url="http://hl7.org/fhir/Profile/questionnaire-extensions#flyover">
          <valueString value="The provider who is to be reimbursed for the claim (the party to whom any benefit is assigned)."/>
        </extension>
        <extension url="http://www.healthintersections.com.au/fhir/Profile/metadata#type">
          <valueString value="Reference"/>
        </extension>
        <linkId value="VisionClaim.payee.provider"/>
        <repeats value="true"/>
        <question>
          <extension url="http://www.healthintersections.com.au/fhir/Profile/metadata#reference">
            <valueString value="/Practitioner?subject=$subj&amp;patient=$subj&amp;encounter=$encounter"/>
          </extension>
          <linkId value="VisionClaim.payee.provider.value"/>
          <text value="Provider who is the payee"/>
          <type value="reference"/>
        </question>
      </group>
      <group>
        <extension url="http://hl7.org/fhir/Profile/questionnaire-extensions#flyover">
          <valueString value="The organization who is to be reimbursed for the claim (the party to whom any benefit is assigned)."/>
        </extension>
        <extension url="http://www.healthintersections.com.au/fhir/Profile/metadata#type">
          <valueString value="Reference"/>
        </extension>
        <linkId value="VisionClaim.payee.organization"/>
        <repeats value="true"/>
        <question>
          <extension url="http://www.healthintersections.com.au/fhir/Profile/metadata#reference">
            <valueString value="/Organization?subject=$subj&amp;patient=$subj&amp;encounter=$encounter"/>
          </extension>
          <linkId value="VisionClaim.payee.organization.value"/>
          <text value="Organization who is the payee"/>
          <type value="reference"/>
        </question>
      </group>
      <group>
        <extension url="http://hl7.org/fhir/Profile/questionnaire-extensions#flyover">
          <valueString value="The person other than the subscriber who is to be reimbursed for the claim (the party to whom any benefit is assigned)."/>
        </extension>
        <extension url="http://www.healthintersections.com.au/fhir/Profile/metadata#type">
          <valueString value="Reference"/>
        </extension>
        <linkId value="VisionClaim.payee.person"/>
        <repeats value="true"/>
        <question>
          <extension url="http://www.healthintersections.com.au/fhir/Profile/metadata#reference">
            <valueString value="/Patient?subject=$subj&amp;patient=$subj&amp;encounter=$encounter"/>
          </extension>
          <linkId value="VisionClaim.payee.person.value"/>
          <text value="Other person who is the payee"/>
          <type value="reference"/>
        </question>
      </group>
    </group>
    <group>
      <extension url="http://hl7.org/fhir/Profile/questionnaire-extensions#flyover">
        <valueString value="The referral resource which lists the date, practitioner, reason and other supporting information."/>
      </extension>
      <extension url="http://www.healthintersections.com.au/fhir/Profile/metadata#type">
        <valueString value="Reference"/>
      </extension>
      <linkId value="VisionClaim.referral"/>
      <repeats value="true"/>
      <question>
        <extension url="http://www.healthintersections.com.au/fhir/Profile/metadata#reference">
          <valueString value="/ReferralRequest?subject=$subj&amp;patient=$subj&amp;encounter=$encounter"/>
        </extension>
        <linkId value="VisionClaim.referral.value"/>
        <text value="Treatment Referral"/>
        <type value="reference"/>
      </question>
    </group>
    <group>
      <extension url="http://hl7.org/fhir/Profile/questionnaire-extensions#flyover">
        <valueString value="Ordered list of patient diagnosis for which care is sought."/>
      </extension>
      <linkId value="VisionClaim.diagnosis"/>
      <title value="Diagnosis"/>
      <repeats value="true"/>
      <group>
        <extension url="http://hl7.org/fhir/Profile/questionnaire-extensions#flyover">
          <valueString value="unique id for the element within a resource (for internal references)."/>
        </extension>
        <extension url="http://www.healthintersections.com.au/fhir/Profile/metadata#type">
          <valueString value="string"/>
        </extension>
        <linkId value="VisionClaim.diagnosis.id"/>
        <repeats value="true"/>
        <question>
          <linkId value="VisionClaim.diagnosis.id.value"/>
          <text value="xml:id (or equivalent in JSON)"/>
          <type value="string"/>
        </question>
      </group>
      <group>
        <extension url="http://hl7.org/fhir/Profile/questionnaire-extensions#flyover">
          <valueString value="Sequence of diagnosis."/>
        </extension>
        <extension url="http://www.healthintersections.com.au/fhir/Profile/metadata#type">
          <valueString value="integer"/>
        </extension>
        <linkId value="VisionClaim.diagnosis.sequence"/>
        <required value="true"/>
        <repeats value="true"/>
        <question>
          <linkId value="VisionClaim.diagnosis.sequence.value"/>
          <text value="Sequence of diagnosis"/>
          <type value="integer"/>
        </question>
      </group>
      <group>
        <extension url="http://hl7.org/fhir/Profile/questionnaire-extensions#flyover">
          <valueString value="The diagnosis."/>
        </extension>
        <extension url="http://www.healthintersections.com.au/fhir/Profile/metadata#type">
          <valueString value="Coding"/>
        </extension>
        <linkId value="VisionClaim.diagnosis.diagnosis"/>
        <required value="true"/>
        <repeats value="true"/>
        <question>
          <linkId value="VisionClaim.diagnosis.diagnosis.value"/>
          <text value="Patient&#39;s list of diagnosis"/>
          <type value="open-choice"/>
        </question>
      </group>
    </group>
    <group>
      <extension url="http://hl7.org/fhir/Profile/questionnaire-extensions#flyover">
        <valueString value="List of patient conditions for which care is sought."/>
      </extension>
      <extension url="http://www.healthintersections.com.au/fhir/Profile/metadata#type">
        <valueString value="Coding"/>
      </extension>
      <linkId value="VisionClaim.condition"/>
      <repeats value="true"/>
      <question>
        <linkId value="VisionClaim.condition.value"/>
        <text value="List of presenting Conditions"/>
        <type value="open-choice"/>
      </question>
    </group>
    <group>
      <extension url="http://hl7.org/fhir/Profile/questionnaire-extensions#flyover">
        <valueString value="Patient Resource."/>
      </extension>
      <extension url="http://www.healthintersections.com.au/fhir/Profile/metadata#type">
        <valueString value="Reference"/>
      </extension>
      <linkId value="VisionClaim.patient"/>
      <required value="true"/>
      <repeats value="true"/>
      <question>
        <extension url="http://www.healthintersections.com.au/fhir/Profile/metadata#reference">
          <valueString value="/Patient?subject=$subj&amp;patient=$subj&amp;encounter=$encounter"/>
        </extension>
        <linkId value="VisionClaim.patient.value"/>
        <text value="The subject of the Products and Services"/>
        <type value="reference"/>
      </question>
    </group>
    <group>
      <extension url="http://hl7.org/fhir/Profile/questionnaire-extensions#flyover">
        <valueString value="Financial instrument by which payment information for health care."/>
      </extension>
      <linkId value="VisionClaim.coverage"/>
      <title value="Insurance or medical plan"/>
      <repeats value="true"/>
      <group>
        <extension url="http://hl7.org/fhir/Profile/questionnaire-extensions#flyover">
          <valueString value="unique id for the element within a resource (for internal references)."/>
        </extension>
        <extension url="http://www.healthintersections.com.au/fhir/Profile/metadata#type">
          <valueString value="string"/>
        </extension>
        <linkId value="VisionClaim.coverage.id"/>
        <repeats value="true"/>
        <question>
          <linkId value="VisionClaim.coverage.id.value"/>
          <text value="xml:id (or equivalent in JSON)"/>
          <type value="string"/>
        </question>
      </group>
      <group>
        <extension url="http://hl7.org/fhir/Profile/questionnaire-extensions#flyover">
          <valueString value="A service line item."/>
        </extension>
        <extension url="http://www.healthintersections.com.au/fhir/Profile/metadata#type">
          <valueString value="integer"/>
        </extension>
        <linkId value="VisionClaim.coverage.sequence"/>
        <required value="true"/>
        <repeats value="true"/>
        <question>
          <linkId value="VisionClaim.coverage.sequence.value"/>
          <text value="Service instance identifier"/>
          <type value="integer"/>
        </question>
      </group>
      <group>
        <extension url="http://hl7.org/fhir/Profile/questionnaire-extensions#flyover">
          <valueString value="The instance number of the Coverage which is the focus for adjudication. The Coverage against which the claim is to be adjudicated."/>
        </extension>
        <extension url="http://www.healthintersections.com.au/fhir/Profile/metadata#type">
          <valueString value="boolean"/>
        </extension>
        <linkId value="VisionClaim.coverage.focal"/>
        <required value="true"/>
        <repeats value="true"/>
        <question>
          <linkId value="VisionClaim.coverage.focal.value"/>
          <text value="Is the focal Coverage"/>
          <type value="boolean"/>
        </question>
      </group>
      <group>
        <extension url="http://hl7.org/fhir/Profile/questionnaire-extensions#flyover">
          <valueString value="Reference to the program or plan identification, underwriter or payor."/>
        </extension>
        <extension url="http://www.healthintersections.com.au/fhir/Profile/metadata#type">
          <valueString value="Reference"/>
        </extension>
        <linkId value="VisionClaim.coverage.coverage"/>
        <required value="true"/>
        <repeats value="true"/>
        <question>
          <extension url="http://www.healthintersections.com.au/fhir/Profile/metadata#reference">
            <valueString value="/Coverage?subject=$subj&amp;patient=$subj&amp;encounter=$encounter"/>
          </extension>
          <linkId value="VisionClaim.coverage.coverage.value"/>
          <text value="Insurance information"/>
          <type value="reference"/>
        </question>
      </group>
      <group>
        <extension url="http://hl7.org/fhir/Profile/questionnaire-extensions#flyover">
          <valueString value="The contract number of a business agreement which describes the terms and conditions."/>
        </extension>
        <extension url="http://www.healthintersections.com.au/fhir/Profile/metadata#type">
          <valueString value="string"/>
        </extension>
        <linkId value="VisionClaim.coverage.businessArrangement"/>
        <repeats value="true"/>
        <question>
          <linkId value="VisionClaim.coverage.businessArrangement.value"/>
          <text value="Business agreement"/>
          <type value="string"/>
        </question>
      </group>
      <group>
        <extension url="http://hl7.org/fhir/Profile/questionnaire-extensions#flyover">
          <valueString value="The relationship of the patient to the subscriber."/>
        </extension>
        <extension url="http://www.healthintersections.com.au/fhir/Profile/metadata#type">
          <valueString value="Coding"/>
        </extension>
        <linkId value="VisionClaim.coverage.relationship"/>
        <required value="true"/>
        <repeats value="true"/>
        <question>
          <linkId value="VisionClaim.coverage.relationship.value"/>
          <text value="Patient relationship to subscriber"/>
          <type value="open-choice"/>
        </question>
      </group>
      <group>
        <extension url="http://hl7.org/fhir/Profile/questionnaire-extensions#flyover">
          <valueString value="A list of references from the Insurer to which these services pertain."/>
        </extension>
        <extension url="http://www.healthintersections.com.au/fhir/Profile/metadata#type">
          <valueString value="string"/>
        </extension>
        <linkId value="VisionClaim.coverage.preauthref"/>
        <repeats value="true"/>
        <question>
          <linkId value="VisionClaim.coverage.preauthref.value"/>
          <text value="Pre-Authorization/Determination Reference"/>
          <type value="string"/>
        </question>
      </group>
      <group>
        <extension url="http://hl7.org/fhir/Profile/questionnaire-extensions#flyover">
          <valueString value="The Coverages adjudication details."/>
        </extension>
        <extension url="http://www.healthintersections.com.au/fhir/Profile/metadata#type">
          <valueString value="Reference"/>
        </extension>
        <linkId value="VisionClaim.coverage.claimResponse"/>
        <repeats value="true"/>
        <question>
          <extension url="http://www.healthintersections.com.au/fhir/Profile/metadata#reference">
            <valueString value="/ClaimResponse?subject=$subj&amp;patient=$subj&amp;encounter=$encounter"/>
          </extension>
          <linkId value="VisionClaim.coverage.claimResponse.value"/>
          <text value="Adjudication results"/>
          <type value="reference"/>
        </question>
      </group>
      <group>
        <extension url="http://hl7.org/fhir/Profile/questionnaire-extensions#flyover">
          <valueString value="The style (standard) and version of the original material which was converted into this resource."/>
        </extension>
        <extension url="http://www.healthintersections.com.au/fhir/Profile/metadata#type">
          <valueString value="Coding"/>
        </extension>
        <linkId value="VisionClaim.coverage.originalRuleset"/>
        <repeats value="true"/>
        <question>
          <linkId value="VisionClaim.coverage.originalRuleset.value"/>
          <text value="Original version"/>
          <type value="open-choice"/>
        </question>
      </group>
    </group>
    <group>
      <extension url="http://hl7.org/fhir/Profile/questionnaire-extensions#flyover">
        <valueString value="Factors which may influence the applicability of coverage."/>
      </extension>
      <extension url="http://www.healthintersections.com.au/fhir/Profile/metadata#type">
        <valueString value="Coding"/>
      </extension>
      <linkId value="VisionClaim.exception"/>
      <repeats value="true"/>
      <question>
        <linkId value="VisionClaim.exception.value"/>
        <text value="Eligibility exceptions"/>
        <type value="open-choice"/>
      </question>
    </group>
    <group>
      <extension url="http://hl7.org/fhir/Profile/questionnaire-extensions#flyover">
        <valueString value="Name of school for over-aged dependants."/>
      </extension>
      <extension url="http://www.healthintersections.com.au/fhir/Profile/metadata#type">
        <valueString value="string"/>
      </extension>
      <linkId value="VisionClaim.school"/>
      <repeats value="true"/>
      <question>
        <linkId value="VisionClaim.school.value"/>
        <text value="Name of School"/>
        <type value="string"/>
      </question>
    </group>
    <group>
      <extension url="http://hl7.org/fhir/Profile/questionnaire-extensions#flyover">
        <valueString value="Date of an accident which these services are addressing."/>
      </extension>
      <extension url="http://www.healthintersections.com.au/fhir/Profile/metadata#type">
        <valueString value="datetime"/>
      </extension>
      <linkId value="VisionClaim.accident"/>
      <repeats value="true"/>
      <question>
        <linkId value="VisionClaim.accident.value"/>
        <text value="Accident Date"/>
        <type value="dateTime"/>
      </question>
    </group>
    <group>
      <extension url="http://hl7.org/fhir/Profile/questionnaire-extensions#flyover">
        <valueString value="Type of accident: work, auto, etc."/>
      </extension>
      <extension url="http://www.healthintersections.com.au/fhir/Profile/metadata#type">
        <valueString value="Coding"/>
      </extension>
      <linkId value="VisionClaim.accidentType"/>
      <repeats value="true"/>
      <question>
        <linkId value="VisionClaim.accidentType.value"/>
        <text value="Accident Type"/>
        <type value="open-choice"/>
      </question>
    </group>
    <group>
      <extension url="http://hl7.org/fhir/Profile/questionnaire-extensions#flyover">
        <valueString value="A list of intervention and exception codes which may influence the adjudication of the claim."/>
      </extension>
      <extension url="http://www.healthintersections.com.au/fhir/Profile/metadata#type">
        <valueString value="Coding"/>
      </extension>
      <linkId value="VisionClaim.interventionException"/>
      <repeats value="true"/>
      <question>
        <linkId value="VisionClaim.interventionException.value"/>
        <text value="Intervention and exception code (Pharma)"/>
        <type value="open-choice"/>
      </question>
    </group>
    <group>
      <extension url="http://hl7.org/fhir/Profile/questionnaire-extensions#flyover">
        <valueString value="First tier of goods and services."/>
      </extension>
      <linkId value="VisionClaim.item"/>
      <title value="Goods and Services"/>
      <repeats value="true"/>
      <group>
        <extension url="http://hl7.org/fhir/Profile/questionnaire-extensions#flyover">
          <valueString value="unique id for the element within a resource (for internal references)."/>
        </extension>
        <extension url="http://www.healthintersections.com.au/fhir/Profile/metadata#type">
          <valueString value="string"/>
        </extension>
        <linkId value="VisionClaim.item.id"/>
        <repeats value="true"/>
        <question>
          <linkId value="VisionClaim.item.id.value"/>
          <text value="xml:id (or equivalent in JSON)"/>
          <type value="string"/>
        </question>
      </group>
      <group>
        <extension url="http://hl7.org/fhir/Profile/questionnaire-extensions#flyover">
          <valueString value="A service line number."/>
        </extension>
        <extension url="http://www.healthintersections.com.au/fhir/Profile/metadata#type">
          <valueString value="integer"/>
        </extension>
        <linkId value="VisionClaim.item.sequence"/>
        <required value="true"/>
        <repeats value="true"/>
        <question>
          <linkId value="VisionClaim.item.sequence.value"/>
          <text value="Service instance"/>
          <type value="integer"/>
        </question>
      </group>
      <group>
        <extension url="http://hl7.org/fhir/Profile/questionnaire-extensions#flyover">
          <valueString value="The type of product or service."/>
        </extension>
        <extension url="http://www.healthintersections.com.au/fhir/Profile/metadata#type">
          <valueString value="Coding"/>
        </extension>
        <linkId value="VisionClaim.item.type"/>
        <required value="true"/>
        <repeats value="true"/>
        <question>
          <linkId value="VisionClaim.item.type.value"/>
          <text value="Group or type of product or service"/>
          <type value="open-choice"/>
        </question>
      </group>
      <group>
        <extension url="http://hl7.org/fhir/Profile/questionnaire-extensions#flyover">
          <valueString value="The practitioner who is responsible for the services rendered to the patient."/>
        </extension>
        <extension url="http://www.healthintersections.com.au/fhir/Profile/metadata#type">
          <valueString value="Reference"/>
        </extension>
        <linkId value="VisionClaim.item.provider"/>
        <repeats value="true"/>
        <question>
          <extension url="http://www.healthintersections.com.au/fhir/Profile/metadata#reference">
            <valueString value="/Practitioner?subject=$subj&amp;patient=$subj&amp;encounter=$encounter"/>
          </extension>
          <linkId value="VisionClaim.item.provider.value"/>
          <text value="Responsible practitioner"/>
          <type value="reference"/>
        </question>
      </group>
      <group>
        <extension url="http://hl7.org/fhir/Profile/questionnaire-extensions#flyover">
          <valueString value="Diagnosis applicable for this service or product line."/>
        </extension>
        <extension url="http://www.healthintersections.com.au/fhir/Profile/metadata#type">
          <valueString value="integer"/>
        </extension>
        <linkId value="VisionClaim.item.diagnosisLinkId"/>
        <repeats value="true"/>
        <question>
          <linkId value="VisionClaim.item.diagnosisLinkId.value"/>
          <text value="Diagnosis Link"/>
          <type value="integer"/>
        </question>
      </group>
      <group>
        <extension url="http://hl7.org/fhir/Profile/questionnaire-extensions#flyover">
          <valueString value="If a grouping item then &#39;GROUP&#39; otherwise it is a node therefore a code to indicate the Professional Service or Product supplied."/>
        </extension>
        <extension url="http://www.healthintersections.com.au/fhir/Profile/metadata#type">
          <valueString value="Coding"/>
        </extension>
        <linkId value="VisionClaim.item.service"/>
        <required value="true"/>
        <repeats value="true"/>
        <question>
          <linkId value="VisionClaim.item.service.value"/>
          <text value="Item Code"/>
          <type value="open-choice"/>
        </question>
      </group>
      <group>
        <extension url="http://hl7.org/fhir/Profile/questionnaire-extensions#flyover">
          <valueString value="The date when the enclosed suite of services were performed or completed."/>
        </extension>
        <extension url="http://www.healthintersections.com.au/fhir/Profile/metadata#type">
          <valueString value="datetime"/>
        </extension>
        <linkId value="VisionClaim.item.serviceDate"/>
        <repeats value="true"/>
        <question>
          <linkId value="VisionClaim.item.serviceDate.value"/>
          <text value="Date of Service"/>
          <type value="dateTime"/>
        </question>
      </group>
      <group>
        <extension url="http://hl7.org/fhir/Profile/questionnaire-extensions#flyover">
          <valueString value="The number of repetitions of a service or product."/>
        </extension>
        <extension url="http://www.healthintersections.com.au/fhir/Profile/metadata#type">
          <valueString value="Quantity"/>
        </extension>
        <linkId value="VisionClaim.item.quantity"/>
        <text value="Count of Products or Services"/>
        <repeats value="true"/>
        <question>
          <linkId value="VisionClaim.item.quantity.comparator"/>
          <text value="comp:"/>
          <type value="choice"/>
        </question>
        <question>
          <linkId value="VisionClaim.item.quantity.value"/>
          <text value="value:"/>
          <type value="decimal"/>
        </question>
        <question>
          <linkId value="VisionClaim.item.quantity.units"/>
          <text value="units:"/>
          <type value="string"/>
        </question>
        <question>
          <linkId value="VisionClaim.item.quantity.code"/>
          <text value="coded units:"/>
          <type value="string"/>
        </question>
        <question>
          <linkId value="VisionClaim.item.quantity.system"/>
          <text value="units system:"/>
          <type value="string"/>
        </question>
      </group>
      <group>
        <extension url="http://hl7.org/fhir/Profile/questionnaire-extensions#flyover">
          <valueString value="If the item is a node then this is the fee for the product or service, otherwise this is the total of the fees for the children of the group."/>
        </extension>
        <extension url="http://www.healthintersections.com.au/fhir/Profile/metadata#type">
          <valueString value="Money"/>
        </extension>
        <linkId value="VisionClaim.item.unitPrice"/>
        <text value="Fee, charge or cost per point"/>
        <repeats value="true"/>
        <question>
          <linkId value="VisionClaim.item.unitPrice.value"/>
          <text value="value:"/>
          <type value="decimal"/>
        </question>
        <question>
          <linkId value="VisionClaim.item.unitPrice.currency"/>
          <text value="currency:"/>
          <type value="string"/>
        </question>
      </group>
      <group>
        <extension url="http://hl7.org/fhir/Profile/questionnaire-extensions#flyover">
          <valueString value="A real number that represents a multiplier used in determining the overall value of services delivered and/or goods received. The concept of a Factor allows for a discount or surcharge multiplier to be applied to a monetary amount."/>
        </extension>
        <extension url="http://www.healthintersections.com.au/fhir/Profile/metadata#type">
          <valueString value="decimal"/>
        </extension>
        <linkId value="VisionClaim.item.factor"/>
        <repeats value="true"/>
        <question>
          <linkId value="VisionClaim.item.factor.value"/>
          <text value="Price scaling factor"/>
          <type value="decimal"/>
        </question>
      </group>
      <group>
        <extension url="http://hl7.org/fhir/Profile/questionnaire-extensions#flyover">
          <valueString value="An amount that expresses the weighting (based on difficulty, cost and/or resource intensiveness) associated with the good or service delivered. The concept of Points allows for assignment of point values for services and/or goods, such that a monetary amount can be assigned to each point."/>
        </extension>
        <extension url="http://www.healthintersections.com.au/fhir/Profile/metadata#type">
          <valueString value="decimal"/>
        </extension>
        <linkId value="VisionClaim.item.points"/>
        <repeats value="true"/>
        <question>
          <linkId value="VisionClaim.item.points.value"/>
          <text value="Difficulty scaling factor"/>
          <type value="decimal"/>
        </question>
      </group>
      <group>
        <extension url="http://hl7.org/fhir/Profile/questionnaire-extensions#flyover">
          <valueString value="The quantity times the unit price for an additional service or product or charge. For example, the formula: unit Quantity * unit Price (Cost per Point) * factor Number  * points = net Amount. Quantity, factor and points are assumed to be 1 if not supplied."/>
        </extension>
        <extension url="http://www.healthintersections.com.au/fhir/Profile/metadata#type">
          <valueString value="Money"/>
        </extension>
        <linkId value="VisionClaim.item.net"/>
        <text value="Total item cost"/>
        <repeats value="true"/>
        <question>
          <linkId value="VisionClaim.item.net.value"/>
          <text value="value:"/>
          <type value="decimal"/>
        </question>
        <question>
          <linkId value="VisionClaim.item.net.currency"/>
          <text value="currency:"/>
          <type value="string"/>
        </question>
      </group>
      <group>
        <extension url="http://hl7.org/fhir/Profile/questionnaire-extensions#flyover">
          <valueString value="List of Unique Device Identifiers associated with this line item."/>
        </extension>
        <extension url="http://www.healthintersections.com.au/fhir/Profile/metadata#type">
          <valueString value="Coding"/>
        </extension>
        <linkId value="VisionClaim.item.udi"/>
        <repeats value="true"/>
        <question>
          <linkId value="VisionClaim.item.udi.value"/>
          <text value="Unique Device Identifier"/>
          <type value="open-choice"/>
        </question>
      </group>
      <group>
        <extension url="http://hl7.org/fhir/Profile/questionnaire-extensions#flyover">
          <valueString value="Physical service site on the patient (limb, tooth, etc)."/>
        </extension>
        <extension url="http://www.healthintersections.com.au/fhir/Profile/metadata#type">
          <valueString value="Coding"/>
        </extension>
        <linkId value="VisionClaim.item.bodySite"/>
        <repeats value="true"/>
        <question>
          <linkId value="VisionClaim.item.bodySite.value"/>
          <text value="Service Location"/>
          <type value="open-choice"/>
        </question>
      </group>
      <group>
        <extension url="http://hl7.org/fhir/Profile/questionnaire-extensions#flyover">
          <valueString value="A region or surface of the site, eg. limb region or tooth surface(s)."/>
        </extension>
        <extension url="http://www.healthintersections.com.au/fhir/Profile/metadata#type">
          <valueString value="Coding"/>
        </extension>
        <linkId value="VisionClaim.item.subsite"/>
        <repeats value="true"/>
        <question>
          <linkId value="VisionClaim.item.subsite.value"/>
          <text value="Service Sub-location"/>
          <type value="open-choice"/>
        </question>
      </group>
      <group>
        <extension url="http://hl7.org/fhir/Profile/questionnaire-extensions#flyover">
          <valueString value="Item typification or modifiers codes, eg for Oral whether the treatment is cosmetic or associated with TMJ, or an appliance was lost or stolen."/>
        </extension>
        <extension url="http://www.healthintersections.com.au/fhir/Profile/metadata#type">
          <valueString value="Coding"/>
        </extension>
        <linkId value="VisionClaim.item.modifier"/>
        <repeats value="true"/>
        <question>
          <linkId value="VisionClaim.item.modifier.value"/>
          <text value="Service/Product billing modifiers"/>
          <type value="open-choice"/>
        </question>
      </group>
      <group>
        <extension url="http://hl7.org/fhir/Profile/questionnaire-extensions#flyover">
          <valueString value="Second tier of goods and services."/>
        </extension>
        <linkId value="VisionClaim.item.detail"/>
        <title value="Additional items"/>
        <repeats value="true"/>
        <group>
          <extension url="http://hl7.org/fhir/Profile/questionnaire-extensions#flyover">
            <valueString value="unique id for the element within a resource (for internal references)."/>
          </extension>
          <extension url="http://www.healthintersections.com.au/fhir/Profile/metadata#type">
            <valueString value="string"/>
          </extension>
          <linkId value="VisionClaim.item.detail.id"/>
          <repeats value="true"/>
          <question>
            <linkId value="VisionClaim.item.detail.id.value"/>
            <text value="xml:id (or equivalent in JSON)"/>
            <type value="string"/>
          </question>
        </group>
        <group>
          <extension url="http://hl7.org/fhir/Profile/questionnaire-extensions#flyover">
            <valueString value="A service line number."/>
          </extension>
          <extension url="http://www.healthintersections.com.au/fhir/Profile/metadata#type">
            <valueString value="integer"/>
          </extension>
          <linkId value="VisionClaim.item.detail.sequence"/>
          <required value="true"/>
          <repeats value="true"/>
          <question>
            <linkId value="VisionClaim.item.detail.sequence.value"/>
            <text value="Service instance"/>
            <type value="integer"/>
          </question>
        </group>
        <group>
          <extension url="http://hl7.org/fhir/Profile/questionnaire-extensions#flyover">
            <valueString value="The type of product or service."/>
          </extension>
          <extension url="http://www.healthintersections.com.au/fhir/Profile/metadata#type">
            <valueString value="Coding"/>
          </extension>
          <linkId value="VisionClaim.item.detail.type"/>
          <required value="true"/>
          <repeats value="true"/>
          <question>
            <linkId value="VisionClaim.item.detail.type.value"/>
            <text value="Group or type of product or service"/>
            <type value="open-choice"/>
          </question>
        </group>
        <group>
          <extension url="http://hl7.org/fhir/Profile/questionnaire-extensions#flyover">
            <valueString value="If a grouping item then &#39;GROUP&#39; otherwise it is a node therefore a code to indicate the Professional Service or Product supplied."/>
          </extension>
          <extension url="http://www.healthintersections.com.au/fhir/Profile/metadata#type">
            <valueString value="Coding"/>
          </extension>
          <linkId value="VisionClaim.item.detail.service"/>
          <required value="true"/>
          <repeats value="true"/>
          <question>
            <linkId value="VisionClaim.item.detail.service.value"/>
            <text value="Additional item codes"/>
            <type value="open-choice"/>
          </question>
        </group>
        <group>
          <extension url="http://hl7.org/fhir/Profile/questionnaire-extensions#flyover">
            <valueString value="The number of repetitions of a service or product."/>
          </extension>
          <extension url="http://www.healthintersections.com.au/fhir/Profile/metadata#type">
            <valueString value="Quantity"/>
          </extension>
          <linkId value="VisionClaim.item.detail.quantity"/>
          <text value="Count of Products or Services"/>
          <repeats value="true"/>
          <question>
            <linkId value="VisionClaim.item.detail.quantity.comparator"/>
            <text value="comp:"/>
            <type value="choice"/>
          </question>
          <question>
            <linkId value="VisionClaim.item.detail.quantity.value"/>
            <text value="value:"/>
            <type value="decimal"/>
          </question>
          <question>
            <linkId value="VisionClaim.item.detail.quantity.units"/>
            <text value="units:"/>
            <type value="string"/>
          </question>
          <question>
            <linkId value="VisionClaim.item.detail.quantity.code"/>
            <text value="coded units:"/>
            <type value="string"/>
          </question>
          <question>
            <linkId value="VisionClaim.item.detail.quantity.system"/>
            <text value="units system:"/>
            <type value="string"/>
          </question>
        </group>
        <group>
          <extension url="http://hl7.org/fhir/Profile/questionnaire-extensions#flyover">
            <valueString value="If the item is a node then this is the fee for the product or service, otherwise this is the total of the fees for the children of the group."/>
          </extension>
          <extension url="http://www.healthintersections.com.au/fhir/Profile/metadata#type">
            <valueString value="Money"/>
          </extension>
          <linkId value="VisionClaim.item.detail.unitPrice"/>
          <text value="Fee, charge or cost per point"/>
          <repeats value="true"/>
          <question>
            <linkId value="VisionClaim.item.detail.unitPrice.value"/>
            <text value="value:"/>
            <type value="decimal"/>
          </question>
          <question>
            <linkId value="VisionClaim.item.detail.unitPrice.currency"/>
            <text value="currency:"/>
            <type value="string"/>
          </question>
        </group>
        <group>
          <extension url="http://hl7.org/fhir/Profile/questionnaire-extensions#flyover">
            <valueString value="A real number that represents a multiplier used in determining the overall value of services delivered and/or goods received. The concept of a Factor allows for a discount or surcharge multiplier to be applied to a monetary amount."/>
          </extension>
          <extension url="http://www.healthintersections.com.au/fhir/Profile/metadata#type">
            <valueString value="decimal"/>
          </extension>
          <linkId value="VisionClaim.item.detail.factor"/>
          <repeats value="true"/>
          <question>
            <linkId value="VisionClaim.item.detail.factor.value"/>
            <text value="Price scaling factor"/>
            <type value="decimal"/>
          </question>
        </group>
        <group>
          <extension url="http://hl7.org/fhir/Profile/questionnaire-extensions#flyover">
            <valueString value="An amount that expresses the weighting (based on difficulty, cost and/or resource intensiveness) associated with the good or service delivered. The concept of Points allows for assignment of point values for services and/or goods, such that a monetary amount can be assigned to each point."/>
          </extension>
          <extension url="http://www.healthintersections.com.au/fhir/Profile/metadata#type">
            <valueString value="decimal"/>
          </extension>
          <linkId value="VisionClaim.item.detail.points"/>
          <repeats value="true"/>
          <question>
            <linkId value="VisionClaim.item.detail.points.value"/>
            <text value="Difficulty scaling factor"/>
            <type value="decimal"/>
          </question>
        </group>
        <group>
          <extension url="http://hl7.org/fhir/Profile/questionnaire-extensions#flyover">
            <valueString value="The quantity times the unit price for an additional service or product or charge. For example, the formula: unit Quantity * unit Price (Cost per Point) * factor Number  * points = net Amount. Quantity, factor and points are assumed to be 1 if not supplied."/>
          </extension>
          <extension url="http://www.healthintersections.com.au/fhir/Profile/metadata#type">
            <valueString value="Money"/>
          </extension>
          <linkId value="VisionClaim.item.detail.net"/>
          <text value="Total additional item cost"/>
          <repeats value="true"/>
          <question>
            <linkId value="VisionClaim.item.detail.net.value"/>
            <text value="value:"/>
            <type value="decimal"/>
          </question>
          <question>
            <linkId value="VisionClaim.item.detail.net.currency"/>
            <text value="currency:"/>
            <type value="string"/>
          </question>
        </group>
        <group>
          <extension url="http://hl7.org/fhir/Profile/questionnaire-extensions#flyover">
            <valueString value="List of Unique Device Identifiers associated with this line item."/>
          </extension>
          <extension url="http://www.healthintersections.com.au/fhir/Profile/metadata#type">
            <valueString value="Coding"/>
          </extension>
          <linkId value="VisionClaim.item.detail.udi"/>
          <repeats value="true"/>
          <question>
            <linkId value="VisionClaim.item.detail.udi.value"/>
            <text value="Unique Device Identifier"/>
            <type value="open-choice"/>
          </question>
        </group>
        <group>
          <extension url="http://hl7.org/fhir/Profile/questionnaire-extensions#flyover">
            <valueString value="Third tier of goods and services."/>
          </extension>
          <linkId value="VisionClaim.item.detail.subDetail"/>
          <title value="Additional items"/>
          <repeats value="true"/>
          <group>
            <extension url="http://hl7.org/fhir/Profile/questionnaire-extensions#flyover">
              <valueString value="unique id for the element within a resource (for internal references)."/>
            </extension>
            <extension url="http://www.healthintersections.com.au/fhir/Profile/metadata#type">
              <valueString value="string"/>
            </extension>
            <linkId value="VisionClaim.item.detail.subDetail.id"/>
            <repeats value="true"/>
            <question>
              <linkId value="VisionClaim.item.detail.subDetail.id.value"/>
              <text value="xml:id (or equivalent in JSON)"/>
              <type value="string"/>
            </question>
          </group>
          <group>
            <extension url="http://hl7.org/fhir/Profile/questionnaire-extensions#flyover">
              <valueString value="A service line number."/>
            </extension>
            <extension url="http://www.healthintersections.com.au/fhir/Profile/metadata#type">
              <valueString value="integer"/>
            </extension>
            <linkId value="VisionClaim.item.detail.subDetail.sequence"/>
            <required value="true"/>
            <repeats value="true"/>
            <question>
              <linkId value="VisionClaim.item.detail.subDetail.sequence.value"/>
              <text value="Service instance"/>
              <type value="integer"/>
            </question>
          </group>
          <group>
            <extension url="http://hl7.org/fhir/Profile/questionnaire-extensions#flyover">
              <valueString value="The type of product or service."/>
            </extension>
            <extension url="http://www.healthintersections.com.au/fhir/Profile/metadata#type">
              <valueString value="Coding"/>
            </extension>
            <linkId value="VisionClaim.item.detail.subDetail.type"/>
            <required value="true"/>
            <repeats value="true"/>
            <question>
              <linkId value="VisionClaim.item.detail.subDetail.type.value"/>
              <text value="Type of product or service"/>
              <type value="open-choice"/>
            </question>
          </group>
          <group>
            <extension url="http://hl7.org/fhir/Profile/questionnaire-extensions#flyover">
              <valueString value="The fee for an additional service or product or charge."/>
            </extension>
            <extension url="http://www.healthintersections.com.au/fhir/Profile/metadata#type">
              <valueString value="Coding"/>
            </extension>
            <linkId value="VisionClaim.item.detail.subDetail.service"/>
            <required value="true"/>
            <repeats value="true"/>
            <question>
              <linkId value="VisionClaim.item.detail.subDetail.service.value"/>
              <text value="Additional item codes"/>
              <type value="open-choice"/>
            </question>
          </group>
          <group>
            <extension url="http://hl7.org/fhir/Profile/questionnaire-extensions#flyover">
              <valueString value="The number of repetitions of a service or product."/>
            </extension>
            <extension url="http://www.healthintersections.com.au/fhir/Profile/metadata#type">
              <valueString value="Quantity"/>
            </extension>
            <linkId value="VisionClaim.item.detail.subDetail.quantity"/>
            <text value="Count of Products or Services"/>
            <repeats value="true"/>
            <question>
              <linkId value="VisionClaim.item.detail.subDetail.quantity.comparator"/>
              <text value="comp:"/>
              <type value="choice"/>
            </question>
            <question>
              <linkId value="VisionClaim.item.detail.subDetail.quantity.value"/>
              <text value="value:"/>
              <type value="decimal"/>
            </question>
            <question>
              <linkId value="VisionClaim.item.detail.subDetail.quantity.units"/>
              <text value="units:"/>
              <type value="string"/>
            </question>
            <question>
              <linkId value="VisionClaim.item.detail.subDetail.quantity.code"/>
              <text value="coded units:"/>
              <type value="string"/>
            </question>
            <question>
              <linkId value="VisionClaim.item.detail.subDetail.quantity.system"/>
              <text value="units system:"/>
              <type value="string"/>
            </question>
          </group>
          <group>
            <extension url="http://hl7.org/fhir/Profile/questionnaire-extensions#flyover">
              <valueString value="The fee for an additional service or product or charge."/>
            </extension>
            <extension url="http://www.healthintersections.com.au/fhir/Profile/metadata#type">
              <valueString value="Money"/>
            </extension>
            <linkId value="VisionClaim.item.detail.subDetail.unitPrice"/>
            <text value="Fee, charge or cost per point"/>
            <repeats value="true"/>
            <question>
              <linkId value="VisionClaim.item.detail.subDetail.unitPrice.value"/>
              <text value="value:"/>
              <type value="decimal"/>
            </question>
            <question>
              <linkId value="VisionClaim.item.detail.subDetail.unitPrice.currency"/>
              <text value="currency:"/>
              <type value="string"/>
            </question>
          </group>
          <group>
            <extension url="http://hl7.org/fhir/Profile/questionnaire-extensions#flyover">
              <valueString value="A real number that represents a multiplier used in determining the overall value of services delivered and/or goods received. The concept of a Factor allows for a discount or surcharge multiplier to be applied to a monetary amount."/>
            </extension>
            <extension url="http://www.healthintersections.com.au/fhir/Profile/metadata#type">
              <valueString value="decimal"/>
            </extension>
            <linkId value="VisionClaim.item.detail.subDetail.factor"/>
            <repeats value="true"/>
            <question>
              <linkId value="VisionClaim.item.detail.subDetail.factor.value"/>
              <text value="Price scaling factor"/>
              <type value="decimal"/>
            </question>
          </group>
          <group>
            <extension url="http://hl7.org/fhir/Profile/questionnaire-extensions#flyover">
              <valueString value="An amount that expresses the weighting (based on difficulty, cost and/or resource intensiveness) associated with the good or service delivered. The concept of Points allows for assignment of point values for services and/or goods, such that a monetary amount can be assigned to each point."/>
            </extension>
            <extension url="http://www.healthintersections.com.au/fhir/Profile/metadata#type">
              <valueString value="decimal"/>
            </extension>
            <linkId value="VisionClaim.item.detail.subDetail.points"/>
            <repeats value="true"/>
            <question>
              <linkId value="VisionClaim.item.detail.subDetail.points.value"/>
              <text value="Difficulty scaling factor"/>
              <type value="decimal"/>
            </question>
          </group>
          <group>
            <extension url="http://hl7.org/fhir/Profile/questionnaire-extensions#flyover">
              <valueString value="The quantity times the unit price for an additional service or product or charge. For example, the formula: unit Quantity * unit Price (Cost per Point) * factor Number  * points = net Amount. Quantity, factor and points are assumed to be 1 if not supplied."/>
            </extension>
            <extension url="http://www.healthintersections.com.au/fhir/Profile/metadata#type">
              <valueString value="Money"/>
            </extension>
            <linkId value="VisionClaim.item.detail.subDetail.net"/>
            <text value="Net additional item cost"/>
            <repeats value="true"/>
            <question>
              <linkId value="VisionClaim.item.detail.subDetail.net.value"/>
              <text value="value:"/>
              <type value="decimal"/>
            </question>
            <question>
              <linkId value="VisionClaim.item.detail.subDetail.net.currency"/>
              <text value="currency:"/>
              <type value="string"/>
            </question>
          </group>
          <group>
            <extension url="http://hl7.org/fhir/Profile/questionnaire-extensions#flyover">
              <valueString value="List of Unique Device Identifiers associated with this line item."/>
            </extension>
            <extension url="http://www.healthintersections.com.au/fhir/Profile/metadata#type">
              <valueString value="Coding"/>
            </extension>
            <linkId value="VisionClaim.item.detail.subDetail.udi"/>
            <repeats value="true"/>
            <question>
              <linkId value="VisionClaim.item.detail.subDetail.udi.value"/>
              <text value="Unique Device Identifier"/>
              <type value="open-choice"/>
            </question>
          </group>
        </group>
      </group>
    </group>
    <group>
      <extension url="http://hl7.org/fhir/Profile/questionnaire-extensions#flyover">
        <valueString value="Code to indicate that Xrays, images, emails, documents, models or attachments are being sent in support of this submission."/>
      </extension>
      <extension url="http://www.healthintersections.com.au/fhir/Profile/metadata#type">
        <valueString value="Coding"/>
      </extension>
      <linkId value="VisionClaim.additionalMaterials"/>
      <repeats value="true"/>
      <question>
        <linkId value="VisionClaim.additionalMaterials.value"/>
        <text value="Additional materials, documents, etc."/>
        <type value="open-choice"/>
      </question>
    </group>
  </group>
</Questionnaire>