{
  "resourceType": "VisionClaim",
  "id": "660150",
  "text": {
    "status": "generated",
    "div": "<div>A human-readable rendering of the Vision Claim</div>"
  },
  "identifier": [
    {
      "system": "http://happysight.com/claims",
      "value": "6612345"
    }
  ],
  "created": "2014-08-16",
  "target": {
    "reference": "Organization/2"
  },
  "organization": {
    "reference": "Organization/1"
  },
  "use": "complete",
  "priority": {
    "code": "normal"
  },
  "payee": {
    "type": {
      "code": "provider"
    }
  },
  "diagnosis": [
    {
      "sequence": 1,
      "diagnosis": {
        "code": "654321"
      }
    }
  ],
  "patient": {
    "reference": "Patient/1"
  },
  "coverage": [
    {
      "sequence": 1,
      "focal": true,
      "coverage": {
        "reference": "Coverage/9876B1"
      },
      "relationship": {
        "code": "self"
      }
    }
  ],
  "item": [
    {
      "sequence": 1,
      "type": {
        "code": "service"
      },
      "provider": {
        "reference": "Practitioner/1"
      },
      "service": {
        "system": "http://hl7.org/fhir/ex-visionservice",
        "code": "exam"
      },
      "serviceDate": "2014-08-16",
      "unitPrice": {
        "value": 80.00,
        "system": "urn:std:iso:4217",
        "code": "USD"
      },
      "net": {
        "value": 80.00,
        "system": "urn:std:iso:4217",
        "code": "USD"
      }
    }
  ]
}