{"dateWritten":"2014-06-15","dispense":[{"add":2.00,"base":"down","eye":"right","prism":0.5,"product":{"code":"lens","system":"http://hl7.org/fhir/ex-visionprescriptionproduct"},"sphere":-2.00},{"add":2.00,"axis":180,"base":"up","cylinder":-0.50,"eye":"left","prism":0.5,"product":{"code":"lens","system":"http://hl7.org/fhir/ex-visionprescriptionproduct"},"sphere":-1.00}],"id":"33123","identifier":[{"system":"http://www.happysight.com/prescription","value":"15013"}],"patient":{"reference":"Patient/example"},"prescriber":{"reference":"Practitioner/example"},"resourceType":"VisionPrescription","text":{"div":"<div>\n\t  \n      <p>OD -2.00 SPH         +2.00 add    0.5 p.d. BD</p>\n      \n      <p>OS -1.00 -0.50 x 180 +2.00 add    0.5 p.d. BU</p>\n    \n    </div>","status":"generated"}}